year,round,event,laps,wet,sc,vsc,red,dnfs,sessions,flags
2024,1,Bahrain Grand Prix,57,False,0,0,0,0,FP2 Q R,
2024,2,Saudi Arabian Grand Prix,50,False,1,0,0,2,FP2 Q R,
2024,3,Australian Grand Prix,58,False,0,2,0,2,FP2 Q R,
2024,4,Japanese Grand Prix,53,False,0,0,1,3,FP2 Q R,FP feature missing 100%
2024,5,Chinese Grand Prix,56,False,2,1,0,3,FP1 Q R S SQ,
2024,6,Miami Grand Prix,57,False,1,1,0,1,FP1 Q R S SQ,
2024,7,Emilia Romagna Grand Prix,63,False,0,0,0,1,FP2 Q R,
2024,8,Monaco Grand Prix,78,False,0,0,1,4,FP2 Q R,
2024,9,Canadian Grand Prix,70,1.0,2,0,0,5,FP2 Q R,pace regression rejected (wet)
2024,10,Spanish Grand Prix,66,False,0,0,0,0,FP2 Q R,
2024,11,Austrian Grand Prix,71,False,0,1,0,0,FP1 Q R S SQ,
2024,12,British Grand Prix,52,1.0,0,0,0,2,FP2 Q R,
2024,13,Hungarian Grand Prix,70,False,0,0,0,1,FP2 Q R,deg SOFT -0.022
2024,14,Belgian Grand Prix,44,False,0,0,0,1,FP2 Q R,quali feature missing 100%
2024,15,Dutch Grand Prix,72,False,0,0,0,0,FP2 Q R,
2024,16,Italian Grand Prix,53,False,0,0,0,1,FP2 Q R,
2024,17,Azerbaijan Grand Prix,51,False,0,1,0,1,FP2 Q R,
2024,18,Singapore Grand Prix,62,False,0,0,0,1,FP2 Q R,
2024,19,United States Grand Prix,56,False,1,0,0,1,FP1 Q R S SQ,
2024,20,Mexico City Grand Prix,71,False,1,0,0,3,FP2 Q R,FP feature missing 100%
2024,21,São Paulo Grand Prix,69,1.0,2,1,1,5,FP1 Q R S SQ,deg INTERMEDIATE -0.037; pit loss unmeasured (0 samples); quali feature missing 100%
2024,22,Las Vegas Grand Prix,50,False,0,0,0,2,FP2 Q R,
2024,23,Qatar Grand Prix,57,False,3,1,0,5,FP1 Q R S SQ,
2024,24,Abu Dhabi Grand Prix,58,False,0,1,0,3,FP2 Q R,
2025,1,Australian Grand Prix,57,1.0,3,0,0,6,FP1 FP2 FP3 Q R,pace regression rejected (wet); pit loss unmeasured (0 samples)
2025,2,Chinese Grand Prix,56,False,0,0,0,4,FP1 Q R S SQ,
2025,3,Japanese Grand Prix,53,False,0,0,0,0,FP1 FP2 FP3 Q R,
2025,4,Bahrain Grand Prix,57,False,1,0,0,2,FP2 Q R,
2025,5,Saudi Arabian Grand Prix,50,False,1,0,0,2,FP2 Q R,
2025,6,Miami Grand Prix,57,False,0,3,0,4,FP1 Q R S SQ,pit loss unmeasured (2 samples)
2025,7,Emilia Romagna Grand Prix,63,False,1,1,0,2,FP2 Q R,
2025,8,Monaco Grand Prix,78,False,0,1,0,2,FP2 Q R,
2025,9,Spanish Grand Prix,66,False,1,0,0,2,FP2 Q R,
2025,10,Canadian Grand Prix,70,False,1,0,0,2,FP2 Q R,
2025,11,Austrian Grand Prix,70,False,1,0,0,4,FP2 Q R,
2025,12,British Grand Prix,52,1.0,2,2,0,5,FP2 Q R,pace regression rejected (wet)
2025,13,Belgian Grand Prix,44,1.0,0,0,1,0,FP1 Q R S SQ,
2025,14,Hungarian Grand Prix,70,False,0,0,0,1,FP2 Q R,
2025,15,Dutch Grand Prix,72,False,3,1,0,2,FP2 Q R,
2025,16,Italian Grand Prix,53,False,0,0,0,2,FP2 Q R,
2025,17,Azerbaijan Grand Prix,51,False,1,0,0,1,FP2 Q R,
2025,18,Singapore Grand Prix,62,False,0,0,0,0,FP2 Q R,
2025,19,United States Grand Prix,56,False,0,1,0,1,FP1 Q R S SQ,
2025,20,Mexico City Grand Prix,71,False,0,1,0,3,FP2 Q R,
2025,21,São Paulo Grand Prix,71,False,1,1,0,3,FP1 Q R S SQ,
2025,22,Las Vegas Grand Prix,50,False,0,2,0,5,FP2 Q R,quali feature missing 100%
2025,23,Qatar Grand Prix,57,False,1,0,0,2,FP1 Q R S SQ,
2025,24,Abu Dhabi Grand Prix,58,False,0,0,0,0,FP2 Q R,
2026,1,Australian Grand Prix,58,False,0,0,0,6,FP1 FP2 FP3 Q R,
2026,2,Chinese Grand Prix,56,False,1,0,0,7,FP1 Q R S SQ,pit loss unmeasured (4 samples)
2026,3,Japanese Grand Prix,53,False,1,0,0,2,FP1 FP2 FP3 Q R,
2026,4,Miami Grand Prix,57,False,1,0,0,4,FP1 Q R S SQ,
2026,5,Canadian Grand Prix,68,False,0,0,0,6,FP1 Q R S SQ,
2026,6,Monaco Grand Prix,78,False,2,0,1,6,FP1 FP2 FP3 Q R,
2026,7,Barcelona Grand Prix,66,False,0,0,0,5,FP1 FP2 FP3 Q R,
2026,8,Austrian Grand Prix,71,False,0,0,0,4,FP1 FP2 FP3 Q R,
2026,9,British Grand Prix,52,False,2,0,0,2,FP1 Q R S SQ,
2026,10,Belgian Grand Prix,44,False,1,0,0,3,FP1 FP2 FP3 Q R,
2026,11,Hungarian Grand Prix,70,False,0,0,0,3,FP1 FP2 FP3 Q R,
2026,12,Dutch Grand Prix,72,True,0,0,1,5,FP1 Q R S SQ,
2026,13,Italian Grand Prix,53,False,1,0,1,3,FP1 FP2 FP3 Q R,pit loss unmeasured (2 samples)
2026,14,Spanish Grand Prix,57,False,0,0,0,4,FP1 FP2 FP3 Q R,
2026,15,Azerbaijan Grand Prix,51,False,2,0,0,6,FP1 FP2 FP3 Q R,pit loss unmeasured (2 samples)
