year,round,event,n,model_log_loss,model_rps,model_brier_win,model_brier_podium,model_brier_points,model_spearman,model_mae_pos,model_p_winner,model_top3_hit,model_top10_hit,model_winner_correct,grid_log_loss,grid_rps,grid_brier_win,grid_brier_podium,grid_brier_points,grid_spearman,grid_mae_pos,grid_p_winner,grid_top3_hit,grid_top10_hit,grid_winner_correct,pace_log_loss,pace_rps,pace_brier_win,pace_brier_podium,pace_brier_points,pace_spearman,pace_mae_pos,pace_p_winner,pace_top3_hit,pace_top10_hit,pace_winner_correct,strat_stops_acc,strat_stops_ll,strat_seq_acc,strat_first_stop_mae,strat_first_stop_iqr_cover,mode
2026,3,Suzuka,22,2.241338298254096,0.07261791624208251,0.01376901339241113,0.05823330639658371,0.10886111099871303,0.9277244494635801,2.37408925000558,0.5403764737588399,0.6666666666666666,0.8,True,2.5443598948513086,0.0885681051910772,0.012958312758529923,0.05997185778972866,0.15603956859168466,0.8701298701298703,3.203605097158251,0.5183373216606246,0.6666666666666666,0.7,True,2.5774809783030737,0.07405765636731611,0.024141565165659004,0.06368268610721661,0.09748155914802968,0.8859401468097121,2.1419881310670266,0.3521830352682585,0.6666666666666666,0.8,True,0.9,0.6491402475821311,0.85,1.85,1.0,post_quali
2026,4,Miami,22,2.446654594301828,0.10768115621988944,0.013350805855819586,0.07970173807369442,0.13087579263967422,0.6792772444946359,3.386476715729569,0.5087850666515047,0.3333333333333333,0.8,True,2.6038849681029586,0.09843274110551409,0.012404889395545722,0.0977944246646803,0.11346732941349848,0.7651044607566347,3.2912764865349318,0.5297933471432538,0.6666666666666666,0.8,True,3.5296126262162564,0.13707936709713536,0.03390013879762665,0.07244747311489526,0.12753038853383136,0.6216826651609261,3.7726924079524236,0.20860397721594884,0.3333333333333333,0.7,True,0.8888888888888888,0.6147466648779746,0.8333333333333334,9.166666666666666,0.16666666666666666,post_quali
2026,5,Montréal,22,2.9164436054647593,0.15540343839768764,0.029586065237495372,0.104713330912671,0.246524568822633,0.4251835121400339,4.686059649095535,0.3313195813666534,0.3333333333333333,0.6,False,3.4089841607252436,0.17583074023079479,0.043364564390846655,0.11914434296539853,0.2690689371488587,0.4195369847543761,5.223604911842774,0.19366639253465381,0.3333333333333333,0.6,False,4.334468014660889,0.18844859084832555,0.02780835330310143,0.09192799138234461,0.29316609563813184,0.4251835121400339,4.883723210521879,0.28921078921078924,0.3333333333333333,0.6,True,0.5,1.0588886393994412,0.125,12.0,0.625,post_quali
2026,6,Monaco,22,2.9710387561970237,0.16917305737444346,0.012457866096068838,0.08092227896415838,0.2817643094662649,0.36420101637492946,5.205304281541567,0.5269713873974465,0.6666666666666666,0.6,True,3.1619897547901292,0.17419493704385,0.012504986692187853,0.07493147432604969,0.26597489139681046,0.3630717108977979,5.144094684165358,0.5312055489450336,0.3333333333333333,0.5,True,4.42839117545253,0.21987673314690834,0.021712346688617826,0.09398737200478857,0.37130792927359396,0.25804630152456237,5.6951736810011795,0.36388611388611397,0.3333333333333333,0.5,True,0.5,1.4761257804142387,0.0,18.5,0.25,post_quali
2026,7,Barcelona,22,2.5985436114142275,0.10614338097550213,0.04981447588711823,0.054190029920614086,0.14654555980996473,0.7131564088085828,3.726399469876215,0.11445854861469737,0.6666666666666666,0.7,False,2.780526651827675,0.11115196728123576,0.043294922074609325,0.04013363852261857,0.16071874611471487,0.7007340485601357,3.763406469999232,0.1965275657015489,1.0,0.7,False,3.1092849022833353,0.12010651155374785,0.045785054752202875,0.07456344111665299,0.18342245229318122,0.7086391869000566,3.4385678567142097,0.08618966723293693,0.6666666666666666,0.8,False,0.5882352941176471,1.013685268671391,0.0,3.7058823529411766,0.47058823529411764,post_quali
2026,8,Spielberg,22,2.363478844089463,0.07205686110486251,0.016549638206718106,0.05733212546558452,0.05860447407286344,0.9412761151891589,2.3760167296236214,0.463759610197681,0.6666666666666666,1.0,True,2.6357343676965552,0.08495857379204962,0.01237979382120043,0.08124511780257127,0.06365175821314359,0.9209486166007905,2.7105563233423697,0.5355889593629223,0.6666666666666666,1.0,True,2.281788542327093,0.05838675355712512,0.031540619471289694,0.05143755496522911,0.050299031283374325,0.9277244494635801,1.8052065069579621,0.2544955044955045,0.6666666666666666,0.9,False,0.8333333333333334,0.8202558662714485,0.2222222222222222,2.5555555555555554,0.6666666666666666,post_quali
2026,9,Silverstone,22,2.662773613816148,0.1274168823896458,0.04922305150534825,0.0627785128460563,0.19343280034208324,0.585544889892716,4.02684099564572,0.15027076057397235,0.6666666666666666,0.7,False,2.7034178177465673,0.13585042632450783,0.042405633553510166,0.06153779005347721,0.20239762607766645,0.5607001693958217,4.191017666598743,0.20895180507277222,0.6666666666666666,0.7,False,3.9894017135228435,0.16270279172516663,0.04647177074066762,0.07679710258145699,0.24664325753549285,0.6194240542066629,4.416315784994194,0.1061650679456435,0.6666666666666666,0.7,False,0.75,1.1035147899308098,0.15,9.2,0.5,post_quali
2026,10,Spa-Francorchamps,22,2.046313157624919,0.07764133530882936,0.01093527470499392,0.04560082279139863,0.10891239467764012,0.7346132128740825,2.4490742407996615,0.5567425597548878,0.6666666666666666,0.8,True,2.7056936076830307,0.11016780317846654,0.012469628677396184,0.03776398675588942,0.16246760502618396,0.6578204404291361,3.231976073868364,0.5368594883067074,1.0,0.7,True,2.414400301301965,0.08041297511233242,0.020620456188302817,0.0575376968461754,0.11298194689078923,0.7809147374364765,2.1269861756812656,0.37783438217960247,0.6666666666666666,0.8,True,0.21052631578947367,1.0358546446940593,0.0,7.368421052631579,0.2631578947368421,post_quali
2026,11,Budapest,22,2.494437466842871,0.09668260123407184,0.02977907628008442,0.07441272668849079,0.08125355108014252,0.7944664031620555,3.1120662488896382,0.2729480721998381,0.6666666666666666,0.9,True,2.3758240974017224,0.09746831889592106,0.01200210885461439,0.09174865110382092,0.10457352341719756,0.7300959909655563,3.381882777295757,0.5458724697908237,0.6666666666666666,0.9,True,3.067348829243473,0.10431779842036092,0.04399715822157995,0.07467642090024533,0.0972478873505775,0.7820440429136083,2.7336583387285676,0.10641486810551559,0.3333333333333333,0.9,False,0.631578947368421,1.080111856906137,0.0,4.578947368421052,0.6842105263157895,post_quali
2026,12,Zandvoort,22,2.4966086120298514,0.10556792214195211,0.032086076194229256,0.03668186521859131,0.1645218651963008,0.72557876905703,3.2194103246131407,0.26110111471212605,0.6666666666666666,0.8,False,2.522529213246853,0.10879385247981942,0.011637339471674503,0.031896243839274675,0.15728741240087787,0.7063805759457934,3.5158325186468304,0.5533987537089898,0.6666666666666666,0.7,True,3.0188198962473796,0.11673856305014532,0.04289350827231952,0.053136776990466456,0.17051265514522096,0.7289666854884248,3.054428032233064,0.12513737636127484,0.6666666666666666,0.7,False,0.23529411764705882,1.7364897931502892,0.058823529411764705,14.176470588235293,0.23529411764705882,post_quali
2026,13,Monza,22,2.2546893618049095,0.08585335243230362,0.04393499408669299,0.07472652831373561,0.11672364727508527,0.7492941840767929,2.7236755753001716,0.09612938875879924,0.3333333333333333,0.9,False,2.9472477726073154,0.1310774094192066,0.06194312840246878,0.1179491808012946,0.14534105899389138,0.5652173913043479,3.8328423060111008,0.003091087285413087,0.3333333333333333,0.8,False,2.427150353843303,0.08866174241294239,0.03405161090699061,0.07034829242532913,0.14871931934561386,0.7210615471485038,2.359819426864272,0.19959032773780977,0.3333333333333333,0.8,True,0.5263157894736842,0.8147359764254467,0.3157894736842105,13.736842105263158,0.0,post_quali
2026,14,Madrid,22,2.2240714069061998,0.08206583011335525,0.019281315577624344,0.046810215589349606,0.08292968647407492,0.7526821005081875,2.487041568423894,0.4244581650890149,0.6666666666666666,0.9,True,2.5038696415882757,0.09875775170637993,0.04269698913934683,0.03187544097687712,0.10964034649053235,0.7368718238283457,3.237702978828984,0.20993696400528677,0.6666666666666666,0.9,False,2.604437875546405,0.09562794264596491,0.02428734250252983,0.06769476943870802,0.10420841296496365,0.7910784867306607,2.6423503330874993,0.3248926181200679,0.6666666666666666,0.9,True,0.2222222222222222,0.9525605011053252,0.0,12.5,0.5555555555555556,post_quali
2026,15,Baku,22,3.015214392198459,0.13707243025661855,0.006920619235912464,0.09996651969160535,0.2466796340838549,0.6149068322981367,4.177865261514972,0.6668506768332019,0.3333333333333333,0.6,True,3.1049558091437905,0.1499056176721309,0.012044622157945916,0.0992020303457072,0.23397296981098242,0.48164878599661215,4.512462715160153,0.5452537335062589,0.6666666666666666,0.6,True,3.275397680673092,0.14212981475299813,0.019154930179824958,0.08300674121403523,0.24828966089165264,0.6645962732919255,3.9579672713345144,0.3978521478521479,0.3333333333333333,0.6,True,0.875,0.6070076293062647,0.0,11.8125,0.0625,post_quali
