Driver,exp_pos,actual,p_actual,grid,dnf,surprise,error,year,round
ANT,4.726036749999998,1,0.25939550000000017,1,False,1.3494013549757868,-3.726036749999998,2026,3
PIA,7.001704249999998,2,0.14552150000000014,3,False,1.9274314369639325,-5.001704249999998,2026,3
LEC,6.1414979999999995,3,0.15471174999999998,4,False,1.8661915708291281,-3.1414979999999995,2026,3
RUS,4.524184999999999,4,0.1006474999999999,2,False,2.296130965754248,-0.5241849999999992,2026,3
NOR,6.817463749999998,5,0.0961382499999999,5,False,2.3419680193031707,-1.8174637499999982,2026,3
HAM,6.945463,6,0.11683474999999996,6,False,2.146994735714166,-0.9454630000000002,2026,3
GAS,11.894034,7,0.06924,7,False,2.6701765486741285,-4.8940339999999996,2026,3
VER,7.818205250000002,8,0.04990174999999996,11,False,2.9976992066993273,0.18179474999999812,2026,3
LAW,12.17563775,9,0.09235125000000002,14,False,2.3821560369655788,-3.17563775,2026,3
OCO,11.85481875,10,0.0993749999999999,12,False,2.3088547060076423,-1.8548187499999997,2026,3
HUL,12.985264,11,0.08372800000000001,13,False,2.480181829352285,-1.9852640000000008,2026,3
HAD,10.647506500000002,12,0.04995024999999997,8,False,2.996727768895095,1.3524934999999978,2026,3
BOR,13.04077675,13,0.07184700000000002,9,False,2.6332164209822557,-0.04077674999999914,2026,3
LIN,11.650115499999998,14,0.06089699999999998,10,False,2.798571366563397,2.3498845000000017,2026,3
SAI,14.159139499999998,15,0.09315900000000003,16,False,2.373447568244304,0.8408605000000016,2026,3
COL,13.242213000000001,16,0.06564200000000008,15,False,2.7235395439983416,2.7577869999999987,2026,3
PER,18.1474055,17,0.14508450000000006,19,False,1.9304389476787367,-1.1474055000000014,2026,3
ALO,17.575712999999997,18,0.1406905,21,False,1.9611928366864724,0.4242870000000032,2026,3
BOT,18.19535975,19,0.1770732500000001,20,False,1.7311917902093006,0.8046402499999985,2026,3
ALB,14.838438250000001,20,0.04160850000000002,17,False,3.1794508056637447,5.161561749999999,2026,3
STR,17.723468500000003,21,0.08912175000000004,22,True,2.417751866550713,3.2765314999999973,2026,3
BEA,10.895553249999999,22,0.02457549999999997,18,True,3.7060052672759234,11.104446750000001,2026,3
ANT,4.609432,1,0.27522175000000004,1,False,1.2901781426156926,-3.609432,2026,4
NOR,6.710229749999998,2,0.15572450000000013,4,False,1.8596668586353302,-4.710229749999998,2026,4
PIA,6.6080985000000005,3,0.15157625000000002,7,False,1.88666648031581,-3.6080985000000005,2026,4
RUS,4.539987,4,0.106099,5,False,2.243382658477304,-0.539987,2026,4
VER,8.183359750000001,5,0.14913550000000012,2,False,1.902899990313521,-3.183359750000001,2026,4
HAM,6.5618405,6,0.11752549999999998,6,False,2.1410999476670387,-0.5618404999999997,2026,4
COL,12.92269825,7,0.03532150000000006,8,False,3.34326343529198,-5.92269825,2026,4
LEC,6.123001999999999,8,0.022558750000000013,3,False,3.7916322616887657,1.8769980000000013,2026,4
SAI,14.421469,9,0.03800750000000007,13,False,3.269971770309281,-5.421469,2026,4
ALB,14.97811225,10,0.03981175000000007,15,False,3.2235931841317487,-4.978112250000001,2026,4
BEA,11.979459999999998,11,0.09455724999999994,12,False,2.358549807811539,-0.9794599999999978,2026,4
BOR,12.901334749999997,12,0.08165775000000002,21,False,2.50521854673996,-0.9013347499999966,2026,4
OCO,12.133146499999999,13,0.08055625000000007,14,False,2.5187995808111836,0.8668535000000013,2026,4
LIN,11.642234500000004,14,0.06282925000000009,16,False,2.7673345496113098,2.3577654999999957,2026,4
ALO,18.130871250000002,15,0.06472500000000006,17,False,2.737607753344535,-3.130871250000002,2026,4
PER,17.877948,16,0.10840924999999997,20,False,2.2218418615138473,-1.877948,2026,4
STR,18.0733335,17,0.13940699999999998,18,False,1.9703575667084205,-1.0733335000000004,2026,4
BOT,18.0194915,18,0.1756915,19,False,1.7390256628762386,-0.019491500000000883,2026,4
HUL,12.624867499999999,19,0.02785524999999995,10,True,3.580733820500273,6.375132500000001,2026,4
LAW,12.092249750000002,20,0.023857249999999976,11,True,3.735667124612817,7.907750249999998,2026,4
GAS,11.199613,21,0.02930125,9,True,3.5301251017530766,9.800387,2026,4
HAD,10.66722075,22,0.039522250000000037,22,True,3.2308914745247215,11.33277925,2026,4
ANT,4.9510137499999995,1,0.24054224999999999,2,False,1.42485952918981,-3.9510137499999995,2026,5
HAM,6.589520750000002,2,0.10284149999999999,5,False,2.2745663109265255,-4.589520750000002,2026,5
VER,8.192725500000002,3,0.09258474999999998,6,False,2.379630837717422,-5.192725500000002,2026,5
LEC,5.94919525,4,0.14380800000000002,8,False,1.939276202419273,-1.9491952499999998,2026,5
HAD,11.058058,5,0.04719624999999997,7,False,3.0534408386994216,-6.058058000000001,2026,5
COL,11.898415500000002,6,0.04455325,10,False,3.111070175986549,-5.898415500000002,2026,5
LAW,12.805984749999999,7,0.04478100000000002,12,False,3.105971336662924,-5.805984749999999,2026,5
GAS,10.697365750000001,8,0.13045000000000007,14,False,2.036765267399399,-2.6973657500000012,2026,5
SAI,13.42860375,9,0.06784600000000005,15,False,2.690514848013149,-4.428603750000001,2026,5
BEA,11.941443750000001,10,0.09834,16,False,2.319324416998344,-1.9414437500000012,2026,5
PIA,6.684804500000002,11,0.005411000000000001,4,False,5.219321360321539,4.315195499999998,2026,5
HUL,12.908339499999999,12,0.0737855,11,False,2.606593043644607,-0.9083394999999985,2026,5
BOR,14.286576750000002,13,0.0896995,13,False,2.411290084068931,-1.2865767500000018,2026,5
OCO,12.120437250000002,14,0.06949350000000001,17,False,2.666522055964999,1.879562749999998,2026,5
STR,17.640372750000004,15,0.07600225000000001,22,False,2.576992333870875,-2.6403727500000045,2026,5
BOT,17.984762500000002,16,0.09252925,21,False,2.3802304682333517,-1.9847625000000022,2026,5
PER,17.64163925,17,0.14340825,20,True,1.9420598210907305,-0.6416392500000008,2026,5
NOR,6.60065625,18,0.01369049999999999,3,True,4.291053117339233,11.39934375,2026,5
RUS,4.963802500000001,19,0.013285000000000002,1,True,4.32111969977036,14.0361975,2026,5
ALO,17.63895175,20,0.10028675,19,True,2.2997216964296414,2.3610482499999996,2026,5
ALB,13.772296500000001,21,0.04126225,18,True,3.18780724059125,7.227703499999999,2026,5
LIN,13.245033749999997,22,0.03646375,9,True,3.3114366625795384,8.754966250000003,2026,5
ANT,5.236014749999999,1,0.3013040000000002,1,False,1.199635557129158,-4.236014749999999,2026,6
HAM,6.669945499999998,2,0.10933124999999985,3,False,2.2133730143256996,-4.669945499999998,2026,6
HAD,9.4386205,3,0.04531200000000001,5,False,3.094183380910882,-6.438620500000001,2026,6
PIA,7.570462000000001,4,0.12212999999999999,7,False,2.10266922779914,-3.570462000000001,2026,6
LAW,12.670764999999998,5,0.018279000000000017,10,False,4.0020024190476695,-7.670764999999998,2026,6
LIN,12.694038250000002,6,0.030927749999999993,15,False,3.4761014398390544,-6.694038250000002,2026,6
GAS,10.944724500000001,7,0.09516325,9,False,2.352161441125116,-3.9447245000000013,2026,6
ALB,13.927441250000003,8,0.03988050000000001,11,False,3.221867796354256,-5.927441250000003,2026,6
OCO,13.124917500000002,9,0.06608925000000003,17,False,2.716749177725764,-4.124917500000002,2026,6
ALO,17.7061415,10,0.008942750000000008,21,False,4.716912130833839,-7.706141500000001,2026,6
BOR,13.71602125,11,0.08040175000000001,16,False,2.520719336864942,-2.7160212500000007,2026,6
RUS,5.459328750000001,12,0.008686750000000002,6,False,4.745956402753208,6.540671249999999,2026,6
HUL,13.044088,13,0.07428175000000004,13,False,2.599889983270575,-0.04408800000000035,2026,6
COL,11.26619025,14,0.046953499999999995,14,False,3.0585975287155427,2.7338097500000007,2026,6
PER,17.029127999999996,15,0.08570600000000003,18,False,2.4568324441604936,-2.0291279999999965,2026,6
SAI,13.286341750000004,16,0.05918525000000001,12,False,2.8270829235419472,2.7136582499999964,2026,6
LEC,6.250163000000001,17,0.009111500000000002,4,True,4.698217927038164,10.749837,2026,6
STR,17.92974975,18,0.14872025,22,True,1.905688254559065,0.07025025000000085,2026,6
NOR,7.371561,19,0.02610524999999997,8,True,3.645618835456036,11.628439,2026,6
BEA,12.16119375,20,0.024711749999999987,19,True,3.7004764399596,7.838806249999999,2026,6
BOT,17.713105500000005,21,0.08710725000000001,20,True,2.4406151609298767,3.2868944999999954,2026,6
VER,7.7900582499999995,22,0.04128125000000001,2,True,3.187346877259538,14.20994175,2026,6
HAM,6.09227475,1,0.09307300000000002,2,False,2.3743711475015012,-5.09227475,2026,7
RUS,5.050730500000001,2,0.19456224999999996,1,False,1.637003115715283,-3.050730500000001,2026,7
NOR,7.676134000000001,3,0.12210749999999998,4,False,2.102853474690495,-4.676134000000001,2026,7
VER,7.488036000000002,4,0.137962,5,False,1.9807769940629374,-3.488036000000002,2026,7
PIA,7.706143750000002,5,0.13710075000000002,7,False,1.9870392219693125,-2.7061437500000016,2026,7
HAD,8.737052250000001,6,0.1711695000000001,6,False,1.7651009853514477,-2.7370522500000014,2026,7
GAS,10.563403,7,0.12069174999999992,14,False,2.114515504498883,-3.563402999999999,2026,7
LAW,12.356697500000001,8,0.08780325000000007,8,False,2.432656763080808,-4.356697500000001,2026,7
LIN,12.831200750000002,9,0.09414024999999998,11,False,2.3629695873933767,-3.8312007500000025,2026,7
COL,11.898965,10,0.12068950000000002,13,False,2.1145341472062182,-1.8989650000000005,2026,7
BOR,14.176327749999999,11,0.08508800000000002,12,False,2.4640692639215276,-3.1763277499999987,2026,7
SAI,12.960353000000001,12,0.10093374999999999,16,False,2.2932909179580894,-0.9603530000000013,2026,7
OCO,13.56880575,13,0.11663899999999998,17,False,2.148671584146744,-0.5688057499999992,2026,7
PER,17.45423375,14,0.053361249999999985,19,False,2.930670451862042,-3.45423375,2026,7
LEC,5.599553,15,0.002790500000000001,10,False,5.881534487735785,9.400447,2026,7
ANT,4.382141,16,0.0035124999999999996,3,False,5.651427244322273,11.617859,2026,7
BEA,13.297575000000002,17,0.03837900000000002,15,False,3.260244843979129,3.702424999999998,2026,7
ALB,13.528582500000002,18,0.024252749999999976,18,True,3.719225265966318,4.471417499999998,2026,7
ALO,17.97232275,19,0.13829725,22,True,1.978349924818592,1.02767725,2026,7
HUL,13.13215125,20,0.04069525000000004,9,True,3.2016439009611584,6.86784875,2026,7
BOT,18.357864250000002,21,0.09973699999999996,20,True,2.3052185575198476,2.642135749999998,2026,7
STR,18.169452500000002,22,0.07960075000000003,21,True,2.5307317640656346,3.830547499999998,2026,7
RUS,5.125876249999999,1,0.21809949999999995,1,False,1.522803898303546,-4.125876249999999,2026,8
VER,7.599726749999999,2,0.08163625000000001,5,False,2.5054818754614594,-5.599726749999999,2026,8
ANT,4.60141275,3,0.12068825000000001,4,False,2.1145445044160276,-1.6014127499999997,2026,8
PIA,7.91187375,4,0.13282625000000003,7,False,2.018713395810436,-3.91187375,2026,8
HAM,5.868645999999999,5,0.11119049999999994,3,False,2.1965103324698236,-0.8686459999999991,2026,8
HAD,8.56074375,6,0.16894925000000005,8,False,1.7781569050148813,-2.5607437500000003,2026,8
NOR,7.713422500000001,7,0.07339425000000004,6,False,2.6119096843048974,-0.713422500000001,2026,8
LEC,5.851204499999999,8,0.01864875,2,False,3.9819761592672163,2.148795500000001,2026,8
LAW,11.58184775,9,0.13944050000000002,9,False,1.9701172920051422,-2.5818477499999997,2026,8
LIN,12.026489250000001,10,0.11751124999999997,10,False,2.141221205300302,-2.026489250000001,2026,8
BOR,13.910932250000002,11,0.09312350000000003,12,False,2.373828709794689,-2.910932250000002,2026,8
HUL,13.296790999999997,12,0.09388274999999996,14,False,2.365708615714235,-1.2967909999999971,2026,8
GAS,10.88663875,13,0.04475850000000001,11,False,3.1064739081642974,2.1133612500000005,2026,8
BEA,13.111217499999999,14,0.09830474999999998,13,False,2.3196829315315575,0.8887825000000014,2026,8
COL,11.54803025,15,0.037811,16,False,3.2751552133994166,3.45196975,2026,8
OCO,13.861190500000001,16,0.08651350000000002,15,False,2.4474548078576976,2.138809499999999,2026,8
ALB,14.328529249999997,17,0.057245999999999936,18,False,2.8603975079843744,2.671470750000003,2026,8
ALO,18.06820275,18,0.15234175000000003,21,False,1.8816289266412196,-0.06820275000000109,2026,8
STR,18.147236250000002,19,0.14674300000000004,22,True,1.919072521581978,0.8527637499999976,2026,8
SAI,13.790924250000002,20,0.03856575,17,True,3.255390702099553,6.2090757499999985,2026,8
PER,17.229191750000002,21,0.06482875000000005,19,True,2.7360061011780936,3.770808249999998,2026,8
BOT,17.97987225,22,0.06317475,20,True,2.761850582977284,4.02012775,2026,8
LEC,5.85746425,1,0.09499624999999998,2,False,2.3539178618449133,-4.85746425,2026,9
RUS,4.7751807500000005,2,0.19090325000000008,4,False,1.655988523775132,-2.7751807500000005,2026,9
HAM,5.842039249999999,3,0.14428475,3,False,1.9359665013927947,-2.842039249999999,2026,9
NOR,7.4232145,4,0.12854700000000005,6,False,2.051460682765426,-3.4232145000000003,2026,9
HAD,7.909137749999999,5,0.13775974999999996,5,False,1.9822440530546537,-2.9091377499999993,2026,9
LAW,10.9799715,6,0.03933625,10,False,3.235608793391373,-4.9799714999999996,2026,9
LIN,11.138193000000001,7,0.08433875000000002,9,False,2.4729138517363243,-4.138193000000001,2026,9
BOR,13.297482500000001,8,0.055449249999999985,11,False,2.8922870909760623,-5.297482500000001,2026,9
COL,12.016362999999998,9,0.12501974999999999,19,False,2.0792835541605212,-3.0163629999999984,2026,9
GAS,11.564967749999997,10,0.139611,15,False,1.9688952951965462,-1.5649677499999974,2026,9
PIA,7.5315115,11,0.0017127499999999999,8,False,6.369655013081266,3.4684885000000003,2026,9
BEA,13.10503875,12,0.12524925000000003,13,False,2.077449527059043,-1.1050387500000003,2026,9
OCO,14.2597445,13,0.13136500000000007,17,False,2.0297755706650156,-1.2597445,2026,9
PER,17.664600000000004,14,0.05000749999999999,20,False,2.9955822848028664,-3.6646000000000036,2026,9
ANT,4.024069000000001,15,0.0011310000000000011,1,False,6.784653081848153,10.975931,2026,9
BOT,18.24778525,16,0.109535,18,False,2.2115111460946744,-2.2477852499999997,2026,9
SAI,14.86259625,17,0.06467275000000001,14,False,2.7384153408464784,2.1374037500000007,2026,9
ALO,18.49747225,18,0.17190175,21,False,1.7608321863077474,-0.4974722500000013,2026,9
STR,18.520834,19,0.16802950000000005,22,False,1.7836157197558218,0.4791659999999993,2026,9
VER,6.979635,20,0.03257550000000001,7,False,3.4241948068948584,13.020365,2026,9
ALB,15.234364250000002,21,0.04968849999999995,16,True,3.001981760983945,5.765635749999998,2026,9
HUL,13.268335,22,0.047771,12,True,3.041336518159012,8.731665,2026,9
ANT,3.7912947500000005,1,0.425991,1,False,0.8533370596965031,-2.7912947500000005,2026,10
LEC,5.416139249999999,2,0.15946200000000002,4,False,1.8359496296560769,-3.4161392499999987,2026,10
VER,6.98247775,3,0.11896274999999999,2,False,2.128944860083309,-3.98247775,2026,10
HAM,5.545754,4,0.14797375000000001,5,False,1.9107203858138946,-1.5457539999999996,2026,10
PIA,7.575965500000001,5,0.137903,6,False,1.981204739524664,-2.5759655000000006,2026,10
HAD,7.81366425,6,0.16032875000000002,21,False,1.8305288842316672,-1.8136642500000004,2026,10
NOR,7.4966025,7,0.11525524999999999,13,False,2.160606044997556,-0.49660249999999984,2026,10
BOR,13.11533825,8,0.065177,8,False,2.730648633020431,-5.115338250000001,2026,10
LIN,10.73759675,9,0.18910174999999999,7,False,1.6654700489977756,-1.7375967499999998,2026,10
COL,12.37240575,10,0.12865600000000002,11,False,2.0506131031763437,-2.3724057500000004,2026,10
GAS,11.7827175,11,0.13587125000000005,10,False,1.996047532817664,-0.7827175000000004,2026,10
LAW,10.80999775,12,0.06443375000000003,9,False,2.742117714824692,1.1900022499999992,2026,10
HUL,13.244538000000002,13,0.09554599999999988,12,False,2.3481474720711377,-0.24453800000000214,2026,10
BEA,13.519386749999999,14,0.13288125,14,False,2.018299406737598,0.4806132500000011,2026,10
ALB,15.4259505,15,0.14595425000000006,15,False,1.9244620625444855,-0.4259505000000008,2026,10
SAI,15.087555250000001,16,0.10834274999999996,19,False,2.222455466021178,0.9124447499999988,2026,10
OCO,14.454599250000001,17,0.06983025000000001,16,False,2.6616879820074453,2.545400749999999,2026,10
BOT,18.172867000000004,18,0.18550200000000006,17,False,1.6846896153216098,-0.17286700000000366,2026,10
ALO,18.646249750000003,19,0.18017350000000001,22,False,1.7138350034456378,0.3537502499999974,2026,10
STR,18.6923935,20,0.15325500000000003,20,True,1.8756520782706403,1.3076064999999986,2026,10
PER,17.510670250000004,21,0.07419900000000003,18,True,2.6010046059885674,3.489329749999996,2026,10
RUS,4.80583575,22,0.020320500000000012,3,True,3.896125050275373,17.19416425,2026,10
NOR,7.541685750000001,1,0.04725324999999991,1,False,3.052233844339051,-6.541685750000001,2026,11
VER,7.229642,2,0.09438799999999997,4,False,2.3603413325550098,-5.229642,2026,11
ANT,4.45928625,3,0.09589225000000001,7,False,2.3445301137055554,-1.45928625,2026,11
LEC,5.94409825,4,0.14396475,2,False,1.9381868010391736,-1.9440982499999997,2026,11
HAM,6.016861500000001,5,0.12664425000000004,5,False,2.0663733042757157,-1.016861500000001,2026,11
HAD,8.1192995,6,0.15596575000000007,8,False,1.8581188471195618,-2.1192995000000003,2026,11
RUS,5.20919225,7,0.029659,6,False,3.5179896582824015,1.79080775,2026,11
LAW,10.73872425,8,0.1474467500000001,11,False,1.9142881853337217,-2.7387242500000006,2026,11
HUL,13.204414000000003,9,0.08754975000000007,10,False,2.435548075765489,-4.204414000000003,2026,11
LIN,10.324257,10,0.10669024999999982,9,False,2.2378255025440974,-0.32425699999999935,2026,11
BOR,12.799531,11,0.11639999999999996,14,False,2.1507227436848,-1.799531,2026,11
GAS,11.47344425,12,0.09959925,12,False,2.306600644540418,0.52655575,2026,11
STR,18.563241249999997,13,0.013003749999999998,20,False,4.342517501579169,-5.563241249999997,2026,11
ALO,18.539979250000002,14,0.025988499999999984,16,False,3.650101146499864,-4.539979250000002,2026,11
COL,12.195425499999999,15,0.04966474999999996,13,False,3.002459853053452,2.804574500000001,2026,11
OCO,14.4533975,16,0.11887349999999998,15,False,2.129695376492724,1.5466025000000005,2026,11
ALB,15.209221749999998,17,0.08231125000000002,19,False,2.4972474856227995,1.7907782500000025,2026,11
SAI,14.768042000000001,18,0.03796950000000001,18,False,3.2709720731158844,3.2319579999999988,2026,11
BEA,13.52878525,19,0.02180625,17,False,3.82555865302919,5.47121475,2026,11
PIA,7.5527577500000005,20,0.03455375000000001,3,True,3.365239196308101,12.447242249999999,2026,11
PER,17.2936185,21,0.07432275000000005,22,True,2.5993381830082636,3.706381499999999,2026,11
BOT,17.83509525,22,0.07416525000000003,21,True,2.6014595673499756,4.164904750000002,2026,11
NOR,7.502610250000001,1,0.06879324999999999,1,False,2.676649649321102,-6.502610250000001,2026,12
ANT,4.848663,2,0.18011475000000005,3,False,1.7141611312087313,-2.848663,2026,12
RUS,5.6269485,3,0.15354,2,False,1.8737941595823846,-2.6269485,2026,12
HAM,5.49469425,4,0.13565374999999996,5,False,1.9976495955855107,-1.4946942500000002,2026,12
LEC,5.569306750000001,5,0.11404575,6,False,2.1711555953038113,-0.5693067500000009,2026,12
PIA,7.777073750000002,6,0.13069775000000008,4,False,2.034867873496314,-1.7770737500000022,2026,12
LAW,9.599217249999999,7,0.17953875000000002,8,False,1.7173642169146583,-2.599217249999999,2026,12
HUL,12.516318750000002,8,0.08456600000000003,13,False,2.470222984402848,-4.516318750000002,2026,12
ALO,18.294071,9,0.00113825,18,False,6.778263283749383,-9.294070999999999,2026,12
GAS,11.305124500000002,10,0.13404050000000012,11,False,2.0096132858902016,-1.3051245000000016,2026,12
TSU,11.053702,11,0.10105375,12,False,2.2921027254796638,-0.05370199999999947,2026,12
LIN,10.06210075,12,0.03702025,10,False,3.2962902187531586,1.9378992499999992,2026,12
BOR,12.54031275,13,0.07062825000000005,9,False,2.6503250728751984,0.45968725,2026,12
COL,12.044666250000002,14,0.07098225000000004,14,False,2.6453254331960303,1.9553337499999977,2026,12
PER,17.683114,15,0.08063250000000001,22,False,2.517853484936781,-2.6831139999999998,2026,12
SAI,15.014650750000003,16,0.10888274999999999,17,False,2.217483663794033,0.985349249999997,2026,12
ALB,15.302070750000002,17,0.09039375,16,False,2.403580151142232,1.6979292499999978,2026,12
BOT,17.90335225,18,0.15030450000000004,21,True,1.895092042551644,0.09664774999999892,2026,12
OCO,14.152465,19,0.024512249999999968,15,True,3.708582286389806,4.847535000000001,2026,12
STR,18.28254,20,0.138345,19,True,1.9780047136263452,1.717459999999999,2026,12
BEA,13.72293875,21,0.026391999999999995,20,True,3.634694345055857,7.277061249999999,2026,12
VER,6.7040587500000015,22,0.033429750000000015,7,True,3.3983090568909846,15.295941249999998,2026,12
ANT,4.77142875,1,0.2601322500000001,19,False,1.3465651234409715,-3.77142875,2026,13
RUS,5.311833249999999,2,0.15602300000000016,2,False,1.8577518467027667,-3.3118332499999994,2026,13
VER,6.68822,3,0.135041,5,False,2.0021768429486384,-3.6882200000000003,2026,13
NOR,6.738652000000001,4,0.13015250000000003,8,False,2.03904843912059,-2.738652000000001,2026,13
PIA,7.0309740000000005,5,0.12866350000000004,6,False,2.050554809887245,-2.0309740000000005,2026,13
HAM,5.274538250000001,6,0.09920899999999995,4,False,2.3105265430001958,0.7254617499999991,2026,13
GAS,11.265610500000001,7,0.06593900000000005,1,False,2.7190252067553353,-4.265610500000001,2026,13
LIN,10.164740249999998,8,0.17384150000000004,9,False,1.749611314447167,-2.1647402499999977,2026,13
COL,12.25273975,9,0.10264124999999986,7,False,2.2765153802609954,-3.25273975,2026,13
TSU,11.250648499999999,10,0.13391500000000006,15,False,2.0105500086607866,-1.2506484999999987,2026,13
BOR,12.477482750000002,11,0.11192099999999996,10,False,2.18996201371129,-1.4774827500000018,2026,13
HUL,12.44170925,12,0.09285225000000005,12,False,2.3767457588437475,-0.4417092500000006,2026,13
SAI,15.087812750000001,13,0.11994049999999987,13,False,2.1207594924994213,-2.087812750000001,2026,13
LAW,9.60602625,14,0.00807775,22,False,4.818641910574342,4.393973750000001,2026,13
BEA,14.398493749999998,15,0.12309324999999986,11,False,2.0948130807638647,0.6015062500000017,2026,13
OCO,14.552156249999998,16,0.10109024999999992,14,False,2.2917415967754073,1.4478437500000023,2026,13
ALB,15.378815000000001,17,0.08680800000000002,20,False,2.4440564956642303,1.6211849999999988,2026,13
PER,18.00603025,18,0.14934575,17,False,1.90149119137038,-0.0060302499999984605,2026,13
BOT,18.409865500000002,19,0.15698725000000005,16,False,1.8515906871226375,0.5901344999999978,2026,13
STR,18.328700500000004,20,0.1278905000000001,18,True,2.056580849934729,1.6712994999999964,2026,13
ALO,18.304909,21,0.10646549999999996,21,True,2.2399342899757118,2.6950910000000015,2026,13
LEC,5.258613500000001,22,0.020667250000000015,3,True,3.8792049571970435,16.741386499999997,2026,13
ANT,4.136501750000001,1,0.38380849999999994,2,False,0.9576115487022405,-3.1365017500000008,2026,14
VER,6.6337037500000005,2,0.11644074999999994,3,False,2.1503727190399213,-4.6337037500000005,2026,14
NOR,6.7549325,3,0.13694974999999998,1,False,1.9881412087584693,-3.7549325,2026,14
LEC,5.685200750000001,4,0.1507205,5,False,1.8923281507498202,-1.6852007500000008,2026,14
RUS,5.069991999999999,5,0.11556949999999987,6,False,2.1578831983864264,-0.06999199999999917,2026,14
LAW,9.741847750000002,6,0.11218774999999996,8,False,2.187581471889766,-3.7418477500000016,2026,14
COL,11.811568750000001,7,0.03947525000000004,9,False,3.232081385738255,-4.811568750000001,2026,14
PIA,6.940043,8,0.02191125,7,False,3.8207550754275177,1.0599569999999998,2026,14
LIN,9.946471749999999,9,0.15054325000000013,10,False,1.8935048606623288,-0.9464717499999988,2026,14
HUL,12.465547750000002,10,0.12767225000000004,11,False,2.058288845744428,-2.4655477500000025,2026,14
OCO,14.75703875,11,0.05789324999999993,13,False,2.849154481510082,-3.7570387499999995,2026,14
GAS,10.664549,12,0.08595575000000003,14,False,2.4539226500308478,1.3354510000000008,2026,14
BOR,12.351145250000002,13,0.07884400000000011,12,False,2.5402840623174527,0.6488547499999981,2026,14
TSU,11.619452749999999,14,0.05331074999999996,15,False,2.931617279591394,2.380547250000001,2026,14
ALB,15.474890250000003,15,0.16203775000000006,16,False,1.8199259462044308,-0.4748902500000032,2026,14
BEA,14.41840775,16,0.09810849999999999,22,False,2.321681269885085,1.58159225,2026,14
ALO,18.383137500000004,17,0.1483820000000001,17,False,1.9079652494060833,-1.3831375000000037,2026,14
BOT,18.4582945,18,0.173374,19,False,1.7523041682080436,-0.45829450000000094,2026,14
SAI,15.109480250000002,19,0.030079249999999988,20,True,3.5039197137219817,3.8905197499999975,2026,14
PER,18.07380775,20,0.10369724999999996,18,True,2.2662796829025287,1.9261922499999997,2026,14
STR,18.642722749999997,21,0.12187349999999997,21,True,2.104771657432174,2.3572772500000028,2026,14
HAM,5.861263749999998,22,0.024846999999999952,4,True,3.695018258073348,16.13873625,2026,14
RUS,5.137906499999999,1,0.17114225000000008,1,False,1.7652601969476467,-4.137906499999999,2026,15
VER,6.862200249999999,2,0.09748999999999994,8,False,2.3280054703409574,-4.862200249999999,2026,15
HAD,7.678446,3,0.07789175000000004,4,False,2.5524352367201835,-4.678446,2026,15
LEC,5.854594249999998,4,0.13072900000000007,2,False,2.034628800791254,-1.8545942499999981,2026,15
ANT,4.287847249999999,5,0.07000650000000003,16,False,2.659167184100878,0.7121527500000013,2026,15
HAM,6.14448775,6,0.1118707499999999,6,False,2.1904110919355277,-0.1444877499999997,2026,15
LIN,10.73515725,7,0.08861900000000004,15,False,2.4234089974089663,-3.7351572500000003,2026,15
OCO,14.383693000000001,8,0.00727125,13,False,4.923827062739303,-6.383693000000001,2026,15
BEA,14.212368,9,0.022599750000000002,10,False,3.7898164347119834,-5.212368,2026,15
SAI,15.738014999999999,10,0.01146575,14,False,4.46839094832688,-5.738014999999999,2026,15
HUL,12.539783499999999,11,0.13836500000000002,18,False,1.9778601579540902,-1.5397834999999986,2026,15
LAW,10.692402999999999,12,0.0764215000000001,11,False,2.571491208786479,1.3075970000000012,2026,15
PIA,7.169730750000001,13,0.0011485000000000006,3,False,6.76929853583512,5.830269249999999,2026,15
PER,18.161317750000002,14,0.032891000000000004,20,False,3.4145562148651445,-4.161317750000002,2026,15
BOR,12.44955925,15,0.03021724999999998,17,False,3.499342325616422,2.55044075,2026,15
BOT,18.50789725,16,0.0958085,19,False,2.3454038714277163,-2.507897249999999,2026,15
COL,11.633737000000002,17,0.00945225,9,True,4.661502470578563,5.366262999999998,2026,15
GAS,11.1485695,18,0.008815000000000003,7,True,4.731300463132303,6.851430499999999,2026,15
NOR,6.685210249999998,19,0.023479749999999983,5,True,3.7516169314383805,12.314789750000003,2026,15
ALB,15.926234499999998,20,0.041565500000000005,12,True,3.1804847827198195,4.073765500000002,2026,15
ALO,18.360464750000002,21,0.10847000000000001,21,True,2.2212816419300108,2.639535249999998,2026,15
STR,18.69037725,22,0.09773474999999995,22,True,2.3254981025177033,3.309622749999999,2026,15
