Driver,race_pace,race_pace_se,race_pace_n,quali_pace,quali_pace_se,quali_pace_n,starts,starts_se,starts_n,execution,execution_se,execution_n,consistency,consistency_se,consistency_n,tyre_mgmt,tyre_mgmt_se,tyre_mgmt_n,team,last_race,races,dnf_rate,overall
VER,0.5508926509328603,0.076743159371518,53,0.4460444560242985,0.1177612574468734,59,0.3935875539300826,0.44893411956454504,60,-0.24726638807476123,0.5051492174300019,52,0.06031909857072536,0.02395980524628862,53,0.18011879273947556,4.838100646378741,53,Red Bull Racing,2026 R15,63,0.07936507936507936,2.2912078822711415
ALO,0.05559917113459758,0.10352583472619753,54,0.18805489852652574,0.16327530610118243,60,0.2339715640533659,0.548930668828811,63,0.4867835281324341,0.627763377949018,45,-0.019361705888242677,0.03232156270751265,54,4.624688556214506,5.852985918482451,54,Aston Martin,2026 R15,63,0.19047619047619047,0.899981300897699
PER,0.2815054987582682,0.0921772262872726,31,-0.05296375982697159,0.14104646235672152,37,0.4696488534477032,0.5172363476401007,37,-0.04137560323732434,0.6164865556170929,27,0.011536135335724555,0.028778439773301735,31,1.119509054830952,5.668925254569965,31,Cadillac,2026 R15,39,0.23076923076923078,0.8803358255769076
HAD,0.04378032221687976,0.08336704972053087,31,0.21051301195732683,0.12961799413844102,33,-0.14564431766865074,0.4842828578840186,35,0.4670244513210347,0.5453107130559138,31,-0.01156363392329047,0.026027834814459107,31,-0.3210809481151248,5.211990141409456,31,Red Bull Racing,2026 R15,36,0.1111111111111111,0.6611055556678128
GAS,0.12349565030763689,0.08852914933582402,52,0.19594717640914017,0.1343348894931791,60,0.05350062443096883,0.5044378736148939,59,-0.23635950037169148,0.5623371237765572,48,0.00400455320358838,0.02763948206037987,52,0.48607111573944667,5.349055786274385,51,Alpine,2026 R15,63,0.14285714285714285,0.6294669284037956
HUL,0.016422280232353044,0.09425452341851337,51,0.07160871452191743,0.14787140147518749,60,0.1936236744021862,0.5190357693512762,58,-0.004658368775308499,0.5787271808053766,46,0.007429735631898018,0.029426987932001533,51,1.565629885726563,5.517413065415717,51,Audi,2026 R15,63,0.1746031746031746,0.36569234832145026
NOR,0.05787296280223833,0.10271802414937263,55,0.01627708436827687,0.16262999464957759,60,0.2041423335556796,0.5498350877682598,62,-0.2378613873274801,0.6065303750022982,51,0.003804471781651401,0.03206935802562148,55,3.023432207755401,5.783801389481234,55,McLaren,2026 R15,63,0.07936507936507936,0.3139524549455461
LEC,0.040075926553171715,0.08738819582708046,54,0.03997219478498607,0.13657273481411578,60,0.29836984140768924,0.49596716403677804,61,0.012452602275805878,0.5531550367210395,51,-0.024734382826021074,0.027283267590081282,54,-0.9078195376491122,5.313310117340688,54,Ferrari,2026 R15,63,0.09523809523809523,0.24308287244358612
SAI,0.016707217291371992,0.08802159387716446,53,0.13871375801018437,0.1373241378255254,57,-0.09854024952150803,0.4985634430553023,60,-0.2244662676377028,0.5717130630278466,50,-0.013878106808475952,0.027481019338219816,53,1.8718119648452531,5.330100325435731,53,Williams,2026 R15,62,0.12903225806451613,0.2397386106198321
BEA,0.009072605070445187,0.09563577721623416,36,0.041605828967615915,0.15075597768779844,38,-0.552266276319765,0.5312811852014767,42,-6.985931779266222e-05,0.5889636416222295,32,-0.002900949633194187,0.029858226002731383,36,6.178370717678137,5.625193130758392,36,Haas F1 Team,2026 R15,42,0.14285714285714285,0.2254083791880441
RUS,-0.03548240960110847,0.09238079210804143,55,0.09053491187640864,0.14517391243538938,60,-0.18120471941740737,0.513046889838651,62,0.43504683646003983,0.5658552550320202,54,0.00020339148649683092,0.028841994589918162,55,-3.064055577165311,5.449989040333386,55,Mercedes,2026 R15,63,0.047619047619047616,0.20574150985591882
ANT,0.024011431558133,0.09636389678850948,34,-0.09417201750348882,0.15128193264238865,38,0.08649121419422989,0.5347364684045922,38,-0.4660792520744473,0.5887263525471805,32,0.021319841934189277,0.030085550539414477,34,4.344105544021631,5.660320826717082,34,Mercedes,2026 R15,39,0.10256410256410256,0.01668613621001558
ALB,-0.016342727539879195,0.08865851939084121,50,-0.09492053285906651,0.1373775800005641,59,-0.14335158431200468,0.5017917137802577,59,0.23867271142037935,0.5838998773373065,42,0.010394127612198404,0.02767987238765201,50,-1.0701563482589154,5.369402740102983,50,Williams,2026 R15,63,0.25396825396825395,-0.018758708714537775
BOR,-0.006629092454303883,0.09831655227684118,31,-0.006157713806768789,0.15319726832677624,37,-0.4723086951566558,0.5393081700975407,37,0.026735278119341274,0.6041625052627201,31,0.009789427285334202,0.030695184617509103,31,-3.6812024957515765,5.75009160775324,31,Audi,2026 R15,39,0.15384615384615385,-0.12934927240220376
LIN,-0.06442036438650746,0.09108243039935474,13,0.12338200879499166,0.13827751242152833,15,0.2268716010201699,0.522419008804392,14,-0.057730712792795756,0.582819751057873,13,-0.03175935549081157,0.028436636067619467,13,-7.414747054242985,5.635242732132558,13,Racing Bulls,2026 R15,15,0.06666666666666667,-0.16403023844845627
LAW,-0.08574608925944466,0.08058380080654048,37,-0.04827387665078052,0.12350901570562973,43,0.2503249732176581,0.4668569522973141,44,-0.30299570028649825,0.5188236128041317,36,-0.0077104797778935015,0.02515888307364892,37,2.5961317677672318,5.000597650961596,37,Racing Bulls,2026 R15,45,0.13333333333333333,-0.200716399943733
OCO,-0.049259865855720376,0.0927527952218491,53,-0.12705632723550553,0.14523339352257683,58,0.30143613759548743,0.5156394834768515,60,0.09707910337911851,0.573534935753532,52,0.013901817101276371,0.028958136826318617,53,-4.7621203170838795,5.481209441239085,53,Haas F1 Team,2026 R15,62,0.06451612903225806,-0.20448886046363746
HAM,-0.07478424122343534,0.08772810343328476,54,-0.0673268388758802,0.13683567626094617,60,0.06637232170547872,0.49726054376601986,61,-0.0022007368968148446,0.5551326624765955,50,-0.009079975997174864,0.027389389361885872,54,-0.981600135975078,5.333807750383782,53,Ferrari,2026 R15,63,0.09523809523809523,-0.22861984187181916
COL,-0.08184007080571747,0.0917360707675154,37,-0.14112846668423645,0.13949364316617263,40,0.24743371056813362,0.5193774763398891,40,0.14316678114391734,0.581914470700918,35,-0.014212870145463666,0.02864070762331899,37,-0.4546064048702693,5.518325614816044,37,Alpine,2026 R15,42,0.11904761904761904,-0.24061970643483155
MAG,-0.06039064213557022,0.11623096888412321,19,-0.13951222157469045,0.18320666557957846,21,0.20153935743833143,0.6432685364365651,21,-0.11335932920514796,0.7053533805061545,19,-0.016915207396985408,0.03628820341588107,19,1.447045509421828,6.776624241313759,19,Haas F1 Team,2024 R24,22,0.045454545454545456,-0.2639573904279673
DOO,-0.07001777712779764,0.12732401294522167,5,-0.11113524596282157,0.192183501741623,7,-0.03316011583225795,0.6960060477000943,5,-0.03465881176032787,0.7519604129608972,5,-0.004746540544578467,0.03975153718359484,5,-0.602920011464775,7.198168247974436,5,Alpine,2025 R6,7,0.2857142857142857,-0.3006540983084457
PIA,-0.09093952204420126,0.10271893797090142,53,-0.05900308982829308,0.16262999464957759,60,-0.23810253307903395,0.5498389386243665,60,0.2095840334021863,0.6065303745779682,51,-0.007602660583222466,0.03206964332773883,53,-3.2277900942684314,5.783845070702013,53,McLaren,2026 R15,63,0.07936507936507936,-0.304412325623189
RIC,-0.07735915311665374,0.12260438435747542,15,-0.2045817957695537,0.18899262907208658,17,-0.1878023571549613,0.6595260083413143,17,-0.1563521094997533,0.7306446171753381,14,-0.004984504036959847,0.03827803279931763,15,2.1415832646289057,7.04186101336339,15,Racing Bulls,2024 R18,18,0.1111111111111111,-0.4715881984744314
SAR,-0.10209967002458938,0.12482477036173938,12,-0.13755889682548467,0.19940964697244154,11,-0.222735435003805,0.6739563317256759,14,-0.07511363800329382,0.7419019752812666,11,-0.007671786030167793,0.03897125440590024,12,-1.9076629493367354,7.114446054596652,12,Williams,2024 R15,14,0.14285714285714285,-0.5377678442005323
ZHO,-0.13699424536291663,0.11595030327830474,19,-0.20476523627635063,0.1821364914383882,21,-0.0820030423956957,0.6348573975783228,24,0.0006078710103927711,0.7082472476309936,19,0.004276956268045125,0.03620057745273577,19,0.021112821707708316,6.775727739237076,19,Audi,2024 R24,24,0.08333333333333333,-0.5589995504253112
STR,-0.09314080940711303,0.10352903776955272,48,-0.23561861945431306,0.16327812531509459,56,-0.26801511224142166,0.5489363184936964,60,-0.5138620160299595,0.6277742031664796,42,0.015407357514846742,0.032322562722310245,48,-4.8304313477038345,5.853136033956415,48,Aston Martin,2026 R15,62,0.24193548387096775,-0.9087313189717878
TSU,-0.32192945268275597,0.08503432193939162,40,-0.2949692014683656,0.12923639814888316,47,-0.24614373380560697,0.4916765671122778,49,0.39268222715967427,0.555479428703826,39,-0.012848728503083667,0.026548370038492076,40,3.4364264785323657,5.358501227713947,40,Racing Bulls,2026 R14,51,0.09803921568627451,-0.9509746681834347
BOT,-0.3516143090725498,0.09327902131525362,33,-0.17979349693993998,0.1434267705300955,37,-0.8326248094227213,0.5190409815286772,39,-0.17639757008829762,0.6195060489995421,28,-0.022574324914044916,0.029122428664402195,33,-2.6930018046423645,5.6879713274354655,32,Cadillac,2026 R15,39,0.20512820512820512,-1.4887313815074321
