driver,n_races,teams,last_team,avg_finish,median_finish,std_finish,best_finish,wins,podiums,top3_pct,top5_pct,top10_pct,points_total,points_per_race,dnf_count,dnf_rate,avg_pos_gained,median_pos_gained,max_pos_gained,pos_gained_std,avg_first_lap_gain,first_lap_std,avg_quali,quali_std,poles,front_row_pct,wet_avg,dry_avg,wet_advantage,tm_race_beat_pct,tm_race_total,tm_quali_beat_pct,tm_quali_total,recent_avg_finish,form_trend,avg_finish_2024,points_2024,avg_finish_2025,points_2025
VER,48,Red Bull Racing,Red Bull Racing,3.65,2.0,3.84,1,17,29,60.4,81.2,95.8,788.0,16.42,2,4.2,-0.08,0.0,16,4.94,0.26,1.52,3.21,3.06,18,58.3,2.64,3.95,1.31,95.8,48,97.9,48,1.62,2.02,3.62,399.0,3.67,389.0
NOR,48,McLaren,McLaren,4.27,2.0,4.85,1,11,31,64.6,79.2,91.7,738.0,15.38,3,6.2,-1.1,0.0,11,5.21,-0.38,1.35,3.25,2.82,15,50.0,5.45,3.92,-1.54,62.5,48,68.8,48,5.0,-0.73,4.29,344.0,4.25,394.0
PIA,48,McLaren,McLaren,4.67,3.5,4.27,1,9,24,50.0,75.0,93.8,646.0,13.46,2,4.2,-0.46,0.0,9,3.78,-0.32,2.62,4.23,3.03,6,35.4,4.27,4.78,0.51,37.5,48,31.2,48,7.88,-3.2,5.12,265.0,4.21,381.0
LEC,48,Ferrari,Ferrari,5.65,4.0,4.9,1,3,20,41.7,72.9,85.4,552.0,11.5,4,8.3,-0.23,0.0,16,5.0,0.29,2.91,5.4,3.08,3,20.8,8.82,4.7,-4.12,72.9,48,70.8,48,6.88,-1.22,4.54,327.0,6.75,225.0
RUS,48,Mercedes,Mercedes,5.65,5.0,4.06,1,4,13,27.1,62.5,91.7,515.0,10.73,3,6.2,-0.65,0.0,14,4.73,-0.31,1.97,4.77,2.99,5,18.8,4.91,5.86,0.96,75.0,48,83.3,48,4.12,1.53,6.75,226.0,4.54,289.0
HAM,48,"Mercedes,Ferrari",Ferrari,7.73,7.0,4.69,1,2,5,10.4,33.3,83.3,342.0,7.12,5,10.4,1.38,1.0,12,5.43,0.67,1.75,8.77,4.83,0,2.1,5.91,8.27,2.36,27.1,48,20.8,48,9.25,-1.52,6.96,207.0,8.5,135.0
SAI,47,"Ferrari,Williams",Williams,9.0,8.0,5.76,1,2,11,23.4,38.3,63.8,316.0,6.72,7,14.9,-0.51,0.0,8,4.29,-0.02,1.22,8.32,5.03,1,8.5,11.18,8.33,-2.85,38.3,47,48.9,47,10.5,-1.5,5.7,262.0,12.17,54.0
PER,24,Red Bull Racing,Red Bull Racing,9.62,8.0,5.85,2,0,4,16.7,25.0,66.7,138.0,5.75,5,20.8,-0.25,1.0,9,4.78,0.05,2.1,9.25,5.53,0,8.3,12.2,8.95,-3.25,4.2,24,4.2,24,13.62,-4.01,9.62,138.0,,
ANT,24,Mercedes,Mercedes,9.83,7.5,5.89,2,0,3,12.5,29.2,58.3,135.0,5.62,4,16.7,-1.08,-1.0,14,5.87,0.09,1.76,8.58,4.95,0,4.2,8.33,10.33,2.0,12.5,24,12.5,24,6.62,3.2,,,9.83,135.0
ALO,48,Aston Martin,Aston Martin,11.02,10.5,4.26,5,0,0,0.0,4.2,50.0,121.0,2.52,6,12.5,-1.21,-1.0,6,3.71,0.33,1.39,9.98,3.83,0,0.0,11.82,10.78,-1.03,70.2,47,89.4,47,11.0,0.02,10.17,70.0,11.88,51.0
BEA,27,"Ferrari,Haas F1 Team",Haas F1 Team,11.56,11.0,4.05,4,0,0,0.0,3.7,40.7,46.0,1.7,3,11.1,2.41,2.0,14,4.83,1.04,1.81,13.7,3.93,0,0.0,12.43,11.25,-1.18,51.9,27,59.3,27,10.12,1.44,9.67,7.0,11.79,39.0
HAD,24,Racing Bulls,Racing Bulls,11.79,11.0,4.58,3,0,1,4.2,4.2,41.7,50.0,2.08,3,12.5,-2.0,-1.0,9,4.97,-0.43,1.93,9.67,3.64,0,0.0,15.83,10.44,-5.39,66.7,24,70.8,24,12.38,-0.59,,,11.79,50.0
HUL,48,"Haas F1 Team,Kick Sauber",Kick Sauber,12.21,11.0,4.58,3,0,1,2.1,4.2,39.6,87.0,1.81,6,12.5,1.08,1.0,16,5.19,0.3,3.1,13.33,3.86,0,0.0,10.73,12.65,1.92,62.5,48,57.4,47,13.5,-1.29,11.62,36.0,12.79,51.0
ALB,48,Williams,Williams,12.79,12.5,4.64,5,0,0,0.0,8.3,31.2,82.0,1.71,10,20.8,0.02,1.0,10,4.84,0.22,2.18,12.75,3.82,0,0.0,12.27,12.95,0.67,66.0,47,66.0,47,13.38,-0.59,14.54,12.0,11.04,70.0
TSU,48,"RB,Racing Bulls,Red Bull Racing",Red Bull Racing,12.88,12.5,3.87,6,0,0,0.0,0.0,33.3,50.0,1.04,5,10.4,-0.96,0.0,10,4.63,-0.09,2.6,11.85,4.16,0,0.0,12.55,12.97,0.43,31.2,48,39.6,48,11.12,1.76,13.17,29.0,12.58,21.0
LAW,30,"RB,Red Bull Racing,Racing Bulls",Racing Bulls,12.93,14.0,4.22,5,0,0,0.0,3.3,30.0,42.0,1.4,6,20.0,-0.43,0.0,10,3.95,0.48,1.79,12.57,4.54,0,0.0,14.57,12.43,-2.14,30.0,30,20.0,30,12.38,0.55,13.5,4.0,12.79,38.0
OCO,47,"Alpine,Haas F1 Team",Haas F1 Team,13.09,14.0,3.93,2,0,1,2.1,4.3,29.8,57.0,1.21,3,6.4,1.46,1.0,8,3.62,0.24,3.37,14.77,3.81,0,0.0,11.82,13.47,1.65,53.2,47,46.8,47,12.38,0.71,13.7,23.0,12.5,34.0
MAG,22,Haas F1 Team,Haas F1 Team,13.36,12.0,3.7,7,0,0,0.0,0.0,22.7,14.0,0.64,2,9.1,1.27,1.0,6,2.76,1.33,2.29,14.27,3.01,0,0.0,12.25,13.61,1.36,22.7,22,27.3,22,12.75,0.61,13.36,14.0,,
RIC,18,RB,RB,13.39,13.0,3.01,8,0,0,0.0,0.0,16.7,7.0,0.39,2,11.1,-0.28,0.5,6,3.69,-0.82,1.07,13.17,3.47,0,0.0,11.25,14.0,2.75,50.0,18,33.3,18,12.5,0.89,13.39,7.0,,
STR,47,Aston Martin,Aston Martin,13.53,14.0,4.0,6,0,0,0.0,0.0,25.5,53.0,1.13,5,10.6,0.6,1.0,12,4.54,0.31,2.17,14.4,3.85,0,0.0,12.09,13.97,1.88,29.8,47,10.6,47,14.62,-1.1,13.38,24.0,13.7,29.0
GAS,48,Alpine,Alpine,13.73,13.0,4.62,3,0,1,2.1,4.2,29.2,60.0,1.25,6,12.5,-0.48,-0.5,10,4.55,0.43,2.01,13.31,4.59,0,0.0,11.36,14.43,3.07,54.2,48,62.5,48,16.12,-2.39,12.88,40.0,14.58,20.0
BOR,24,Kick Sauber,Kick Sauber,14.25,14.5,4.06,6,0,0,0.0,0.0,20.8,19.0,0.79,5,20.8,-0.04,0.0,6,2.96,-0.35,1.77,13.96,3.82,0,0.0,15.33,13.89,-1.44,45.8,24,52.2,23,14.62,-0.38,,,14.25,19.0
COL,27,"Williams,Alpine",Alpine,15.22,15.0,3.23,8,0,0,0.0,0.0,7.4,5.0,0.19,3,11.1,1.07,0.0,6,3.11,0.56,1.83,16.56,2.86,0,0.0,17.0,14.82,-2.18,44.4,27,25.9,27,16.5,-1.28,13.56,5.0,16.06,0.0
ZHO,24,Kick Sauber,Kick Sauber,15.5,15.0,2.86,8,0,0,0.0,0.0,4.2,4.0,0.17,2,8.3,2.08,2.0,6,2.54,0.5,1.77,18.0,2.45,0,0.0,15.6,15.47,-0.13,41.7,24,12.5,24,14.0,1.5,15.5,4.0,,
BOT,24,Kick Sauber,Kick Sauber,15.83,16.0,2.22,11,0,0,0.0,0.0,0.0,0.0,0.0,2,8.3,-0.79,-1.0,6,3.67,-0.5,1.74,15.12,2.91,0,0.0,14.6,16.16,1.56,58.3,24,87.5,24,15.38,0.46,15.83,0.0,,
DOO,7,Alpine,Alpine,16.14,15.0,2.61,13,0,0,0.0,0.0,0.0,0.0,0.0,2,28.6,-0.43,0.0,5,4.35,0.8,0.45,16.14,3.24,0,0.0,19.5,14.8,-4.7,28.6,7,14.3,7,16.14,-0.0,15.0,0.0,16.33,0.0
SAR,14,Williams,Williams,17.14,17.0,2.63,11,0,0,0.0,0.0,0.0,0.0,0.0,2,14.3,0.0,0.5,5,3.04,-0.07,1.82,17.5,2.82,0,0.0,17.5,17.0,-0.5,14.3,14,0.0,14,16.88,0.27,17.14,0.0,,
