Driver,Team,score,win_pct,pod_pct,avg_pts,p10,p50,p90,avg_fin,Name,Pos,fm,GridPos
LEC,Ferrari,68.51784704578786,29.18,70.6,16.3202,1.0,2.0,7.0,4.1012,Charles Leclerc,1,>>,4
ANT,Mercedes,66.64532671615464,27.62,66.38,15.1364,1.0,2.0,20.0,5.4237,Kimi Antonelli,2,^^,2
RUS,Mercedes,64.75643402399142,27.59,72.41,16.5418,1.0,2.0,6.0,3.8388,George Russell,3,>>,1
HAD,Red Bull Racing,63.44843907273749,6.87,32.06,10.6166,2.0,5.0,20.0,6.5622,Isack Hadjar,4,^^,3
HAM,Ferrari,65.58030965478152,4.45,26.28,10.0324,2.0,5.0,18.0,6.4274,Lewis Hamilton,5,>>,7
NOR,McLaren,62.61723784128512,2.1,14.099999999999998,8.2223,3.0,6.0,10.0,6.7899,Lando Norris,6,^>,6
PIA,McLaren,61.10949895744898,1.36,10.83,7.4577,3.0,6.0,10.0,7.0741,Oscar Piastri,7,v>,5
LIN,Racing Bulls,60.74922437073431,0.24,2.48,4.0552,5.0,9.0,14.0,9.2824,Arvid Lindblad,8,^>,9
HUL,Audi,62.402088015929344,0.22,2.15,3.7548,5.0,9.0,19.0,9.861,Nico Hulkenberg,9,^>,11
LAW,Racing Bulls,58.77889553857924,0.12,1.08,2.5832,6.0,10.0,21.0,11.4769,Liam Lawson,10,^>,8
VER,Red Bull Racing,65.61818502017532,0.09,0.31,1.1604,8.0,12.0,15.0,11.7068,Max Verstappen,11,v>,19
BEA,Haas F1 Team,59.07873970125448,0.0699999999999999,0.36,1.3074,8.0,11.0,19.0,11.8791,Oliver Bearman,12,>>,12
GAS,Alpine,61.08873987848676,0.06,0.41,1.407,7.0,11.0,20.0,11.9463,Pierre Gasly,13,v>,14
OCO,Haas F1 Team,60.27650921081295,0.02,0.3,1.4988,7.0,11.0,14.0,11.2469,Esteban Ocon,14,>>,13
STR,Aston Martin,22.38579909358681,0.01,0.01,0.0026,17.0,20.0,22.0,19.5358,Lance Stroll,15,v>,21
BOR,Audi,56.50040252776048,0.0,0.2299999999999999,0.8753,8.0,12.0,20.0,13.1823,Gabriel Bortoleto,16,>>,10
ALB,Williams,49.26206192665736,0.0,0.0,0.0049,13.0,15.0,20.0,15.9961,Alexander Albon,17,v>,15
ALO,Aston Martin,40.32772387721541,0.0,0.0,0.0016,15.0,17.0,20.0,16.9678,Fernando Alonso,18,v>,17
BOT,Cadillac,34.789178406635884,0.0,0.0,0.0,16.0,18.0,20.0,18.3243,Valtteri Bottas,19,v>,22
COL,Alpine,51.91179827796173,0.0,0.0,0.0186,13.0,15.0,19.0,15.1576,Franco Colapinto,20,v>,16
PER,Cadillac,31.588856933186545,0.0,0.01,0.0019,16.0,19.0,22.0,18.8156,Sergio Perez,21,v>,18
SAI,Williams,42.117351819752486,0.0,0.0,0.0009,15.0,17.0,21.0,17.4038,Carlos Sainz,22,v>,20
