Driver,exp_pos,actual,p_actual,grid,dnf,surprise,error
NOR,5.809783967663811,1,0.2729480721998381,1,False,1.2984737136119262,-4.809783967663811
VER,6.615134645317097,2,0.10807633983602814,4,False,2.2249174512253598,-4.615134645317097
ANT,5.776314862646873,3,0.13455210204796472,7,False,2.005803779129587,-2.776314862646873
LEC,4.839392333223928,4,0.09657249652839764,2,False,2.3374612933296226,-0.8393923332239277
HAM,5.87265274208139,5,0.134435383777276,5,False,2.0066716133907683,-0.8726527420813897
HAD,8.746610825231965,6,0.168098501537527,8,False,1.7832051527207602,-2.746610825231965
RUS,6.690614218405078,7,0.07103832836822883,6,False,2.644535711427712,0.3093857815949219
LAW,11.291430027294993,8,0.14259712556870782,11,False,1.9477319285072918,-3.291430027294993
HUL,12.075285568361627,9,0.14162482267960377,10,False,1.954573811676383,-3.075285568361627
LIN,10.392797608418425,10,0.07198829814781245,9,False,2.6312516988996455,-0.3927976084184248
BOR,12.976642517769246,11,0.12786565097829836,14,False,2.0567751680122015,-1.9766425177692462
GAS,11.765183251457543,12,0.11213854752468405,12,False,2.1880201407096758,0.23481674854245682
STR,18.225246756134105,13,0.014911349324098135,20,False,4.20563265637274,-5.225246756134105
ALO,17.611436883642558,14,0.0502316792295771,16,False,2.991109390969164,-3.6114368836425577
COL,12.40310537908828,15,0.04129151389641965,13,False,3.187098274790923,2.596894620911719
OCO,13.672133752941402,16,0.06724467545290008,15,False,2.6994174390562877,2.327866247058598
ALB,15.624909240717171,17,0.10580687964776272,19,False,2.2461397366458606,1.3750907592828288
SAI,15.623994680603337,18,0.04868385162267551,18,False,3.0224078927380997,2.376005319396663
BEA,14.23927930213741,19,0.02929467469325727,17,False,3.5303495305612147,4.76072069786259
PIA,7.535181657558595,20,0.03467679312911591,3,True,3.3616846016708175,12.464818342441404
PER,17.767985968232765,21,0.10390588988376231,22,True,2.2642696944782474,3.2320140317672355
BOT,17.444883811072398,22,0.10125698470654096,21,True,2.2900935906188673,4.555116188927602
