DriverNumber,BroadcastName,Abbreviation,DriverId,TeamName,TeamColor,TeamId,FirstName,LastName,FullName,HeadshotUrl,CountryCode,Position,ClassifiedPosition,GridPosition,Q1,Q2,Q3,Time,Status,Points,Laps
12,K ANTONELLI,ANT,,Mercedes,00D7B6,,Kimi,Antonelli,Kimi Antonelli,https://media.formula1.com/d_driver_fallback_image.png/content/dam/fom-website/drivers/K/ANDANT01_Kimi_Antonelli/andant01.png.transform/1col/image.png,,1.0,,,0 days 00:01:33.305000,0 days 00:01:32.443000,0 days 00:01:32.064000,,,,
63,G RUSSELL,RUS,,Mercedes,00D7B6,,George,Russell,George Russell,https://media.formula1.com/d_driver_fallback_image.png/content/dam/fom-website/drivers/G/GEORUS01_George_Russell/georus01.png.transform/1col/image.png,,2.0,,,0 days 00:01:33.262000,0 days 00:01:32.523000,0 days 00:01:32.286000,,,,
44,L HAMILTON,HAM,,Ferrari,ED1131,,Lewis,Hamilton,Lewis Hamilton,https://media.formula1.com/d_driver_fallback_image.png/content/dam/fom-website/drivers/L/LEWHAM01_Lewis_Hamilton/lewham01.png.transform/1col/image.png,,3.0,,,0 days 00:01:33.522000,0 days 00:01:32.567000,0 days 00:01:32.415000,,,,
16,C LECLERC,LEC,,Ferrari,ED1131,,Charles,Leclerc,Charles Leclerc,https://media.formula1.com/d_driver_fallback_image.png/content/dam/fom-website/drivers/C/CHALEC01_Charles_Leclerc/chalec01.png.transform/1col/image.png,,4.0,,,0 days 00:01:33.175000,0 days 00:01:32.486000,0 days 00:01:32.428000,,,,
81,O PIASTRI,PIA,,McLaren,F47600,,Oscar,Piastri,Oscar Piastri,https://media.formula1.com/d_driver_fallback_image.png/content/dam/fom-website/drivers/O/OSCPIA01_Oscar_Piastri/oscpia01.png.transform/1col/image.png,,5.0,,,0 days 00:01:33.590000,0 days 00:01:33.130000,0 days 00:01:32.550000,,,,
1,L NORRIS,NOR,,McLaren,F47600,,Lando,Norris,Lando Norris,https://media.formula1.com/d_driver_fallback_image.png/content/dam/fom-website/drivers/L/LANNOR01_Lando_Norris/lannor01.png.transform/1col/image.png,,6.0,,,0 days 00:01:33.535000,0 days 00:01:32.910000,0 days 00:01:32.608000,,,,
10,P GASLY,GAS,,Alpine,00A1E8,,Pierre,Gasly,Pierre Gasly,https://media.formula1.com/d_driver_fallback_image.png/content/dam/fom-website/drivers/P/PIEGAS01_Pierre_Gasly/piegas01.png.transform/1col/image.png,,7.0,,,0 days 00:01:33.788000,0 days 00:01:33.003000,0 days 00:01:32.873000,,,,
3,M VERSTAPPEN,VER,,Red Bull Racing,4781D7,,Max,Verstappen,Max Verstappen,https://media.formula1.com/d_driver_fallback_image.png/content/dam/fom-website/drivers/M/MAXVER01_Max_Verstappen/maxver01.png.transform/1col/image.png,,8.0,,,0 days 00:01:33.417000,0 days 00:01:33.098000,0 days 00:01:33.002000,,,,
6,I HADJAR,HAD,,Red Bull Racing,4781D7,,Isack,Hadjar,Isack Hadjar,https://media.formula1.com/d_driver_fallback_image.png/content/dam/fom-website/drivers/I/ISAHAD01_Isack_Hadjar/isahad01.png.transform/1col/image.png,,9.0,,,0 days 00:01:33.632000,0 days 00:01:33.352000,0 days 00:01:33.121000,,,,
87,O BEARMAN,BEA,,Haas F1 Team,9C9FA2,,Oliver,Bearman,Oliver Bearman,https://media.formula1.com/d_driver_fallback_image.png/content/dam/fom-website/drivers/O/OLIBEA01_Oliver_Bearman/olibea01.png.transform/1col/image.png,,10.0,,,0 days 00:01:33.687000,0 days 00:01:33.197000,0 days 00:01:33.292000,,,,
27,N HULKENBERG,HUL,,Audi,F50537,,Nico,Hulkenberg,Nico Hulkenberg,https://media.formula1.com/d_driver_fallback_image.png/content/dam/fom-website/drivers/N/NICHUL01_Nico_Hulkenberg/nichul01.png.transform/1col/image.png,,11.0,,,0 days 00:01:34.116000,0 days 00:01:33.354000,,,,,
43,F COLAPINTO,COL,,Alpine,00A1E8,,Franco,Colapinto,Franco Colapinto,https://media.formula1.com/d_driver_fallback_image.png/content/dam/fom-website/drivers/F/FRACOL01_Franco_Colapinto/fracol01.png.transform/1col/image.png,,12.0,,,0 days 00:01:33.634000,0 days 00:01:33.357000,,,,,
31,E OCON,OCO,,Haas F1 Team,9C9FA2,,Esteban,Ocon,Esteban Ocon,https://media.formula1.com/d_driver_fallback_image.png/content/dam/fom-website/drivers/E/ESTOCO01_Esteban_Ocon/estoco01.png.transform/1col/image.png,,13.0,,,0 days 00:01:33.974000,0 days 00:01:33.538000,,,,,
30,L LAWSON,LAW,,Racing Bulls,6C98FF,,Liam,Lawson,Liam Lawson,https://media.formula1.com/d_driver_fallback_image.png/content/dam/fom-website/drivers/L/LIALAW01_Liam_Lawson/lialaw01.png.transform/1col/image.png,,14.0,,,0 days 00:01:34.139000,0 days 00:01:33.765000,,,,,
41,A LINDBLAD,LIN,,Racing Bulls,6C98FF,,Arvid,Lindblad,Arvid Lindblad,https://media.formula1.com/d_driver_fallback_image.png/content/dam/fom-website/drivers/A/ARVLIN01_Arvid_Lindblad/arvlin01.png.transform/1col/image.png,,15.0,,,0 days 00:01:33.906000,0 days 00:01:33.784000,,,,,
5,G BORTOLETO,BOR,,Audi,F50537,,Gabriel,Bortoleto,Gabriel Bortoleto,https://media.formula1.com/d_driver_fallback_image.png/content/dam/fom-website/drivers/G/GABBOR01_Gabriel_Bortoleto/gabbor01.png.transform/1col/image.png,,16.0,,,0 days 00:01:33.549000,0 days 00:01:33.965000,,,,,
55,C SAINZ,SAI,,Williams,1868DB,,Carlos,Sainz,Carlos Sainz,https://media.formula1.com/d_driver_fallback_image.png/content/dam/fom-website/drivers/C/CARSAI01_Carlos_Sainz/carsai01.png.transform/1col/image.png,,17.0,,,0 days 00:01:34.317000,,,,,,
23,A ALBON,ALB,,Williams,1868DB,,Alexander,Albon,Alexander Albon,https://media.formula1.com/d_driver_fallback_image.png/content/dam/fom-website/drivers/A/ALEALB01_Alexander_Albon/alealb01.png.transform/1col/image.png,,18.0,,,0 days 00:01:34.772000,,,,,,
14,F ALONSO,ALO,,Aston Martin,229971,,Fernando,Alonso,Fernando Alonso,https://media.formula1.com/d_driver_fallback_image.png/content/dam/fom-website/drivers/F/FERALO01_Fernando_Alonso/feralo01.png.transform/1col/image.png,,19.0,,,0 days 00:01:35.203000,,,,,,
77,V BOTTAS,BOT,,Cadillac,909090,,Valtteri,Bottas,Valtteri Bottas,https://media.formula1.com/d_driver_fallback_image.png/content/dam/fom-website/drivers/V/VALBOT01_Valtteri_Bottas/valbot01.png.transform/1col/image.png,,20.0,,,0 days 00:01:35.436000,,,,,,
18,L STROLL,STR,,Aston Martin,229971,,Lance,Stroll,Lance Stroll,https://media.formula1.com/d_driver_fallback_image.png/content/dam/fom-website/drivers/L/LANSTR01_Lance_Stroll/lanstr01.png.transform/1col/image.png,,21.0,,,0 days 00:01:35.995000,,,,,,
11,S PEREZ,PER,,Cadillac,909090,,Sergio,Perez,Sergio Perez,https://media.formula1.com/d_driver_fallback_image.png/content/dam/fom-website/drivers/S/SERPER01_Sergio_Perez/serper01.png.transform/1col/image.png,,22.0,,,0 days 00:01:36.906000,,,,,,
