team,n_races,avg_finish,avg_race_pace,avg_deg,strategy_score,reliability,pace_score,team_score
Mercedes,6.0,1.8333333333333335,93.26234645659088,-0.45973499250628774,1.0,100.0,63.36724921310363,66.48732373796389
Ferrari,6.0,3.8333333333333335,94.04070400228704,-0.38233669993098807,1.3333333333333335,100.0,53.65422082876062,59.28539804861083
McLaren,6.0,9.333333333333334,90.32676582547171,-0.3218379920273051,2.166666666666666,66.66666666666666,100.0,74.11520531709846
Red Bull Racing,6.0,11.666666666666668,94.75699151565416,-0.3995917281336104,-1.1666666666666667,66.66666666666666,44.71575676792512,41.695065506568504
Haas F1 Team,6.0,11.5,95.23764084241105,-0.3087086847086813,2.3333333333333335,83.33333333333333,38.71779274802289,43.112649887764924
Racing Bulls,6.0,10.5,95.52971564120483,-0.36487346809889215,0.33333333333333337,100.0,35.07302714290774,42.47096253815708
Audi,6.0,14.333333333333334,94.9879758974359,-0.340224267589522,-2.8333333333333335,66.66666666666666,41.833330986879616,35.453828804255664
Alpine,6.0,10.5,95.33956153397142,-0.44807586268886535,0.1666666666666667,100.0,37.4459369337489,44.32277471281072
Williams,6.0,15.5,95.83603617149646,-0.33401536524019837,-0.16666666666666652,83.33333333333334,31.250490800989883,33.32254191003979
Cadillac,6.0,16.5,97.24042179160972,-0.31121837262615265,1.3333333333333335,83.33333333333334,13.725334828456973,24.879613045251922
Aston Martin,6.0,18.166666666666664,98.34030717320263,-0.34693591289171466,0.0,16.666666666666664,0.0,8.786819446377466
