Driver,best_soft,mean_soft,q10_soft,q25_soft,count_soft,best_medium,mean_medium,q10_medium,q25_medium,count_medium,best_hard,mean_hard,q10_hard,q25_hard,count_hard,best_lap,median_lap,q10_lap,q25_lap,total_laps,best_s1,best_s2,best_s3,theoretical_best,best_vs_theoretical,longrun_pace,longrun_std,longrun_median,longrun_count,longrun_q25,longrun_q75,best_stint_pace,avg_stint_pace,stint_count,longest_stint_len,longest_stint_pace,tyre_deg_slope,tyre_deg_r2,tyre_deg_intercept,iqr,lap_std,cv,s1_std,s1_iqr,s2_std,s2_iqr,s3_std,s3_iqr,day_improvement,max_speed_st,avg_speed_st,max_speed_fl,avg_speed_i1,avg_speed_i2,speed_delta_st_fl,soft_medium_delta,medium_hard_delta,soft_hard_delta,Team,hist_overall,hist_racecraft,hist_consistency,hist_qualifying,hist_experience,hist_wins,hist_poles,hist_composite,hist_win_rate,hist_pole_rate,is_rookie,target_score
ALB,96.793,107.34791549295774,98.99799999999999,100.69900000000001,71,97.785,102.02759999999999,99.6275,100.15525,40.0,100.94,102.41408823529412,101.2794,101.69275,34.0,96.793,101.578,99.59479999999999,100.648,145,30.409,42.61,23.63,96.649,0.14400000000000546,102.04045794392525,2.485693860384706,101.58500000000001,107,100.8845,102.4,100.658,103.76417867777751,11,23,101.80004347826089,-0.3603213260784719,0.07547190143999774,106.43649078219346,2.4410000000000025,9.333626245685922,0.0891265100542058,3.6367463993756353,0.6549999999999976,4.967420076968808,1.1269999999999953,1.9719453897638057,0.6829999999999998,0.42204999999999865,325.0,292.3379310344828,304.0,213.09655172413792,223.83448275862068,21.0,0.9919999999999902,3.155000000000001,4.146999999999991,Williams,80.0,82.0,81.0,78.0,5.0,0.0,0.0,80.30000000000001,0.0,0.0,0,52.84543119685137
ALO,109.725,112.0435,110.1887,110.88425,2,98.96000000000001,106.28762,100.29429999999999,100.952,50.0,99.45,107.11728571428571,100.70580000000001,101.702,7.0,98.96000000000001,102.16499999999999,100.2926,101.17099999999999,59,30.698,43.382,24.276,98.356,0.6040000000000134,104.25904761904762,4.6152443581550475,102.21249999999999,42,101.54575,104.34925,101.51357142857144,104.79330714285713,5,8,107.92925,-0.8565573019990849,0.07752474918176651,109.89082405005341,7.975999999999999,9.514149544598519,0.08926670245774528,3.629140404797301,0.6500000000000057,4.8198688140415635,2.8135000000000048,2.8152334549040074,2.0675000000000026,,306.0,272.96610169491527,296.0,211.61016949152543,214.10169491525423,10.0,-10.764999999999986,0.4899999999999949,-10.274999999999991,Aston Martin,85.0,93.0,80.0,80.0,23.0,32.0,22.0,85.0,0.06324110671936758,0.043478260869565216,0,32.22917801948216
ANT,93.669,98.96490909090909,94.799,98.39675,22,,,,,,97.62899999999999,101.80859375,97.9919,98.3935,32.0,93.669,98.781,97.72109999999999,98.38250000000001,54,29.568,41.042,23.047,93.657,0.012000000000000455,99.16321052631578,0.7598200056377062,98.888,38,98.56075,99.8875,98.10522222222221,98.86253207070706,4,15,100.07546666666664,0.15337275087549804,0.341446648565342,97.49018113754377,1.5097499999999968,8.001175563195808,0.07949499400702685,2.2749240599822738,0.4757499999999979,3.1323081297625213,0.7019999999999982,3.2925644002569285,0.4634999999999998,-0.176400000000001,327.0,300.64814814814815,305.0,221.16666666666666,232.11111111111111,22.0,,,3.9599999999999937,Mercedes,80.0,76.0,70.0,85.0,0.0,0.0,0.0,78.0,0.0,0.0,1,69.5820148611581
BEA,95.394,101.18843103448276,96.91760000000001,99.22075,58,100.37899999999999,104.96985714285714,100.6179,100.838,14.0,100.97999999999999,102.15361764705882,101.2537,101.626,34.0,95.394,101.625,97.905,100.4505,107,30.022,41.994,23.378,95.39399999999999,1.4210854715202004e-14,101.50841891891892,0.7803050159990881,101.64150000000001,74,101.13525000000001,102.00874999999999,101.2352,101.73475886930531,7,14,102.41957142857143,0.0721717117019548,0.028410219663663822,101.14627400227432,1.634999999999991,5.7484691793873015,0.056227214801320514,1.9216315742820285,0.4415000000000049,2.7215755125476546,0.8674999999999926,1.360731542972457,0.5080000000000027,-1.8765999999999963,332.0,297.58878504672896,315.0,219.37383177570092,232.00934579439252,17.0,4.984999999999985,0.6009999999999991,5.585999999999984,Haas F1 Team,73.0,72.0,74.0,72.0,1.0,0.0,0.0,72.75,0.0,0.0,1,48.926594195597986
BOR,96.67,106.31853846153847,97.79599999999999,100.65400000000001,26,99.077,107.10376190476191,99.438,99.911,21.0,97.977,105.65563333333333,98.5568,98.98025,30.0,96.67,100.824,98.70909999999999,100.046,84,30.459,42.696,23.408,96.563,0.10699999999999932,104.20785964912281,7.527815964423917,101.044,57,100.41,102.951,100.296875,103.69659986772487,9,14,100.7812857142857,0.015916047575041028,8.376507488010819e-05,103.08749537331524,3.934999999999988,12.019931538939947,0.11312273421282579,4.9658168706438515,0.8120000000000012,6.584581783512857,3.5615000000000094,1.8826706676420522,0.7250000000000014,-0.8626999999999966,315.0,285.23809523809524,306.0,206.6547619047619,224.27380952380952,9.0,2.4069999999999965,-1.0999999999999943,1.3070000000000022,Audi,70.0,68.0,65.0,70.0,0.0,0.0,0.0,68.5,0.0,0.0,1,25.57170942251347
BOT,96.824,105.7829375,101.7285,103.22725,16,98.77199999999999,106.60334285714285,100.4144,101.128,35.0,99.15,102.06280952380955,100.6538,101.37174999999999,42.0,96.824,102.13,100.4884,101.314,93,30.123,42.992,23.705,96.82,0.0040000000000048885,102.42361428571427,1.1569868072958869,102.388,70,101.63875,103.02725,101.59418181818182,102.26386756993007,4,39,102.0488717948718,-0.007004590728368218,0.002167776600394032,102.29077456244622,1.9300000000000068,8.077515794374431,0.07736221964272737,2.9049216351572826,0.5339999999999989,3.9787968358373824,1.061,1.660275114145757,0.48600000000000065,0.07985000000000042,325.0,289.4516129032258,305.0,217.34408602150538,227.10752688172042,20.0,1.9479999999999933,0.3780000000000143,2.3260000000000076,Cadillac,77.0,72.0,80.0,82.0,12.0,10.0,20.0,77.35000000000001,0.03787878787878788,0.07575757575757576,0,42.22233680810133
COL,95.806,103.08709433962262,96.89179999999999,100.152,53,98.40100000000001,100.35553333333331,98.8571,99.518,30.0,101.247,102.73764285714284,101.646,102.10275,28.0,95.806,101.3235,98.8099,99.95474999999999,112,30.225,42.086,23.47,95.781,0.024999999999991473,101.25274999999999,1.062042556776828,101.2895,80,100.2355,102.19875,99.14599999999999,100.58035733780108,8,18,102.2848888888889,0.1681771720160523,0.18481062828104536,99.55957233852178,2.5615000000000094,6.505310600997005,0.06351145614275626,1.7932328744807327,0.8000000000000007,3.7573615735336143,1.0744999999999933,1.3496623727849801,0.7257500000000014,-1.2249999999999943,318.0,291.24107142857144,300.0,218.33035714285714,229.83035714285714,18.0,2.595000000000013,2.8459999999999894,5.4410000000000025,Alpine,72.0,70.0,68.0,72.0,1.0,0.0,0.0,70.7,0.0,0.0,1,48.13027137818584
GAS,96.723,107.5891,97.4092,99.56325000000001,60,99.221,100.94853571428574,99.7706,100.29525000000001,28.0,99.625,100.36600000000001,100.0378,100.34100000000001,7.0,96.723,100.505,98.2406,99.82849999999999,95,30.222,42.347,23.67,96.239,0.48399999999999466,101.07049253731344,2.5224692650506735,100.721,67,100.0845,101.44,99.0715,102.26943992063492,10,12,101.39908333333331,-0.005126793586308398,5.664115586590961e-06,102.38595387457863,1.775500000000008,12.959975333874956,0.12331130512205814,5.150285032132304,0.7399999999999949,6.606325318756656,0.9390000000000001,1.687464417774253,0.7019999999999982,2.2543999999999897,320.0,285.81052631578945,301.0,208.73684210526315,228.2,19.0,2.4980000000000047,0.40399999999999636,2.902000000000001,Alpine,78.0,80.0,78.0,79.0,8.0,1.0,1.0,78.7,0.005681818181818182,0.005681818181818182,0,53.30289468399677
HAD,95.61,101.89532653061225,97.361,97.938,49,96.81700000000001,101.16130232558139,98.89580000000001,99.51650000000001,43.0,,,,,,95.61,99.46100000000001,97.7344,98.5245,92,29.936,41.993,23.401,95.33,0.28000000000000114,99.5974705882353,1.0797725640924631,99.51650000000001,68,98.71424999999999,100.412,98.1145,100.06440338345865,7,19,100.28147368421052,0.04671843852893587,0.0035595398339244777,99.51620712093309,2.1629999999999967,7.5546171001725675,0.07439143002909898,3.4559190245473603,0.7227500000000013,3.2452079041108504,1.0564999999999998,1.6031102892538613,0.5410000000000004,-1.277799999999985,333.0,296.9891304347826,306.0,219.07608695652175,232.6304347826087,27.0,1.2070000000000078,,,Red Bull Racing,72.0,70.0,70.0,73.0,0.0,0.0,0.0,71.30000000000001,0.0,0.0,1,59.72108683071929
HAM,94.209,101.46141025641025,96.48689999999999,97.8875,78,97.154,103.81658333333333,97.28750000000001,97.355,12.0,98.468,98.9289411764706,98.5818,98.797,17.0,94.209,99.119,96.98479999999999,98.0015,107,29.7,41.358,22.947,94.005,0.20400000000000773,99.25498701298702,1.014146834763437,99.186,77,98.749,99.991,97.3244,98.77970992063491,7,16,100.1806875,0.11714450913241999,0.16200155848282366,97.87822456621005,2.120500000000007,8.724613820864704,0.08610678450241928,2.5866349114861493,0.578000000000003,5.404561770652108,0.9299999999999997,1.6903172482231288,0.6060000000000016,-0.389099999999992,326.0,304.23364485981307,316.0,217.97196261682242,228.65420560747663,10.0,2.944999999999993,1.3140000000000072,4.259,Ferrari,91.0,95.0,84.0,88.0,18.0,105.0,104.0,90.0,0.26515151515151514,0.26262626262626265,0,78.54016399634965
HUL,96.291,106.35561666666668,98.0202,99.13074999999999,60,97.172,105.49723913043478,98.074,99.29624999999999,46.0,99.85900000000001,100.30833333333332,99.8904,99.9375,3.0,96.291,100.051,98.0662,99.25200000000001,109,30.349,42.213,23.502,96.064,0.22700000000000387,103.03335,7.059844164199718,100.1715,80,99.497,101.1045,99.5755,102.61736302936194,8,23,102.85647826086957,-0.32633143761262257,0.03830260926521654,105.82259725750448,2.8159999999999883,12.692290924099195,0.11993441868923183,4.626632132619561,0.7289999999999992,6.8320489402435065,1.4939999999999998,2.7669823100835544,0.5289999999999999,-0.7026000000000039,319.0,279.76146788990826,307.0,208.52293577981652,221.3302752293578,12.0,0.8810000000000002,2.687000000000012,3.568000000000012,Audi,76.0,79.0,77.0,80.0,12.0,0.0,1.0,77.75,0.0,0.003787878787878788,0,45.43776313463673
LAW,96.80799999999999,103.00724528301885,99.2958,100.334,53,98.411,103.5218679245283,99.8692,100.346,53.0,,,,,,96.80799999999999,101.194,99.4888,100.32300000000001,107,30.15,42.573,24.011,96.734,0.07399999999999807,101.35911842105263,1.0495763458603065,101.18350000000001,76,100.46350000000001,101.964,100.24283333333334,101.3751951388889,8,20,101.60035,0.04958796375742178,0.003923169295264955,101.11476490373065,2.123499999999993,6.604304957976883,0.06397719023211391,1.9169994921777842,0.6254999999999988,4.04344403299778,1.0859999999999985,1.821447356427629,0.5387500000000003,0.2154999999999916,336.0,299.2710280373832,307.0,223.01869158878506,231.3551401869159,29.0,1.6030000000000086,,,Racing Bulls,74.0,72.0,72.0,74.0,1.0,0.0,0.0,73.1,0.0,0.0,1,46.61151759299313
LEC,94.273,102.43924561403507,96.0304,97.449,114,97.819,99.1577,98.02600000000001,98.25375000000001,10.0,,,,,,94.273,98.6605,96.2042,97.548,124,29.545,41.321,23.092,93.958,0.3149999999999977,99.28986956521737,2.2532745120725637,98.7285,92,97.81,100.16025,96.6472,100.02993415584415,10,24,98.58816666666667,-0.05561722422847839,0.008186460693818745,100.58398679495083,2.9907499999999914,10.701999290322238,0.10474226259270737,3.925251626074707,0.839500000000001,4.797855543352055,1.543999999999997,2.9515535692803376,0.8337499999999984,-1.9438999999999993,334.0,295.4596774193548,311.0,214.13709677419354,227.61290322580646,23.0,3.5460000000000065,,,Ferrari,92.0,88.0,82.0,95.0,7.0,10.0,26.0,89.6,0.06493506493506493,0.16883116883116883,0,80.28118414917566
LIN,97.47,103.54469999999999,99.86609999999999,100.9745,70,,,,,,101.191,102.20060714285714,101.3378,101.479,28.0,97.47,102.0015,100.0189,101.32825,100,30.368,42.928,23.843,97.139,0.33100000000000307,102.01815277777779,0.6963169437758633,102.04899999999999,72,101.5855,102.41775,99.60028571428572,101.49863909774436,5,19,101.84263157894736,0.10695536332864858,0.2278020346177259,100.61884391351109,1.4155000000000086,6.9365541550076255,0.06713596293461403,4.549333428574283,0.5082500000000039,2.5527249401572845,0.6629999999999967,1.3515052601757893,0.33674999999999855,-0.2780000000000058,329.0,291.64,309.0,222.17,229.11,20.0,,,3.7210000000000036,Racing Bulls,68.0,65.0,68.0,68.0,0.0,0.0,0.0,67.25,0.0,0.0,1,37.46670023398345
NOR,95.142,102.61438461538461,97.7014,98.402,39,94.669,106.83171428571428,96.0915,97.87599999999999,56.0,95.795,100.45675,96.5041,97.3005,24.0,94.669,99.378,96.2854,97.75049999999999,119,29.933,41.61,23.093,94.63600000000001,0.03299999999998704,101.61852873563221,7.441554582270351,99.429,87,97.9215,100.081,97.51977777777778,102.64811637498303,9,15,98.92360000000001,-0.8468312248628883,0.1358896279823315,109.55236614259599,3.5335000000000036,12.163361983171276,0.11677142453058016,4.594302651022895,0.9832499999999982,5.285788370868575,1.4270000000000067,2.8862438808316644,0.7134999999999998,0.5479000000000127,333.0,280.43697478991595,311.0,210.7058823529412,221.52941176470588,22.0,-0.472999999999999,1.1260000000000048,0.6530000000000058,McLaren,93.0,90.0,88.0,93.0,6.0,4.0,8.0,91.25,0.030303030303030304,0.06060606060606061,0,73.43348574913296
OCO,95.578,106.41322499999998,96.37199999999999,98.258,80,98.787,100.43721739130433,99.685,99.96549999999999,23.0,98.975,99.86875,99.235,99.60475,16.0,95.578,100.434,96.861,99.624,119,29.914,42.037,23.418,95.369,0.20900000000000318,101.46497560975611,3.6689063865778637,100.858,82,100.14925,101.78025,99.7596,102.72710760957793,8,16,99.8384375,0.08141930674398332,0.0033120921752348605,101.50517564175095,2.218500000000006,12.878974104907288,0.12338750431196417,4.330515652280432,0.6672500000000028,5.858958958737042,1.3299999999999983,3.0814217564794113,0.6865000000000023,1.0760000000000005,331.0,294.6470588235294,308.0,214.21848739495798,225.63025210084032,23.0,3.209000000000003,0.18799999999998818,3.3969999999999914,Haas F1 Team,76.0,78.0,75.0,76.0,8.0,1.0,0.0,76.3,0.005681818181818182,0.0,0,52.2127914876224
PER,98.65299999999999,104.4505185185185,100.7198,102.0155,27,98.828,109.42918750000001,99.11580000000001,100.7945,32.0,99.251,105.4615,100.40119999999999,101.1705,64.0,98.65299999999999,102.172,100.36439999999999,101.1935,123,30.731,43.264,23.948,97.94300000000001,0.7099999999999795,103.77569999999999,4.879635882644423,102.27850000000001,90,101.79925,103.28625,101.16673684210525,104.87469244425007,6,31,103.60067741935484,-0.2080819359087856,0.028940059908475667,106.57433828579737,2.5304999999999893,10.244502333745007,0.09639904749935133,3.419767629748656,0.597999999999999,5.182502132933171,1.2950000000000017,2.4467027250383557,0.6274999999999977,0.41295000000000215,324.0,282.8292682926829,305.0,212.1382113821138,222.78861788617886,19.0,0.17500000000001137,0.4230000000000018,0.5980000000000132,Cadillac,72.0,75.0,60.0,68.0,11.0,6.0,3.0,69.55000000000001,0.024793388429752067,0.012396694214876033,0,27.73608497558329
PIA,94.721,104.84172727272727,95.68220000000001,98.187,33,95.711,106.5023943661972,97.196,99.181,71.0,96.899,105.21251162790698,97.99940000000001,98.326,43.0,94.549,99.69,97.0342,98.485,149,29.734,41.508,23.258,94.5,0.049000000000006594,102.87579439252337,8.0674328428756,99.72399999999999,107,98.9405,101.45849999999999,98.47177777777779,105.55111423444977,11,19,99.57663157894737,-0.7988809706893435,0.11133220744062386,111.51186511669985,3.8589999999999947,13.039761206783941,0.12322357677801682,4.521787701627799,0.9360000000000035,6.138906145174394,2.0360000000000014,3.7282913670223503,1.283999999999999,0.5869,330.0,283.51006711409394,310.0,211.1275167785235,222.86577181208054,20.0,0.9899999999999949,1.1880000000000024,2.1779999999999973,McLaren,88.0,85.0,87.0,86.0,2.0,3.0,3.0,86.65,0.06818181818181818,0.06818181818181818,0,63.73594576300572
RUS,93.918,102.08951515151514,98.105,99.269,66,98.689,99.7295294117647,99.0028,99.481,17.0,97.913,99.58003225806453,98.25200000000001,98.9675,31.0,93.918,99.7255,98.2168,99.13075,114,29.631,41.35,22.937,93.91799999999999,1.4210854715202004e-14,99.82015662650603,0.7098421927327248,99.726,83,99.369,100.44800000000001,98.88833333333334,99.86793146258503,7,33,98.88833333333334,0.03320327769951865,0.02664475815338352,99.25871663362219,1.4634999999999962,7.403624104863789,0.0732631795459396,2.278859152061062,0.3877500000000005,4.436534244526543,0.7114999999999938,0.80649186755531,0.3655000000000008,0.044899999999998386,327.0,303.6140350877193,309.0,217.73684210526315,234.2017543859649,18.0,4.770999999999987,-0.7759999999999962,3.9949999999999903,Mercedes,89.0,86.0,86.0,91.0,5.0,3.0,5.0,88.05,0.02727272727272727,0.045454545454545456,0,75.36759087077559
SAI,97.23400000000001,109.37391666666666,98.3362,100.6845,84,97.186,104.2144,99.9706,100.60650000000001,10.0,99.406,104.20792307692308,101.32600000000001,102.4495,26.0,97.186,102.564,99.092,100.757,121,30.401,42.838,23.665,96.904,0.2820000000000107,105.01475280898879,6.6507871275116734,102.50800000000001,89,101.146,104.638,100.6009,104.58553172862713,9,19,103.38884210526315,0.02140709809502417,0.00029892906658267153,104.44272814770429,13.008999999999986,11.21939408197549,0.10403442619641869,4.30664137837187,1.3287499999999994,6.2059425922025335,6.434000000000005,2.1210792725498906,2.2340000000000018,-1.0038000000000054,314.0,279.7603305785124,305.0,208.83471074380165,219.3388429752066,9.0,-0.04800000000000182,2.219999999999999,2.171999999999997,Williams,86.0,85.0,83.0,84.0,6.0,4.0,6.0,84.74999999999999,0.030303030303030304,0.045454545454545456,0,23.907314581200243
STR,98.16499999999999,107.6848,98.6696,101.78225,20,99.88300000000001,107.50396875,100.4394,101.834,32.0,,,,,,98.16499999999999,103.256,100.2587,101.834,52,30.648,43.154,24.131,97.933,0.2319999999999851,105.09355263157896,6.033318766234127,103.38050000000001,38,102.91325,104.48725,102.62639999999999,103.80259853479852,3,13,105.37053846153846,-0.07013319897398322,0.0032422170379492374,104.63444100403076,2.939249999999987,12.21956576438832,0.11359269318106645,3.484437506241425,0.9000000000000057,6.718847443353572,1.0925000000000011,2.90699910736073,1.014000000000003,0.20409999999999684,311.0,282.3269230769231,299.0,203.17307692307693,214.03846153846155,12.0,1.7180000000000177,,,Aston Martin,68.0,65.0,65.0,68.0,7.0,0.0,1.0,66.65,0.0,0.006493506493506494,0,13.265094869038972
VER,94.798,100.20104761904764,96.5404,97.719,63,95.43299999999999,103.96394736842105,97.4514,98.559,57.0,95.631,100.66033333333333,95.89429999999999,97.65725,12.0,94.798,98.649,97.0084,97.845,133,29.426,41.854,23.321,94.601,0.19700000000000273,98.85387628865979,1.044650512309939,98.675,97,98.118,99.318,97.62033333333333,99.13811609573999,11,23,99.88278260869563,-0.13520961622193203,0.010404482361409069,100.82639612489893,1.6670000000000016,11.183108607071947,0.10952428234206746,4.034268120327336,0.5500000000000007,5.774197959542395,0.7849999999999966,1.7923448565695357,0.4579999999999984,0.5846000000000018,336.0,297.0601503759398,312.0,217.51127819548873,232.17293233082708,24.0,0.6349999999999909,0.1980000000000075,0.8329999999999984,Red Bull Racing,98.0,99.0,95.0,97.0,10.0,63.0,40.0,97.45,0.2863636363636364,0.18181818181818182,0,87.90448018885633
