driver,n_races,avg_finish,dnf_rate,avg_pos_gained,recent_avg_finish,form_trend,driver_score
RUS,6.0,2.3333333333333335,0.0,0.0,2.49073,-0.15739666666666663,40.43784142857143
ANT,6.0,1.3333333333333335,0.0,0.0,1.3150699999999997,0.018263333333333742,42.04207285714286
LEC,6.0,3.333333333333334,0.0,0.33333333333333337,3.28203,0.051303333333334145,39.88463666666666
HAM,6.0,4.333333333333334,0.0,1.0000000000000002,4.523769999999999,-0.19043666666666503,39.54765857142857
NOR,6.0,10.000000000000002,33.333333333333336,0.625,9.230449999999998,0.7695500000000042,29.995740476190477
VER,6.0,10.000000000000002,33.333333333333336,8.75,9.6261,0.37390000000000256,38.35009047619047
BEA,6.0,10.333333333333334,33.33333333333333,2.5,11.27074,-0.937406666666666,31.562593333333332
LIN,6.0,11.333333333333336,0.0,0.33333333333333337,11.54552,-0.21218666666666408,28.192575238095237
BOR,6.0,14.0,33.333333333333336,0.625,13.71393,0.2860700000000005,23.79797476190476
GAS,6.0,7.666666666666668,0.0,1.3333333333333335,7.663179999999999,0.0034866666666690804,35.646343809523806
OCO,6.0,11.666666666666668,0.0,0.6666666666666667,11.443189999999998,0.2234766666666701,28.81871476190476
ALB,6.0,17.333333333333336,33.333333333333336,1.875,17.47944,-0.1461066666666646,21.103893333333332
LAW,6.0,9.666666666666668,0.0,-1.6666666666666667,9.69622,-0.029553333333332432,26.756160952380952
COL,6.0,13.333333333333334,0.0,0.6666666666666667,13.677679999999995,-0.34434666666666125,25.86993904761905
SAI,6.0,13.0,0.0,2.0000000000000004,13.30782,-0.30781999999999954,29.049322857142855
PER,6.0,16.0,0.0,0.6666666666666667,16.120869999999996,-0.12086999999999648,22.283891904761905
STR,6.0,19.333333333333336,100.0,,19.49073,-0.15739666666666352,11.152127142857143
ALO,6.0,18.333333333333332,66.66666666666667,0.0,18.31507,0.01826333333333352,14.423025238095239
BOT,6.0,17.000000000000004,33.333333333333336,0.0,17.30782,-0.307819999999996,17.668370476190475
HAD,6.0,13.0,33.333333333333336,0.0,13.077369999999997,-0.07736999999999661,23.613106190476188
HUL,6.0,14.0,33.333333333333336,0.0,13.835629999999998,0.16437000000000168,22.42627476190476
PIA,4.0,11.0,49.99999999999999,0.0,11.953999999999999,-0.9539999999999988,24.760285714285715
