feature,importance,gbr,rf,et
best_s2,0.13593172964556685,0.2363539250123321,0.07527431557292316,0.09616694835144521
best_stint_pace,0.08499376168861422,0.16900256574489247,0.03998935330734866,0.04598936601360152
best_lap,0.06125300477096488,0.05560993695156911,0.05291899525113028,0.07523008211019529
theoretical_best,0.058832189749264796,0.015113203071932898,0.06153677867528775,0.09984658750057372
q25_lap,0.054976278858900364,0.092559593735888,0.04383210363115804,0.02853713920965506
longrun_q75,0.05017433503968619,0.02995505658715858,0.04432881426219478,0.0762391342697052
median_lap,0.04934507446300577,0.007527566344769463,0.05375552422237863,0.08675213282186921
longrun_pace,0.04891337137697832,0.057162097262936674,0.026003189912131307,0.06357482695586698
longrun_median,0.047159761402132634,0.0008774161213960584,0.04834464168543296,0.09225722639956889
best_s1,0.038912487958556,0.03042101732450848,0.05122150757164112,0.03509493897951839
best_s3,0.034482941072573485,0.024546122734864586,0.04718446989726464,0.03171823058559122
longrun_q25,0.030043134954080137,0.017616821995145516,0.03474718092997646,0.03776540193711844
longest_stint_pace,0.028292658684671384,0.04511957788731553,0.019317099965340204,0.020441298201358416
hist_qualifying,0.025356030487250242,0.0026591038028357323,0.0322573156138322,0.041151672045082785
best_soft,0.01701804822536209,0.0016770257466066447,0.038245781519551506,0.011131337409928126
hist_consistency,0.012556138106696153,0.017425028810084835,0.017781084781188432,0.002462300728815198
avg_stint_pace,0.01212082442748162,0.01766402431018795,0.014398382781789355,0.004300066190467555
hist_composite,0.011897714997262375,0.005797480854479121,0.02342396936782078,0.006471694769487225
q25_soft,0.011088685722419188,0.007086581712193222,0.019961553318059842,0.006217922137004496
avg_speed_st,0.010918205448335263,0.01710570249948063,0.010586751571236164,0.005062162274288991
soft_hard_delta,0.010719467724726706,0.02585299249352054,0.005328229505022,0.0009771811756375745
longrun_std,0.010551494577280962,0.0047601394915025175,0.006164330457079674,0.020730013783260698
max_speed_st,0.010016171919094728,0.003950981552329023,0.011904267237911197,0.014193266967043965
hist_overall,0.009621590021289867,0.0020269581887548548,0.01472802328576297,0.012109788589351776
hist_racecraft,0.008549219842258806,0.010531782956599098,0.00918049403773611,0.005935382532441209
hist_poles,0.007393001115465377,0.014809175128229142,0.0031206948320115116,0.004249133386155478
q10_lap,0.007185275629323918,3.5457246122914023e-06,0.01674598574125621,0.004806295422103255
q10_hard,0.006653385786334475,0.011905917181226827,0.008047506483080395,6.733694696205453e-06
hist_pole_rate,0.005627578338540248,0.0016392674216199141,0.008539306623881877,0.006704160970118953
avg_speed_i2,0.005486634050322597,0.003739852472299557,0.012382396844693873,0.00033765283397436285
s2_std,0.0052819454236303215,0.009741500981795902,0.00338793864987976,0.002716396639215305
mean_soft,0.005161886620531808,0.0031203558983271948,0.010112563814649613,0.0022527401486186153
iqr,0.00515827902183018,0.007367439619790765,0.006309794724693128,0.001797602721006648
s1_iqr,0.004932933970173547,0.004946364217060505,0.0064042283063589925,0.0034482093871011426
mean_hard,0.004842187687026887,0.00504052795781329,0.006001010792680378,0.0034850243105869943
q10_soft,0.004805730282264689,0.0028482373320620658,0.009694180248128445,0.0018747732666035577
mean_medium,0.004274654082756415,0.002081774720073335,0.004051495535214169,0.006690691992981739
count_soft,0.004223647236996478,0.0001540204567876205,0.00950320923519824,0.0030137120190035734
best_vs_theoretical,0.003986853423134017,0.0014359251537404522,0.005241838980058702,0.005282796135602897
q10_medium,0.003931281934926554,7.325248749919808e-05,0.011338640848446761,0.00038195246883370116
s3_iqr,0.0038874191165666513,0.0027808687720014,0.007174309848967081,0.001707078728731474
hist_experience,0.003317081983490277,2.0210889017213732e-05,0.00421755669777179,0.005713478363681828
speed_delta_st_fl,0.003146419199104799,0.0035382548272111696,0.00323839455883665,0.002662608211266577
q25_hard,0.003138358280315144,0.0012640143796977426,0.008006555267910357,0.00014450519333733227
q25_medium,0.003088871618204567,3.738751599716134e-06,0.008722241459855897,0.000540634643158088
tyre_deg_intercept,0.0028331929785070822,6.394251693863322e-05,0.008025443592819405,0.00041019282576320806
avg_speed_i1,0.0021227696319418145,0.002341374693342618,0.0015512943610600407,0.0024756398414227843
best_hard,0.0020357042013990543,0.0011753174370614512,0.004506535091563974,0.00042526007557173757
total_laps,0.0019250517045141765,0.0011312739871983657,0.003893991341225207,0.0007498897851189572
hist_wins,0.0018862878685323083,0.0013392560553329342,0.002848449423815028,0.0014711581264489626
stint_count,0.0018398789028021428,0.002449562812112357,0.000964980457770641,0.00210509343852343
lap_std,0.0017733104213095475,0.0008078595979397883,0.0026709678357004414,0.0018411038302884133
hist_win_rate,0.0016019852683338838,0.0017764876173595007,0.0025183701866921026,0.0005110980009500481
soft_medium_delta,0.0015272148823539998,0.003154616301361416,0.0012486543184934754,0.00017837402720710842
tyre_deg_r2,0.0014931042487547404,0.0014491231801494057,0.0009465448131946209,0.0020836447529201945
longrun_count,0.0014612456681367576,0.0014077852867062958,0.0020180780007412434,0.0009578737169627333
best_medium,0.0013600660639174948,0.001985734284023862,0.0017695190798720716,0.0003249448278565514
count_medium,0.0013091087629489415,0.00014814751066732177,0.0020040399335986645,0.0017751388445808379
cv,0.0012111062850957302,0.0003599017038468381,0.0012428120045274303,0.0020306051469129224
day_improvement,0.0011076321002046166,0.0007266794735637208,0.0024064036662256876,0.00018981316082444149
tyre_deg_slope,0.0007802469722718993,0.0013321520973218958,0.00023694219644639612,0.0007716466230474062
count_hard,0.0007720951949109622,0.00015075821679016212,0.0009516210234119258,0.0012139063445307987
s3_std,0.0007661272378251606,0.001065440047552093,0.0005086694828427077,0.000724272183080681
max_speed_fl,0.0007186883635097863,0.00011951835889386098,0.0017820964154243405,0.00025445031621115755
medium_hard_delta,0.0005100297782529217,0.001281716334801912,0.00010607004003759599,0.00014230295991925717
s1_std,0.0005082133467545957,0.000434791491928473,0.0008278142743332662,0.0002620342740020478
longest_stint_len,0.0004962746485829168,0.00023830828695542918,0.0009633483001540633,0.0002871673586392576
s2_iqr,0.0004054863912884819,0.00014330514240259548,0.0010498883975499345,2.3265633912915722e-05
is_rookie,0.0003074331124589709,0.0,0.0003034579077277935,0.0006188414296491192
