Driver,fp_race_pace,fp_race_n,fp_race_df,race_df_all,race_df_q10,race_n_all,test_race_df,quali_pace,quali_n,race_quali_gap,fp_improve,df_mean,df_q10,df_std,bs1,ms1,bs2,ms2,bs3,ms3,deg_slope,tyre_pres,iqr,push_pct,total_laps,fp_laps,con_ac,mom_fin,vol_mean,sharpe,spd_st,spd_fl,race_delta_pct,quali_delta_pct,overall_delta_pct,tm_race_delta_pct,race_df_delta_pct,Team,h_avg_finish,h_dnf_rate,h_avg_pos_gained,h_recent_avg_finish,h_form_trend,driver_score,team_score,team_pace,team_rel,team_strat,season_gap_rate,season_best_stint_deg,season_lap1_gain,season_net_gained,season_overtake_ratio,season_pos_volatility,season_pace_trend,season_undercut_gain,season_undercut_std,season_pit_timing,season_avg_stops,tm_delta,target,grid_pos,grid_score
ANT,90.13150000000002,1,-0.5099999999999909,-1.0704633805151234,-2.1605142424242474,118,-0.2468318181818223,81.97928571428572,3,2.7009249381053695,,0.4561111455712673,-4.266720000000002,10.132691996817597,22.006,24.94278947368421,25.402,28.83689473684211,35.001,43.30789473684211,-0.3168382619749186,-0.039619803361370054,6.294028409090885,0.043478260869565216,368,19,-0.03735613424093785,9.411244850860776,7.171295667719922,-0.06360233446019464,250.0,279.0,109.32347612605031,103.03694646291079,109.98367416966637,102.20903003396329,142.6037214695956,Mercedes,1.285714285714286,0.0,0.0,1.2205489999999997,0.0651652857142863,42.15700202040817,66.76114498682995,93.93915694355216,100.0,1.0,-0.062010179751876796,-0.04464543699464605,0.75,3.0,3.5833333333333335,1.0066420858650378,0.07507486863711353,-0.25,0.5,0.0,1.0,0.0,46.53602436966053,2,90.0
BOR,82.23417,0,,0.3345345755822557,-0.502472727272736,138,0.44034142217229266,79.839,2,2.7583401262912477,,4.80377526843323,-3.073964999999991,13.006856858032458,23.151,26.9014375,25.299,29.348,30.979,45.71825,-0.1332719940865139,-0.019407627851384945,7.5922999999999945,0.03233830845771144,402,16,0.03459974695453557,4.33963020423001,11.495381086988159,-0.41788743079346147,305.0,278.0,100.32507700273017,100.34689491346481,100.34689491346481,100.0,217.93712893656385,Audi,13.714285714285714,28.571428571428577,0.5357142857142858,13.199751,0.5145347142857144,24.49412655102041,36.04177613453889,95.70219362637364,64.28571428571428,-2.4285714285714284,1.3926797353921017,-0.12836047656047653,-0.6666666666666666,2.6666666666666665,1.5,1.5295043116982174,-0.9367154045443576,-1.6666666666666667,2.0816659994661326,4.0,1.3333333333333333,0.0,53.34461579889981,12,-10.0
GAS,82.1534,1,-2.358850000000004,-0.06919359903888943,-0.924500000000009,121,-0.053907726258117884,79.59800000000001,2,2.6698550378787886,,5.508032605844898,-3.31638961038962,15.130273605969506,22.394,27.463333333333328,25.172,28.737399999999997,31.105,45.0154,-0.1449482488090459,-0.03081802259266575,9.619700000000009,0.018823529411764704,425,15,-0.008289803408982055,9.9271127576971,13.16852114207359,-0.4182726781860618,310.0,302.0,100.0,100.04399029699735,100.24833468354868,100.0,196.28996642459072,Alpine,9.285714285714286,14.285714285714285,1.3333333333333337,11.064225999999998,-1.7785117142857114,30.83713454421769,44.52044712362304,95.88322417197551,92.85714285714286,0.2857142857142857,0.8244664981605028,-0.16816860470887707,0.25,-0.25,1.5,0.8913872751396046,-0.5625956122549264,-2.0,1.8257418583505538,0.0,0.75,0.0,63.05090092745809,19,-80.0
HAM,85.45700000000001,2,0.9447499999999991,-1.1204952189774358,-2.696147435897444,96,-1.30825806322391,82.51400000000001,2,2.642800640617553,,3.397251423808962,-4.311419999999994,13.615043597524794,21.052,24.55355,24.502,29.260799999999996,34.962,43.64055,-0.19396329415265567,-0.029054206875120947,7.605031249999996,0.044186046511627906,430,20,0.005222450486717946,-0.764418033061519,10.760958879888133,-0.3157015524107531,261.0,289.0,103.94685840535945,103.7090104696907,104.27957865471204,100.0,139.92110626944816,Ferrari,4.571428571428572,0.0,0.8571428571428574,4.966638999999999,-0.3952104285714268,38.71703446938776,58.735088402680105,94.66834571047404,100.0,0.9285714285714288,0.6450686789476062,-0.033373838986291655,-0.5,-1.25,1.2083333333333335,1.027307814553964,-0.43782875268409666,-2.25,0.9574271077563381,4.25,1.0,0.0,58.096251930548746,5,60.0
HUL,84.15975,2,-3.417125000000013,0.10631178981316744,-0.9846302564102671,135,0.49202685757224607,82.0865,2,2.5237137513726124,,4.220403378786257,-3.7118750000000134,14.225402121239128,22.696,24.522312499999998,24.959,28.31875,33.711,41.98175,-0.12764784397087464,-0.02010617414126159,6.912649999999999,0.045023696682464455,422,16,-0.021831847423745596,4.690721927529968,12.36960477208608,-0.3411914492458359,305.0,278.0,102.5501404329271,103.17170041350879,102.69659910464797,102.34158136453495,205.70024272688903,Audi,14.714285714285714,42.85714285714286,0.0,15.384940999999998,-0.6706552857142842,20.094650836734694,36.04177613453889,95.70219362637364,64.28571428571428,-2.4285714285714284,1.0887541045257967,-0.01446685520361975,1.0,5.0,2.5555555555555554,2.0655333826870224,-2.0960336815291853,-5.5,3.5355339059327378,0.3333333333333333,1.3333333333333333,0.27649999999999864,50.7919904270633,11,0.0
LEC,88.344,1,-2.2975000000000136,-1.8650396993039697,-3.059,125,-2.1737865967366,80.65150000000001,3,2.5090661842016035,,2.419798781270615,-5.304109999999992,12.25051556403297,21.106,24.697913043478263,23.653,28.148043478260874,35.364,44.09095652173913,-0.025154824310206433,0.0031783705802426176,7.2488249999999965,0.04065040650406504,492,23,-0.03657966843054501,9.551977171960514,10.027744871347323,-0.24131036562216523,313.0,294.0,107.37550868619662,101.36809823661754,107.8024631881751,103.37830721883519,100.0,Ferrari,4.0,0.0,0.2857142857142857,4.697420999999999,-0.6974209999999994,38.08829328571428,58.735088402680105,94.66834571047404,100.0,0.9285714285714288,0.45148677161674744,-0.0015781476072233257,-0.25,-2.25,1.0833333333333333,1.448389307930126,0.02023311229001304,-4.25,1.8929694486000912,0.75,1.0,0.13000000000000966,52.932813970147066,6,50.0
LIN,84.63098000000001,0,,0.8140533212462444,-0.6128257575757656,83,1.201544747769232,82.16600000000001,3,2.4777119047619074,,3.542402835776903,-1.9946000000000021,10.427304288029042,22.839,25.329055555555556,25.249,30.614388888888886,33.047,43.257777777777775,-0.150316507469536,-0.01974763578042138,5.170160714285728,0.03747072599531616,427,18,0.033662436486655095,4.594440397362119,7.313749522751638,-0.4843483940429165,316.0,306.0,103.43736537381207,103.2716212309742,103.2716212309742,100.0,243.64804253496843,Racing Bulls,11.714285714285715,0.0,0.2857142857142857,12.281864,-0.5675782857142817,27.1977278367347,41.0154151777744,96.25854991468351,92.85714285714286,0.2857142857142857,1.8509070618456107,0.07636353707103717,0.0,-2.75,0.7238636363636364,1.6619007106260466,-1.1312600402088295,-3.0,2.0,9.0,1.0,0.1629999999999825,40.41076950209894,9,20.0
NOR,86.22991666666667,3,-0.32541666666667385,-1.4231094852099473,-2.4714333333333314,103,-2.003980062034185,80.01950000000001,2,2.3315226001511746,,3.600717489303365,-4.276850000000004,12.500577911246442,21.77,24.481111111111108,24.046,27.98411111111111,34.726,44.03955555555555,0.06529178708168593,0.007154807297603094,7.382321428571416,0.029213483146067417,445,18,0.09462359560518172,5.69741824280495,10.211986818049583,-0.352597154056166,308.0,274.0,104.71208398803103,100.57375915940827,105.222736316872,100.0,123.69548563813146,McLaren,8.85714285714286,28.571428571428577,0.5357142857142858,7.061314999999998,1.7958278571428616,32.71419520408163,74.8951493616415,91.40092987060636,71.42857142857142,2.0,0.22706138186063757,-0.012214677914678033,-0.6666666666666666,0.0,1.5333333333333332,1.0785259650411765,-0.005411419589336691,-2.0,1.0,-2.0,1.3333333333333333,0.3515000000000015,53.10541736321935,3,80.0
OCO,87.75025000000001,2,0.17337500000000006,0.3010459009297624,-1.1856378787878925,105,-0.2051598196540371,82.298,4,2.4761126478784337,,2.8144443220344533,-3.5870500000000076,11.665867982504967,22.909,25.0865625,25.33,28.1778125,33.199,43.4916875,-0.021545629955960613,-0.005553532517896698,6.679166666666674,0.0392156862745098,459,16,0.015179338499602762,14.063174004387172,9.031523834272162,-0.3116245246847943,320.0,278.0,107.19290023463715,103.43752749393562,107.07793506495248,101.61608487136513,216.14152776705572,Haas F1 Team,11.85714285714286,0.0,0.5714285714285715,11.910232999999998,-0.0530901428571386,28.079562918367344,42.975373279934026,95.9190453252412,85.71428571428572,2.0,1.71731930973042,-0.048795574326568225,0.25,-1.75,1.9666666666666668,1.8152089311952495,-1.8342432209170108,-4.25,2.217355782608345,5.0,1.25,0.1799999999999926,33.83068138949255,14,-30.0
RUS,88.18350000000001,1,3.6712500000000006,-0.9877677761183202,-1.9352295454545498,165,-0.8159357766233805,85.8385,3,2.90919723847154,,1.3483988320918114,-3.715884615384617,10.6124040133007,20.956,25.84242105263158,25.539,28.526315789473685,35.093,45.00642105263157,-0.09408976458582483,-0.010733144895452185,6.0477343750000045,0.031512605042016806,476,19,0.051156017746450705,-0.18975024281549518,7.572077826555936,-0.17807514172171598,259.0,275.0,107.18703030162422,107.8874602516245,107.60661179655031,100.0,147.03770775029864,Mercedes,2.571428571428571,0.0,0.0,2.943511,-0.3720824285714288,39.8830196122449,66.76114498682995,93.93915694355216,100.0,1.0,0.46690294109522784,-0.04319387156331325,0.75,1.0,1.6458333333333335,1.1397364042597864,-0.03845998126393817,-2.5,1.7320508075688772,-1.75,1.0,0.8025000000000233,44.59029886597108,1,100.0
SAI,86.66300000000001,2,-0.9138750000000044,0.4206432432521227,-0.5874666666666684,103,0.5554885940589958,81.55600000000001,2,2.5429192748917684,,4.73779974239448,-2.8270750000000104,12.754691046111114,21.929,25.972647058823526,24.5,28.766000000000002,34.644,42.883352941176476,-0.0936572769743044,-0.01004905187215055,8.660349999999994,0.02,450,17,-0.007200884937569847,3.0194460575309026,10.28752360401725,-0.46053840795508666,273.0,274.0,105.7394675775559,102.50493319759187,105.75120967215452,100.0,222.55411739541555,Williams,12.42857142857143,0.0,1.7142857142857149,12.015473999999998,0.413097428571433,30.01513824489796,34.41394098990686,96.3732699651788,85.71428571428572,-0.1428571428571427,1.4194311652454612,-0.085189157257471,-1.0,0.5,1.3583333333333334,1.303280091686209,-2.0145143770788523,-1.5,1.7320508075688772,0.0,1.5,0.8790000000000049,36.86878728741589,10,10.0
