feature,importance
df_std,0.1137093495644853
season_gap_rate,0.11081517177174444
season_pace_trend,0.06990362049965462
tm_delta,0.06230520220024999
fp_race_pace,0.044569955159136525
quali_delta_pct,0.0388431732276649
h_avg_pos_gained,0.03503867160335296
iqr,0.03430077717249718
ms3,0.03264175634035349
race_df_delta_pct,0.03139895673185159
team_pace,0.03076029741215074
df_q10,0.02817720139207869
bs2,0.0256478930321027
sharpe,0.018851638963506768
tyre_pres,0.01882734245986757
season_pit_timing,0.018121527112623218
ms1,0.017628455381137952
h_dnf_rate,0.017427527940417548
season_pos_volatility,0.014728381677531968
quali_n,0.013468576099643336
team_score,0.012883769914199553
season_best_stint_deg,0.012552196223817766
race_n_all,0.01208729531700699
deg_slope,0.011893470160549672
test_race_df,0.011130456623595452
race_quali_gap,0.011046746308445791
team_rel,0.01095958133344443
h_recent_avg_finish,0.010737697123094395
h_form_trend,0.010583331912524455
spd_st,0.010561695244460862
total_laps,0.01011748407022377
bs3,0.008955838092539066
fp_race_df,0.008686552092369343
season_net_gained,0.007842975446467386
spd_fl,0.007665694805020451
season_lap1_gain,0.007385578735715953
fp_laps,0.007303705478509539
season_overtake_ratio,0.00685834596436857
team_strat,0.00600383510718193
fp_race_n,0.004871454067821687
push_pct,0.004845107717867972
df_mean,0.00455892832925443
con_ac,0.004519487948732398
season_undercut_std,0.003768965041533193
season_undercut_gain,0.0034715534484098935
bs1,0.00303094128404279
mom_fin,0.0024784052698821994
tm_race_delta_pct,0.002325570980344193
ms2,0.0018622045739828327
season_avg_stops,0.001845655642541603
