Pos,fm,Name,Driver,Team,win_pct,pod_pct,avg_pts,avg_fin,p10,p50,p90,score,GridPos,P1_pct,P2_pct,P3_pct,P4_pct,P5_pct,P6_pct,P7_pct,P8_pct,P9_pct,P10_pct,P11_pct
1,^>,Lewis Hamilton,HAM,Ferrari,36.88,80.4,18.333,2.4991,1.0,2.0,5.0,57.855137584172425,5,36.88,27.79,15.73,8.21,4.6899999999999995,2.41,1.15,0.44999999999999996,0.15,1.43,1.11
2,^>,Pierre Gasly,GAS,Alpine,35.38,72.07000000000001,17.1169,3.0225,1.0,2.0,7.0,62.8904214396115,19,35.38,22.650000000000002,14.04,8.32,5.6899999999999995,3.5999999999999996,2.34,1.27,0.52,3.19,3.0
3,>>,Charles Leclerc,LEC,Ferrari,7.739999999999999,41.18,12.5857,4.2373,2.0,4.0,7.0,52.92440448877126,6,7.739999999999999,14.360000000000001,19.08,18.98,14.299999999999999,11.32,6.9,3.54,1.08,1.35,1.35
4,^>,Lando Norris,NOR,McLaren,9.16,40.57,11.6751,4.8265,2.0,4.0,11.0,53.04406107838288,3,9.16,14.469999999999999,16.939999999999998,15.120000000000001,12.4,8.42,5.48,2.53,3.0700000000000003,2.01,10.4
5,^^,Gabriel Bortoleto,BOR,Audi,6.0,29.409999999999997,10.3669,5.3063,2.0,5.0,10.0,53.30445013470063,12,6.0,9.73,13.68,16.189999999999998,14.729999999999999,11.14,8.05,4.6,1.5599999999999998,5.83,8.49
6,^^,Kimi Antonelli,ANT,Mercedes,1.46,11.08,8.2741,6.0024,3.0,6.0,8.0,46.63474907624142,2,1.46,3.2800000000000002,6.34,10.639999999999999,15.620000000000001,20.04,21.14,13.77,4.36,1.9300000000000002,1.4200000000000002
7,^^,Nico Hulkenberg,HUL,Audi,2.2800000000000002,15.73,8.3701,6.1052,3.0,6.0,10.0,50.683666867829345,11,2.2800000000000002,5.1499999999999995,8.3,12.379999999999999,15.590000000000002,16.38,13.19,9.1,3.52,4.73,9.379999999999999
8,>>,George Russell,RUS,Mercedes,1.03,8.870000000000001,7.6983,6.2739,4.0,6.0,8.0,44.61899028145543,1,1.03,2.37,5.47,9.26,14.23,19.650000000000002,21.83,16.32,5.56,1.37,2.91
9,^^,Arvid Lindblad,LIN,Racing Bulls,0.01,0.33,3.2499,8.5249,7.0,9.0,10.0,40.46836973175205,9,0.01,0.1,0.22,0.6,1.83,4.83,12.36,25.36,32.34,15.22,7.13
10,v>,Carlos Sainz,SAI,Williams,0.04,0.3,2.1262,9.2768,8.0,9.0,11.0,37.13441490912783,10,0.04,0.08,0.18,0.27,0.79,1.78,5.8999999999999995,16.07,27.58,27.26,20.05
11,^>,Esteban Ocon,OCO,Haas F1 Team,0.02,0.06,1.2038,9.9251,9.0,10.0,11.0,33.99988623993065,14,0.02,0.02,0.02,0.03,0.13,0.43,1.66,6.99,20.26,35.68,34.760000000000005
