Time,Driver,DriverNumber,LapTime,LapNumber,Stint,PitOutTime,PitInTime,Sector1Time,Sector2Time,Sector3Time,Sector1SessionTime,Sector2SessionTime,Sector3SessionTime,SpeedI1,SpeedI2,SpeedFL,SpeedST,IsPersonalBest,Compound,TyreLife,FreshTyre,Team,LapStartTime,LapStartDate,TrackStatus,Position,Deleted,DeletedReason,FastF1Generated,IsAccurate
0 days 00:16:22.323000,ANT,12,0 days 00:01:43.433000,1.0,1.0,0 days 00:14:40.765000,,0 days 00:00:33.525000,0 days 00:00:26.964000,0 days 00:00:42.944000,0 days 00:15:12.450000,0 days 00:15:39.497000,0 days 00:16:22.556000,232.0,237.0,271.0,110.0,False,MEDIUM,1.0,True,Mercedes,0 days 00:14:40.765000,,1,,False,,False,False
0 days 00:17:49.857000,ANT,12,0 days 00:01:27.534000,2.0,1.0,,,0 days 00:00:23.552000,0 days 00:00:28.981000,0 days 00:00:35.001000,0 days 00:16:45.875000,0 days 00:17:14.856000,0 days 00:17:49.857000,229.0,242.0,273.0,250.0,True,MEDIUM,2.0,True,Mercedes,0 days 00:16:22.323000,,1,,False,,False,True
0 days 00:19:03.867000,ANT,12,0 days 00:01:14.010000,3.0,1.0,,,0 days 00:00:21.241000,0 days 00:00:23.499000,0 days 00:00:29.270000,0 days 00:18:11.098000,0 days 00:18:34.597000,0 days 00:19:03.867000,248.0,289.0,275.0,319.0,True,MEDIUM,3.0,True,Mercedes,0 days 00:17:49.857000,,1,,False,,False,True
0 days 00:20:34.726000,ANT,12,0 days 00:01:30.859000,4.0,1.0,,,0 days 00:00:27.477000,0 days 00:00:26.118000,0 days 00:00:37.264000,0 days 00:19:31.344000,0 days 00:19:57.462000,0 days 00:20:34.726000,222.0,252.0,274.0,237.0,False,MEDIUM,4.0,True,Mercedes,0 days 00:19:03.867000,,1,,False,,False,True
0 days 00:22:07.376000,ANT,12,0 days 00:01:32.650000,5.0,1.0,,,0 days 00:00:23.204000,0 days 00:00:26.961000,0 days 00:00:42.485000,0 days 00:20:57.930000,0 days 00:21:24.891000,0 days 00:22:07.376000,190.0,239.0,270.0,141.0,False,MEDIUM,5.0,True,Mercedes,0 days 00:20:34.726000,,1,,False,,False,True
0 days 00:50:54.494000,ANT,12,,6.0,1.0,,0 days 00:23:25.774000,0 days 00:00:21.091000,0 days 00:00:23.352000,,0 days 00:22:28.717000,0 days 00:22:52.008000,,248.0,288.0,,141.0,False,MEDIUM,6.0,True,Mercedes,0 days 00:22:07.376000,,125,,False,,False,False
0 days 00:52:22.160000,ANT,12,,7.0,2.0,0 days 00:50:54.494000,,,0 days 00:00:26.334000,0 days 00:00:32.422000,,0 days 00:51:49.889000,0 days 00:52:22.268000,231.0,255.0,265.0,268.0,False,MEDIUM,1.0,True,Mercedes,0 days 00:50:54.494000,,1,,False,,False,False
0 days 00:53:50.533000,ANT,12,0 days 00:01:28.373000,8.0,2.0,,,0 days 00:00:22.811000,0 days 00:00:25.855000,0 days 00:00:39.707000,0 days 00:52:44.971000,0 days 00:53:10.826000,0 days 00:53:50.533000,238.0,240.0,279.0,248.0,True,MEDIUM,2.0,True,Mercedes,0 days 00:52:22.160000,,1,,False,,False,True
0 days 00:55:04.084000,ANT,12,0 days 00:01:13.551000,9.0,2.0,,,0 days 00:00:20.895000,0 days 00:00:23.303000,0 days 00:00:29.353000,0 days 00:54:11.428000,0 days 00:54:34.731000,0 days 00:55:04.084000,248.0,291.0,277.0,319.0,True,MEDIUM,3.0,True,Mercedes,0 days 00:53:50.533000,,1,,False,,False,True
0 days 00:56:44.201000,ANT,12,0 days 00:01:40.117000,10.0,2.0,,,0 days 00:00:27.495000,0 days 00:00:31.822000,0 days 00:00:40.800000,0 days 00:55:31.579000,0 days 00:56:03.401000,0 days 00:56:44.201000,155.0,229.0,275.0,222.0,False,MEDIUM,4.0,True,Mercedes,0 days 00:55:04.084000,,1,,False,,False,True
0 days 01:10:46.448000,ANT,12,,11.0,2.0,,0 days 00:58:04.893000,0 days 00:00:21.002000,0 days 00:00:26.305000,,0 days 00:57:05.332000,0 days 00:57:31.756000,,248.0,231.0,,127.0,False,MEDIUM,5.0,True,Mercedes,0 days 00:56:44.201000,,1,,False,,False,False
0 days 01:12:25.179000,ANT,12,0 days 00:01:38.731000,12.0,3.0,0 days 01:10:47.915000,,0 days 00:00:29.339000,0 days 00:00:28.401000,0 days 00:00:40.991000,0 days 01:11:15.787000,0 days 01:11:44.188000,0 days 01:12:25.179000,240.0,229.0,279.0,193.0,False,SOFT,1.0,True,Mercedes,0 days 01:10:46.448000,,1,,False,,False,False
0 days 01:13:38.679000,ANT,12,0 days 00:01:13.500000,13.0,3.0,,,0 days 00:00:21.080000,0 days 00:00:23.207000,0 days 00:00:29.213000,0 days 01:12:46.259000,0 days 01:13:09.466000,0 days 01:13:38.679000,247.0,287.0,276.0,319.0,True,SOFT,2.0,True,Mercedes,0 days 01:12:25.179000,,1,,False,,False,True
0 days 01:15:21.397000,ANT,12,0 days 00:01:42.718000,14.0,3.0,,,0 days 00:00:24.305000,0 days 00:00:37.549000,0 days 00:00:40.864000,0 days 01:14:02.984000,0 days 01:14:40.533000,0 days 01:15:21.397000,222.0,102.0,272.0,244.0,False,SOFT,3.0,True,Mercedes,0 days 01:13:38.679000,,1,,False,,False,True
0 days 01:16:34.430000,ANT,12,0 days 00:01:13.033000,15.0,3.0,,,0 days 00:00:20.899000,0 days 00:00:23.194000,0 days 00:00:28.940000,0 days 01:15:42.296000,0 days 01:16:05.490000,0 days 01:16:34.430000,248.0,288.0,276.0,320.0,True,SOFT,4.0,True,Mercedes,0 days 01:15:21.397000,,1,,False,,False,True
0 days 01:18:05.363000,ANT,12,,16.0,3.0,,0 days 01:18:05.363000,0 days 00:00:29.027000,0 days 00:00:30.266000,,0 days 01:17:03.499000,0 days 01:17:33.712000,,158.0,251.0,,258.0,False,SOFT,5.0,True,Mercedes,0 days 01:16:34.430000,,1,,False,,False,False
0 days 00:16:16.329000,RUS,63,0 days 00:01:43.965000,1.0,1.0,0 days 00:14:33.940000,,0 days 00:00:32.918000,0 days 00:00:27.897000,0 days 00:00:43.150000,0 days 00:15:05.305000,0 days 00:15:33.231000,0 days 00:16:16.559000,226.0,232.0,272.0,123.0,False,MEDIUM,1.0,True,Mercedes,0 days 00:14:33.940000,,1,,False,,False,False
0 days 00:17:31.101000,RUS,63,0 days 00:01:14.772000,2.0,1.0,,,0 days 00:00:21.507000,0 days 00:00:23.567000,0 days 00:00:29.698000,0 days 00:16:37.836000,0 days 00:17:01.403000,0 days 00:17:31.101000,245.0,289.0,277.0,321.0,True,MEDIUM,2.0,True,Mercedes,0 days 00:16:16.329000,,1,,False,,False,True
0 days 00:19:02.761000,RUS,63,0 days 00:01:31.660000,3.0,1.0,,,0 days 00:00:24.776000,0 days 00:00:28.736000,0 days 00:00:38.148000,0 days 00:17:55.877000,0 days 00:18:24.613000,0 days 00:19:02.761000,220.0,248.0,271.0,251.0,False,MEDIUM,3.0,True,Mercedes,0 days 00:17:31.101000,,1,,False,,False,True
0 days 00:20:21.007000,RUS,63,0 days 00:01:18.246000,4.0,1.0,,,0 days 00:00:21.279000,0 days 00:00:23.446000,0 days 00:00:33.521000,0 days 00:19:24.040000,0 days 00:19:47.486000,0 days 00:20:21.007000,246.0,288.0,192.0,320.0,False,MEDIUM,4.0,True,Mercedes,0 days 00:19:02.761000,,1,,True,TRACK LIMITS AT TURN 14 LAP 5 ,False,True
0 days 00:22:02.006000,RUS,63,0 days 00:01:40.999000,5.0,1.0,,,0 days 00:00:32.141000,0 days 00:00:28.843000,0 days 00:00:40.015000,0 days 00:20:53.148000,0 days 00:21:21.991000,0 days 00:22:02.006000,186.0,242.0,270.0,166.0,False,MEDIUM,5.0,True,Mercedes,0 days 00:20:21.007000,,1,,True,TRACK LIMITS AT TURN 14 (NEXT LAP),False,True
0 days 00:50:50.275000,RUS,63,,6.0,1.0,,0 days 00:23:17.759000,0 days 00:00:21.347000,0 days 00:00:23.494000,,0 days 00:22:23.483000,0 days 00:22:46.978000,,248.0,290.0,,166.0,False,MEDIUM,6.0,True,Mercedes,0 days 00:22:02.006000,,125,,False,,False,False
0 days 00:52:16.872000,RUS,63,,7.0,2.0,0 days 00:50:50.275000,,,0 days 00:00:26.389000,0 days 00:00:32.544000,,0 days 00:51:44.472000,0 days 00:52:16.872000,227.0,252.0,253.0,276.0,False,MEDIUM,1.0,True,Mercedes,0 days 00:50:50.275000,,1,,False,,False,False
0 days 00:53:43.930000,RUS,63,0 days 00:01:27.058000,8.0,2.0,,,0 days 00:00:22.723000,0 days 00:00:26.206000,0 days 00:00:38.129000,0 days 00:52:39.595000,0 days 00:53:05.801000,0 days 00:53:43.930000,236.0,232.0,272.0,249.0,True,MEDIUM,2.0,True,Mercedes,0 days 00:52:16.872000,,1,,False,,False,True
0 days 00:54:57.396000,RUS,63,0 days 00:01:13.466000,9.0,2.0,,,0 days 00:00:20.909000,0 days 00:00:23.374000,0 days 00:00:29.183000,0 days 00:54:04.839000,0 days 00:54:28.213000,0 days 00:54:57.396000,247.0,288.0,276.0,320.0,True,MEDIUM,3.0,True,Mercedes,0 days 00:53:43.930000,,1,,False,,False,True
0 days 00:56:33.585000,RUS,63,0 days 00:01:36.189000,10.0,2.0,,,0 days 00:00:25.594000,0 days 00:00:31.107000,0 days 00:00:39.488000,0 days 00:55:22.990000,0 days 00:55:54.097000,0 days 00:56:33.585000,219.0,156.0,271.0,250.0,False,MEDIUM,4.0,True,Mercedes,0 days 00:54:57.396000,,1,,False,,False,True
0 days 00:58:05.465000,RUS,63,0 days 00:01:31.880000,11.0,2.0,,,0 days 00:00:23.577000,0 days 00:00:29.460000,0 days 00:00:38.843000,0 days 00:56:57.162000,0 days 00:57:26.622000,0 days 00:58:05.465000,193.0,242.0,272.0,247.0,False,MEDIUM,5.0,True,Mercedes,0 days 00:56:33.585000,,1,,False,,False,True
0 days 00:59:18.491000,RUS,63,0 days 00:01:13.026000,12.0,2.0,,,0 days 00:00:20.768000,0 days 00:00:23.195000,0 days 00:00:29.063000,0 days 00:58:26.233000,0 days 00:58:49.428000,0 days 00:59:18.491000,249.0,288.0,275.0,321.0,True,MEDIUM,6.0,True,Mercedes,0 days 00:58:05.465000,,1,,False,,False,True
0 days 01:09:08.404000,RUS,63,,13.0,2.0,,0 days 01:00:35.777000,0 days 00:00:23.160000,0 days 00:00:26.116000,,0 days 00:59:41.767000,0 days 01:00:07.917000,,230.0,258.0,,283.0,False,MEDIUM,7.0,True,Mercedes,0 days 00:59:18.491000,,1,,False,,False,False
0 days 01:10:30.861000,RUS,63,0 days 00:01:22.457000,14.0,3.0,0 days 01:09:09.797000,,0 days 00:00:25.575000,0 days 00:00:25.385000,0 days 00:00:31.497000,0 days 01:09:33.979000,0 days 01:09:59.364000,0 days 01:10:30.861000,239.0,260.0,276.0,298.0,False,SOFT,1.0,True,Mercedes,0 days 01:09:08.404000,,1,,False,,False,False
0 days 01:12:03.602000,RUS,63,0 days 00:01:32.741000,15.0,3.0,,,0 days 00:00:22.519000,0 days 00:00:26.418000,0 days 00:00:43.804000,0 days 01:10:53.380000,0 days 01:11:19.798000,0 days 01:12:03.602000,234.0,241.0,274.0,126.0,True,SOFT,2.0,True,Mercedes,0 days 01:10:30.861000,,1,,False,,False,True
0 days 01:13:16.796000,RUS,63,0 days 00:01:13.194000,16.0,3.0,,,0 days 00:00:20.753000,0 days 00:00:23.097000,0 days 00:00:29.344000,0 days 01:12:24.355000,0 days 01:12:47.452000,0 days 01:13:16.796000,250.0,288.0,276.0,321.0,True,SOFT,3.0,True,Mercedes,0 days 01:12:03.602000,,1,,False,,False,True
0 days 01:14:58.888000,RUS,63,0 days 00:01:42.092000,17.0,3.0,,,0 days 00:00:27.157000,0 days 00:00:32.042000,0 days 00:00:42.893000,0 days 01:13:43.953000,0 days 01:14:15.995000,0 days 01:14:58.888000,215.0,225.0,272.0,245.0,False,SOFT,4.0,True,Mercedes,0 days 01:13:16.796000,,1,,False,,False,True
0 days 01:16:11.853000,RUS,63,0 days 00:01:12.965000,18.0,3.0,,,0 days 00:00:20.857000,0 days 00:00:23.066000,0 days 00:00:29.042000,0 days 01:15:19.745000,0 days 01:15:42.811000,0 days 01:16:11.853000,249.0,291.0,276.0,321.0,True,SOFT,5.0,True,Mercedes,0 days 01:14:58.888000,,1,,False,,False,True
0 days 01:18:01.181000,RUS,63,0 days 00:01:49.328000,19.0,3.0,,0 days 01:17:41.972000,0 days 00:00:26.022000,0 days 00:00:30.720000,0 days 00:00:52.586000,0 days 01:16:37.875000,0 days 01:17:08.595000,0 days 01:18:01.181000,187.0,199.0,,199.0,False,SOFT,6.0,True,Mercedes,0 days 01:16:11.853000,,1,,False,,False,False
0 days 00:14:20.366000,HAM,44,,1.0,1.0,0 days 00:12:50.118000,,,0 days 00:00:27.272000,0 days 00:00:35.535000,,0 days 00:13:44.871000,0 days 00:14:20.586000,221.0,243.0,276.0,242.0,False,MEDIUM,1.0,True,Ferrari,0 days 00:12:50.118000,,1,,False,,False,False
0 days 00:15:35.825000,HAM,44,0 days 00:01:15.459000,2.0,1.0,,,0 days 00:00:21.605000,0 days 00:00:24.055000,0 days 00:00:29.799000,0 days 00:14:41.971000,0 days 00:15:06.026000,0 days 00:15:35.825000,245.0,280.0,268.0,320.0,True,MEDIUM,2.0,True,Ferrari,0 days 00:14:20.366000,,1,,False,,False,True
0 days 00:17:15.279000,HAM,44,0 days 00:01:39.454000,3.0,1.0,,,0 days 00:00:25.631000,0 days 00:00:35.720000,0 days 00:00:38.103000,0 days 00:16:01.456000,0 days 00:16:37.176000,0 days 00:17:15.279000,178.0,214.0,281.0,202.0,False,MEDIUM,3.0,True,Ferrari,0 days 00:15:35.825000,,1,,False,,False,True
0 days 00:18:41.784000,HAM,44,0 days 00:01:26.505000,4.0,1.0,,,0 days 00:00:24.103000,0 days 00:00:26.122000,0 days 00:00:36.280000,0 days 00:17:39.382000,0 days 00:18:05.504000,0 days 00:18:41.784000,234.0,253.0,280.0,261.0,False,MEDIUM,4.0,True,Ferrari,0 days 00:17:15.279000,,1,,True,TRACK LIMITS AT TURN 2 LAP 5 ,False,True
0 days 00:19:55.706000,HAM,44,0 days 00:01:13.922000,5.0,1.0,,,0 days 00:00:21.007000,0 days 00:00:23.520000,0 days 00:00:29.395000,0 days 00:19:02.791000,0 days 00:19:26.311000,0 days 00:19:55.706000,245.0,284.0,268.0,320.0,True,MEDIUM,5.0,True,Ferrari,0 days 00:18:41.784000,,1,,False,,False,True
0 days 00:21:30,HAM,44,0 days 00:01:34.294000,6.0,1.0,,,0 days 00:00:27.248000,0 days 00:00:32.084000,0 days 00:00:34.962000,0 days 00:20:22.954000,0 days 00:20:55.038000,0 days 00:21:30,186.0,194.0,279.0,259.0,False,MEDIUM,6.0,True,Ferrari,0 days 00:19:55.706000,,1,,False,,False,True
0 days 00:22:43.889000,HAM,44,0 days 00:01:13.889000,7.0,1.0,,,0 days 00:00:20.946000,0 days 00:00:23.463000,0 days 00:00:29.480000,0 days 00:21:50.946000,0 days 00:22:14.409000,0 days 00:22:43.889000,246.0,283.0,272.0,322.0,True,MEDIUM,7.0,True,Ferrari,0 days 00:21:30,,1,,False,,False,True
0 days 00:41:54.060000,HAM,44,,8.0,1.0,,0 days 00:24:26.163000,,,,,,,,,,,False,MEDIUM,8.0,True,Ferrari,0 days 00:22:43.889000,,125,,False,,False,False
0 days 00:43:33.551000,HAM,44,0 days 00:01:39.491000,9.0,2.0,0 days 00:42:01.363000,,0 days 00:00:37.630000,0 days 00:00:26.774000,0 days 00:00:35.087000,0 days 00:42:31.690000,0 days 00:42:58.464000,0 days 00:43:33.551000,221.0,244.0,279.0,245.0,False,MEDIUM,9.0,False,Ferrari,0 days 00:42:01.363000,,1,,False,,False,False
0 days 00:44:49.925000,HAM,44,0 days 00:01:16.374000,10.0,2.0,,,0 days 00:00:21.946000,0 days 00:00:23.950000,0 days 00:00:30.478000,0 days 00:43:55.497000,0 days 00:44:19.447000,0 days 00:44:49.925000,244.0,281.0,269.0,330.0,False,MEDIUM,10.0,False,Ferrari,0 days 00:43:33.551000,,1,,True,TRACK LIMITS AT TURN 14 LAP 11 ,False,True
0 days 00:51:42.488000,HAM,44,,11.0,2.0,,0 days 00:46:08.787000,0 days 00:00:21.786000,0 days 00:00:27.051000,,0 days 00:45:11.793000,0 days 00:45:38.731000,,229.0,257.0,,250.0,False,MEDIUM,11.0,False,Ferrari,0 days 00:44:49.925000,,1,,False,,False,False
0 days 00:53:22.346000,HAM,44,0 days 00:01:39.858000,12.0,3.0,0 days 00:51:47.652000,,0 days 00:00:34.585000,0 days 00:00:26.235000,0 days 00:00:39.038000,0 days 00:52:17.073000,0 days 00:52:43.308000,0 days 00:53:22.346000,222.0,242.0,279.0,244.0,False,MEDIUM,1.0,True,Ferrari,0 days 00:51:42.488000,,1,,False,,False,False
0 days 00:54:35.983000,HAM,44,0 days 00:01:13.637000,13.0,3.0,,,0 days 00:00:20.872000,0 days 00:00:23.277000,0 days 00:00:29.488000,0 days 00:53:43.218000,0 days 00:54:06.495000,0 days 00:54:35.983000,246.0,283.0,270.0,320.0,True,MEDIUM,2.0,True,Ferrari,0 days 00:53:22.346000,,1,,False,,False,True
0 days 00:56:12.655000,HAM,44,0 days 00:01:36.672000,14.0,3.0,,,0 days 00:00:26.251000,0 days 00:00:29.501000,0 days 00:00:40.920000,0 days 00:55:02.234000,0 days 00:55:31.735000,0 days 00:56:12.655000,223.0,233.0,280.0,208.0,False,MEDIUM,3.0,True,Ferrari,0 days 00:54:35.983000,,1,,False,,False,True
0 days 00:57:43.157000,HAM,44,0 days 00:01:30.502000,15.0,3.0,,,0 days 00:00:21.460000,0 days 00:00:32.185000,0 days 00:00:36.857000,0 days 00:56:34.115000,0 days 00:57:06.300000,0 days 00:57:43.157000,200.0,250.0,280.0,169.0,False,MEDIUM,4.0,True,Ferrari,0 days 00:56:12.655000,,1,,False,,False,True
0 days 00:58:56.622000,HAM,44,0 days 00:01:13.465000,16.0,3.0,,,0 days 00:00:20.803000,0 days 00:00:23.359000,0 days 00:00:29.303000,0 days 00:58:03.960000,0 days 00:58:27.319000,0 days 00:58:56.622000,248.0,282.0,270.0,322.0,True,MEDIUM,5.0,True,Ferrari,0 days 00:57:43.157000,,1,,False,,False,True
0 days 01:08:20.865000,HAM,44,,17.0,3.0,,0 days 01:00:19.402000,0 days 00:00:25.366000,0 days 00:00:27.324000,,0 days 00:59:22.073000,0 days 00:59:49.861000,,201.0,236.0,,252.0,False,MEDIUM,6.0,True,Ferrari,0 days 00:58:56.622000,,1,,False,,False,False
0 days 01:09:49.779000,HAM,44,0 days 00:01:28.914000,18.0,4.0,0 days 01:08:23.155000,,0 days 00:00:27.901000,0 days 00:00:26.174000,0 days 00:00:34.839000,0 days 01:08:48.766000,0 days 01:09:14.940000,0 days 01:09:49.779000,226.0,244.0,278.0,246.0,False,SOFT,1.0,True,Ferrari,0 days 01:08:20.865000,,1,,False,,False,False
0 days 01:11:20.983000,HAM,44,0 days 00:01:31.204000,19.0,4.0,,,0 days 00:00:25.110000,0 days 00:00:30.948000,0 days 00:00:35.146000,0 days 01:10:14.889000,0 days 01:10:45.837000,0 days 01:11:20.983000,179.0,249.0,278.0,251.0,True,SOFT,2.0,True,Ferrari,0 days 01:09:49.779000,,1,,False,,False,True
0 days 01:12:34.394000,HAM,44,0 days 00:01:13.411000,20.0,4.0,,,0 days 00:00:20.947000,0 days 00:00:23.208000,0 days 00:00:29.256000,0 days 01:11:41.930000,0 days 01:12:05.138000,0 days 01:12:34.394000,247.0,281.0,268.0,318.0,True,SOFT,3.0,True,Ferrari,0 days 01:11:20.983000,,1,,False,,False,True
0 days 01:14:09.982000,HAM,44,0 days 00:01:35.588000,21.0,4.0,,,0 days 00:00:28.857000,0 days 00:00:31.523000,0 days 00:00:35.208000,0 days 01:13:03.251000,0 days 01:13:34.774000,0 days 01:14:09.982000,163.0,255.0,279.0,252.0,False,SOFT,4.0,True,Ferrari,0 days 01:12:34.394000,,1,,False,,False,True
0 days 01:15:23.308000,HAM,44,0 days 00:01:13.326000,22.0,4.0,,,0 days 00:00:20.594000,0 days 00:00:23.210000,0 days 00:00:29.522000,0 days 01:14:30.576000,0 days 01:14:53.786000,0 days 01:15:23.308000,249.0,281.0,270.0,317.0,True,SOFT,5.0,True,Ferrari,0 days 01:14:09.982000,,1,,False,,False,True
0 days 01:16:52.062000,HAM,44,,23.0,4.0,,0 days 01:16:52.062000,0 days 00:00:26.119000,0 days 00:00:28.576000,,0 days 01:15:49.856000,0 days 01:16:18.111000,,198.0,236.0,,227.0,False,SOFT,6.0,True,Ferrari,0 days 01:15:23.308000,,1,,False,,False,False
0 days 00:14:30.631000,LEC,16,0 days 00:01:41.448000,1.0,1.0,0 days 00:12:53.196000,,0 days 00:00:36.454000,0 days 00:00:28.413000,0 days 00:00:36.581000,0 days 00:13:25.637000,0 days 00:13:54.147000,0 days 00:14:30.924000,213.0,244.0,275.0,242.0,False,MEDIUM,1.0,True,Ferrari,0 days 00:12:53.196000,,1,,False,,False,False
0 days 00:15:58.253000,LEC,16,0 days 00:01:27.622000,2.0,1.0,,,0 days 00:00:23.261000,0 days 00:00:27.335000,0 days 00:00:37.026000,0 days 00:14:53.892000,0 days 00:15:21.227000,0 days 00:15:58.253000,202.0,222.0,279.0,215.0,True,MEDIUM,2.0,True,Ferrari,0 days 00:14:30.631000,,1,,False,,False,True
0 days 00:17:13.259000,LEC,16,0 days 00:01:15.006000,3.0,1.0,,,0 days 00:00:21.499000,0 days 00:00:23.857000,0 days 00:00:29.650000,0 days 00:16:19.752000,0 days 00:16:43.609000,0 days 00:17:13.259000,244.0,283.0,269.0,321.0,True,MEDIUM,3.0,True,Ferrari,0 days 00:15:58.253000,,1,,False,,False,True
0 days 00:18:48.445000,LEC,16,0 days 00:01:35.186000,4.0,1.0,,,0 days 00:00:24.132000,0 days 00:00:29.413000,0 days 00:00:41.641000,0 days 00:17:37.391000,0 days 00:18:06.804000,0 days 00:18:48.445000,190.0,111.0,277.0,252.0,False,MEDIUM,4.0,True,Ferrari,0 days 00:17:13.259000,,1,,False,,False,True
0 days 00:20:23.773000,LEC,16,0 days 00:01:35.328000,5.0,1.0,,,0 days 00:00:24.575000,0 days 00:00:28.477000,0 days 00:00:42.276000,0 days 00:19:13.020000,0 days 00:19:41.497000,0 days 00:20:23.773000,204.0,157.0,279.0,220.0,False,MEDIUM,5.0,True,Ferrari,0 days 00:18:48.445000,,1,,True,TRACK LIMITS AT TURN 2 LAP 6 ,False,True
0 days 00:21:55.845000,LEC,16,0 days 00:01:32.072000,6.0,1.0,,,0 days 00:00:21.106000,0 days 00:00:28.789000,0 days 00:00:42.177000,0 days 00:20:44.879000,0 days 00:21:13.668000,0 days 00:21:55.845000,247.0,228.0,277.0,181.0,False,MEDIUM,6.0,True,Ferrari,0 days 00:20:23.773000,,1,,True,TRACK LIMITS AT TURN 8 LAP 7 ,False,True
0 days 00:51:48.659000,LEC,16,,7.0,1.0,,0 days 00:23:21.634000,0 days 00:00:21.474000,0 days 00:00:26.348000,,0 days 00:22:17.420000,0 days 00:22:43.853000,,,210.0,,181.0,False,MEDIUM,7.0,True,Ferrari,0 days 00:21:55.845000,,125,,False,,False,False
0 days 00:53:29.700000,LEC,16,0 days 00:01:41.041000,8.0,2.0,0 days 00:51:52.678000,,0 days 00:00:36.531000,0 days 00:00:27.048000,0 days 00:00:37.462000,0 days 00:52:25.190000,0 days 00:52:52.238000,0 days 00:53:29.700000,225.0,242.0,221.0,229.0,False,MEDIUM,1.0,True,Ferrari,0 days 00:51:52.678000,,1,,False,,False,False
0 days 00:55:07.644000,LEC,16,0 days 00:01:37.944000,9.0,2.0,,,0 days 00:00:30.038000,0 days 00:00:29.464000,0 days 00:00:38.442000,0 days 00:53:59.738000,0 days 00:54:29.202000,0 days 00:55:07.644000,241.0,220.0,279.0,254.0,True,MEDIUM,2.0,True,Ferrari,0 days 00:53:29.700000,,1,,False,,False,True
0 days 00:56:21.609000,LEC,16,0 days 00:01:13.965000,10.0,2.0,,,0 days 00:00:21.002000,0 days 00:00:23.597000,0 days 00:00:29.366000,0 days 00:55:28.646000,0 days 00:55:52.243000,0 days 00:56:21.609000,248.0,281.0,272.0,318.0,True,MEDIUM,3.0,True,Ferrari,0 days 00:55:07.644000,,1,,False,,False,True
0 days 00:57:50.655000,LEC,16,0 days 00:01:29.046000,11.0,2.0,,,0 days 00:00:24.067000,0 days 00:00:28.725000,0 days 00:00:36.254000,0 days 00:56:45.676000,0 days 00:57:14.401000,0 days 00:57:50.655000,213.0,248.0,280.0,223.0,False,MEDIUM,4.0,True,Ferrari,0 days 00:56:21.609000,,1,,False,,False,True
0 days 00:59:04.209000,LEC,16,0 days 00:01:13.554000,12.0,2.0,,,0 days 00:00:20.832000,0 days 00:00:23.403000,0 days 00:00:29.319000,0 days 00:58:11.487000,0 days 00:58:34.890000,0 days 00:59:04.209000,247.0,284.0,270.0,322.0,True,MEDIUM,5.0,True,Ferrari,0 days 00:57:50.655000,,1,,False,,False,True
0 days 01:09:18.393000,LEC,16,,13.0,2.0,,0 days 01:00:23.621000,0 days 00:00:24.397000,0 days 00:00:27.007000,,0 days 00:59:28.681000,0 days 00:59:55.752000,,229.0,257.0,,270.0,False,MEDIUM,6.0,True,Ferrari,0 days 00:59:04.209000,,1,,False,,False,False
0 days 01:10:50.878000,LEC,16,0 days 00:01:32.485000,14.0,3.0,0 days 01:09:21.021000,,0 days 00:00:28.985000,0 days 00:00:26.855000,0 days 00:00:36.645000,0 days 01:09:47.378000,0 days 01:10:14.233000,0 days 01:10:50.878000,236.0,244.0,233.0,239.0,False,SOFT,1.0,True,Ferrari,0 days 01:09:18.393000,,1,,False,,False,False
0 days 01:12:19.536000,LEC,16,0 days 00:01:28.658000,15.0,3.0,,,0 days 00:00:23.448000,0 days 00:00:26.768000,0 days 00:00:38.442000,0 days 01:11:14.326000,0 days 01:11:41.094000,0 days 01:12:19.536000,239.0,210.0,278.0,206.0,True,SOFT,2.0,True,Ferrari,0 days 01:10:50.878000,,1,,False,,False,True
0 days 01:13:33.394000,LEC,16,0 days 00:01:13.858000,16.0,3.0,,,0 days 00:00:20.928000,0 days 00:00:23.433000,0 days 00:00:29.497000,0 days 01:12:40.464000,0 days 01:13:03.897000,0 days 01:13:33.394000,248.0,284.0,267.0,320.0,True,SOFT,3.0,True,Ferrari,0 days 01:12:19.536000,,1,,False,,False,True
0 days 01:15:13.541000,LEC,16,0 days 00:01:40.147000,17.0,3.0,,,0 days 00:00:28.076000,0 days 00:00:31.923000,0 days 00:00:40.148000,0 days 01:14:01.470000,0 days 01:14:33.393000,0 days 01:15:13.541000,206.0,154.0,278.0,215.0,False,SOFT,4.0,True,Ferrari,0 days 01:13:33.394000,,1,,False,,False,True
0 days 01:16:26.951000,LEC,16,0 days 00:01:13.410000,18.0,3.0,,,0 days 00:00:20.877000,0 days 00:00:23.375000,0 days 00:00:29.158000,0 days 01:15:34.418000,0 days 01:15:57.793000,0 days 01:16:26.951000,246.0,284.0,270.0,322.0,True,SOFT,5.0,True,Ferrari,0 days 01:15:13.541000,,1,,False,,False,True
0 days 01:17:57.128000,LEC,16,,19.0,3.0,,0 days 01:17:57.128000,0 days 00:00:29.370000,0 days 00:00:28.827000,,0 days 01:16:56.484000,0 days 01:17:25.272000,,175.0,208.0,,230.0,False,SOFT,6.0,True,Ferrari,0 days 01:16:26.951000,,1,,False,,False,False
0 days 00:17:02.134000,VER,3,0 days 00:01:41.284000,1.0,1.0,0 days 00:15:22.309000,,0 days 00:00:30.006000,0 days 00:00:26.238000,0 days 00:00:45.040000,0 days 00:15:50.934000,0 days 00:16:17.135000,0 days 00:17:02.428000,226.0,239.0,271.0,91.0,False,MEDIUM,1.0,True,Red Bull Racing,0 days 00:15:22.309000,,1,,False,,False,False
0 days 00:18:16.610000,VER,3,0 days 00:01:14.476000,2.0,1.0,,,0 days 00:00:21.323000,0 days 00:00:23.533000,0 days 00:00:29.620000,0 days 00:17:23.457000,0 days 00:17:46.990000,0 days 00:18:16.610000,247.0,284.0,286.0,311.0,True,MEDIUM,2.0,True,Red Bull Racing,0 days 00:17:02.134000,,1,,False,,False,True
0 days 00:19:53.916000,VER,3,0 days 00:01:37.306000,3.0,1.0,,,0 days 00:00:29.494000,0 days 00:00:31.599000,0 days 00:00:36.213000,0 days 00:18:46.104000,0 days 00:19:17.703000,0 days 00:19:53.916000,161.0,259.0,275.0,235.0,False,MEDIUM,3.0,True,Red Bull Racing,0 days 00:18:16.610000,,1,,False,,False,True
0 days 00:21:07.944000,VER,3,0 days 00:01:14.028000,4.0,1.0,,,0 days 00:00:20.998000,0 days 00:00:23.758000,0 days 00:00:29.272000,0 days 00:20:14.914000,0 days 00:20:38.672000,0 days 00:21:07.944000,251.0,286.0,287.0,319.0,True,MEDIUM,4.0,True,Red Bull Racing,0 days 00:19:53.916000,,1,,False,,False,True
0 days 00:22:49.160000,VER,3,0 days 00:01:41.216000,5.0,1.0,,,0 days 00:00:28.760000,0 days 00:00:30.056000,0 days 00:00:42.400000,0 days 00:21:36.704000,0 days 00:22:06.760000,0 days 00:22:49.160000,170.0,244.0,274.0,212.0,False,MEDIUM,5.0,True,Red Bull Racing,0 days 00:21:07.944000,,1,,False,,False,True
0 days 00:54:39.859000,VER,3,,6.0,1.0,,0 days 00:24:28.991000,,,,,,,,,,,False,MEDIUM,6.0,True,Red Bull Racing,0 days 00:22:49.160000,,125,,False,,False,False
0 days 00:56:06.215000,VER,3,0 days 00:01:26.356000,7.0,2.0,0 days 00:54:41.474000,,0 days 00:00:26.232000,0 days 00:00:26.037000,0 days 00:00:34.087000,0 days 00:55:06.091000,0 days 00:55:32.128000,0 days 00:56:06.215000,230.0,273.0,279.0,245.0,False,MEDIUM,1.0,True,Red Bull Racing,0 days 00:54:41.474000,,1,,False,,False,False
0 days 00:57:31.457000,VER,3,0 days 00:01:25.242000,8.0,2.0,,,0 days 00:00:23.750000,0 days 00:00:27.522000,0 days 00:00:33.970000,0 days 00:56:29.965000,0 days 00:56:57.487000,0 days 00:57:31.457000,208.0,257.0,274.0,281.0,False,MEDIUM,2.0,True,Red Bull Racing,0 days 00:56:06.215000,,1,,True,TRACK LIMITS AT TURN 4 LAP 9 ,False,True
0 days 00:58:45.869000,VER,3,0 days 00:01:14.412000,9.0,2.0,,,0 days 00:00:21.107000,0 days 00:00:23.504000,0 days 00:00:29.801000,0 days 00:57:52.564000,0 days 00:58:16.068000,0 days 00:58:45.869000,261.0,282.0,274.0,310.0,True,MEDIUM,3.0,True,Red Bull Racing,0 days 00:57:31.457000,,1,,False,,False,True
0 days 01:10:02.495000,VER,3,,10.0,2.0,,0 days 01:00:10.980000,0 days 00:00:27.171000,0 days 00:00:28.073000,,0 days 00:59:13.120000,0 days 00:59:41.205000,,217.0,240.0,,255.0,False,MEDIUM,4.0,True,Red Bull Racing,0 days 00:58:45.869000,,1,,False,,False,False
0 days 01:11:35.156000,VER,3,0 days 00:01:32.661000,11.0,3.0,0 days 01:10:04.144000,,0 days 00:00:26.130000,0 days 00:00:28.201000,0 days 00:00:38.330000,0 days 01:10:28.625000,0 days 01:10:56.826000,0 days 01:11:35.156000,228.0,233.0,278.0,247.0,False,SOFT,1.0,True,Red Bull Racing,0 days 01:10:02.495000,,1,,False,,False,False
0 days 01:12:48.663000,VER,3,0 days 00:01:13.507000,12.0,3.0,,,0 days 00:00:20.936000,0 days 00:00:23.352000,0 days 00:00:29.219000,0 days 01:11:56.092000,0 days 01:12:19.444000,0 days 01:12:48.663000,248.0,286.0,282.0,316.0,True,SOFT,2.0,True,Red Bull Racing,0 days 01:11:35.156000,,1,,False,,False,True
0 days 01:14:25.113000,VER,3,0 days 00:01:36.450000,13.0,3.0,,,0 days 00:00:27.573000,0 days 00:00:30.625000,0 days 00:00:38.252000,0 days 01:13:16.236000,0 days 01:13:46.861000,0 days 01:14:25.113000,183.0,199.0,275.0,255.0,False,SOFT,3.0,True,Red Bull Racing,0 days 01:12:48.663000,,1,,False,,False,True
0 days 01:15:38.617000,VER,3,0 days 00:01:13.504000,14.0,3.0,,,0 days 00:00:20.784000,0 days 00:00:23.428000,0 days 00:00:29.292000,0 days 01:14:45.897000,0 days 01:15:09.325000,0 days 01:15:38.617000,251.0,286.0,280.0,317.0,True,SOFT,4.0,True,Red Bull Racing,0 days 01:14:25.113000,,1,,False,,False,True
0 days 01:17:12.253000,VER,3,,15.0,3.0,,0 days 01:17:12.253000,0 days 00:00:29.086000,0 days 00:00:30.989000,,0 days 01:16:07.830000,0 days 01:16:38.952000,,191.0,201.0,,260.0,False,SOFT,5.0,True,Red Bull Racing,0 days 01:15:38.617000,,1,,False,,False,False
0 days 00:14:51.649000,NOR,1,0 days 00:01:44.927000,1.0,1.0,0 days 00:13:10.508000,,0 days 00:00:40.289000,0 days 00:00:27.187000,0 days 00:00:37.451000,0 days 00:13:47.137000,0 days 00:14:14.375000,0 days 00:14:51.905000,226.0,247.0,233.0,243.0,False,MEDIUM,1.0,True,McLaren,0 days 00:13:10.508000,,1,,False,,False,False
0 days 00:16:27.277000,NOR,1,0 days 00:01:35.628000,2.0,1.0,,,0 days 00:00:23.756000,0 days 00:00:26.475000,0 days 00:00:45.397000,0 days 00:15:15.405000,0 days 00:15:41.880000,0 days 00:16:27.277000,228.0,244.0,269.0,253.0,True,MEDIUM,2.0,True,McLaren,0 days 00:14:51.649000,,1,,False,,False,True
0 days 00:17:42.184000,NOR,1,0 days 00:01:14.907000,3.0,1.0,,,0 days 00:00:21.476000,0 days 00:00:23.542000,0 days 00:00:29.889000,0 days 00:16:48.753000,0 days 00:17:12.295000,0 days 00:17:42.184000,249.0,282.0,272.0,311.0,True,MEDIUM,3.0,True,McLaren,0 days 00:16:27.277000,,1,,False,,False,True
0 days 00:19:15.743000,NOR,1,0 days 00:01:33.559000,4.0,1.0,,,0 days 00:00:24.815000,0 days 00:00:30.494000,0 days 00:00:38.250000,0 days 00:18:06.999000,0 days 00:18:37.493000,0 days 00:19:15.743000,204.0,221.0,267.0,277.0,False,MEDIUM,4.0,True,McLaren,0 days 00:17:42.184000,,1,,False,,False,True
0 days 00:20:30.008000,NOR,1,0 days 00:01:14.265000,5.0,1.0,,,0 days 00:00:21.305000,0 days 00:00:23.667000,0 days 00:00:29.293000,0 days 00:19:37.048000,0 days 00:20:00.715000,0 days 00:20:30.008000,248.0,284.0,277.0,317.0,True,MEDIUM,5.0,True,McLaren,0 days 00:19:15.743000,,1,,False,,False,True
0 days 00:22:13.426000,NOR,1,0 days 00:01:43.418000,6.0,1.0,,,0 days 00:00:26.806000,0 days 00:00:30.491000,0 days 00:00:46.121000,0 days 00:20:56.814000,0 days 00:21:27.305000,0 days 00:22:13.426000,168.0,190.0,267.0,220.0,False,MEDIUM,6.0,True,McLaren,0 days 00:20:30.008000,,1,,False,,False,True
0 days 00:51:21.722000,NOR,1,,7.0,1.0,,0 days 00:23:41.682000,0 days 00:00:21.284000,0 days 00:00:23.395000,,0 days 00:22:34.842000,0 days 00:22:58.171000,,249.0,290.0,,220.0,False,MEDIUM,7.0,True,McLaren,0 days 00:22:13.426000,,125,,False,,False,False
0 days 00:53:01.938000,NOR,1,0 days 00:01:40.216000,8.0,2.0,0 days 00:51:27.752000,,0 days 00:00:32.583000,0 days 00:00:25.924000,0 days 00:00:41.709000,0 days 00:51:54.305000,0 days 00:52:20.229000,0 days 00:53:01.938000,228.0,265.0,266.0,239.0,False,MEDIUM,1.0,True,McLaren,0 days 00:51:27.752000,,1,,False,,False,False
0 days 00:54:15.895000,NOR,1,0 days 00:01:13.957000,9.0,2.0,,,0 days 00:00:21.204000,0 days 00:00:23.281000,0 days 00:00:29.472000,0 days 00:53:23.142000,0 days 00:53:46.423000,0 days 00:54:15.895000,252.0,286.0,274.0,312.0,True,MEDIUM,2.0,True,McLaren,0 days 00:53:01.938000,,1,,False,,False,True
0 days 01:10:08.490000,NOR,1,,10.0,2.0,,0 days 00:55:40.165000,0 days 00:00:24.891000,0 days 00:00:28.660000,,0 days 00:54:40.802000,0 days 00:55:09.509000,,208.0,219.0,,238.0,False,MEDIUM,3.0,True,McLaren,0 days 00:54:15.895000,,1,,False,,False,False
0 days 01:11:51.344000,NOR,1,0 days 00:01:42.854000,11.0,3.0,0 days 01:10:11.498000,,0 days 00:00:29.322000,0 days 00:00:26.341000,0 days 00:00:47.191000,0 days 01:10:37.812000,0 days 01:11:04.153000,0 days 01:11:51.344000,230.0,240.0,276.0,237.0,False,SOFT,1.0,True,McLaren,0 days 01:10:08.490000,,1,,False,,False,False
0 days 01:13:05.399000,NOR,1,0 days 00:01:14.055000,12.0,3.0,,,0 days 00:00:21.625000,0 days 00:00:23.240000,0 days 00:00:29.190000,0 days 01:12:12.969000,0 days 01:12:36.209000,0 days 01:13:05.399000,250.0,285.0,272.0,311.0,True,SOFT,2.0,True,McLaren,0 days 01:11:51.344000,,1,,False,,False,True
0 days 01:14:45.952000,NOR,1,0 days 00:01:40.553000,13.0,3.0,,,0 days 00:00:24.370000,0 days 00:00:30.251000,0 days 00:00:45.932000,0 days 01:13:29.769000,0 days 01:14:00.020000,0 days 01:14:45.952000,212.0,226.0,274.0,250.0,False,SOFT,3.0,True,McLaren,0 days 01:13:05.399000,,1,,False,,False,True
0 days 01:15:59.232000,NOR,1,0 days 00:01:13.280000,14.0,3.0,,,0 days 00:00:20.808000,0 days 00:00:23.124000,0 days 00:00:29.348000,0 days 01:15:06.760000,0 days 01:15:29.884000,0 days 01:15:59.232000,249.0,289.0,271.0,312.0,True,SOFT,4.0,True,McLaren,0 days 01:14:45.952000,,1,,False,,False,True
0 days 01:17:29.806000,NOR,1,,15.0,3.0,,0 days 01:17:29.806000,0 days 00:00:25.671000,0 days 00:00:29.737000,,0 days 01:16:24.965000,0 days 01:16:54.655000,,184.0,181.0,,193.0,False,SOFT,5.0,True,McLaren,0 days 01:15:59.232000,,1,,False,,False,False
0 days 00:15:41.346000,PIA,81,0 days 00:01:44.260000,1.0,1.0,0 days 00:14:01.540000,,0 days 00:00:37.544000,0 days 00:00:28.173000,0 days 00:00:38.543000,0 days 00:14:34.695000,0 days 00:15:02.906000,0 days 00:15:41.653000,211.0,251.0,232.0,252.0,False,MEDIUM,1.0,True,McLaren,0 days 00:14:01.540000,,1,,False,,False,False
0 days 00:17:23.185000,PIA,81,0 days 00:01:41.839000,2.0,1.0,,,0 days 00:00:26.163000,0 days 00:00:31.200000,0 days 00:00:44.476000,0 days 00:16:07.509000,0 days 00:16:38.709000,0 days 00:17:23.185000,164.0,239.0,267.0,100.0,True,MEDIUM,2.0,True,McLaren,0 days 00:15:41.346000,,1,,False,,False,True
0 days 00:18:37.989000,PIA,81,0 days 00:01:14.804000,3.0,1.0,,,0 days 00:00:21.531000,0 days 00:00:23.487000,0 days 00:00:29.786000,0 days 00:17:44.716000,0 days 00:18:08.203000,0 days 00:18:37.989000,249.0,289.0,270.0,312.0,True,MEDIUM,3.0,True,McLaren,0 days 00:17:23.185000,,1,,False,,False,True
0 days 00:20:16.368000,PIA,81,0 days 00:01:38.379000,4.0,1.0,,,0 days 00:00:29.259000,0 days 00:00:28.641000,0 days 00:00:40.479000,0 days 00:19:07.248000,0 days 00:19:35.889000,0 days 00:20:16.368000,190.0,244.0,268.0,132.0,False,MEDIUM,4.0,True,McLaren,0 days 00:18:37.989000,,1,,False,,False,True
0 days 00:21:31.033000,PIA,81,0 days 00:01:14.665000,5.0,1.0,,,0 days 00:00:21.404000,0 days 00:00:23.685000,0 days 00:00:29.576000,0 days 00:20:37.772000,0 days 00:21:01.457000,0 days 00:21:31.033000,249.0,289.0,276.0,314.0,True,MEDIUM,5.0,True,McLaren,0 days 00:20:16.368000,,1,,False,,False,True
0 days 00:52:02.891000,PIA,81,,6.0,1.0,,0 days 00:23:15.259000,0 days 00:00:27.727000,0 days 00:00:31.837000,,0 days 00:21:58.818000,0 days 00:22:30.702000,,186.0,203.0,,314.0,False,MEDIUM,6.0,True,McLaren,0 days 00:21:31.033000,,125,,False,,False,False
0 days 00:53:58.123000,PIA,81,0 days 00:01:55.232000,7.0,2.0,0 days 00:52:13.312000,,0 days 00:00:46.175000,0 days 00:00:26.715000,0 days 00:00:42.342000,0 days 00:52:49.066000,0 days 00:53:15.781000,0 days 00:53:58.123000,228.0,256.0,276.0,125.0,False,MEDIUM,1.0,True,McLaren,0 days 00:52:13.312000,,1,,False,,False,False
0 days 00:55:24.175000,PIA,81,0 days 00:01:26.052000,8.0,2.0,,,0 days 00:00:21.970000,0 days 00:00:27.496000,0 days 00:00:36.586000,0 days 00:54:20.093000,0 days 00:54:47.589000,0 days 00:55:24.175000,212.0,243.0,278.0,256.0,True,MEDIUM,2.0,True,McLaren,0 days 00:53:58.123000,,1,,False,,False,True
0 days 00:56:38.033000,PIA,81,0 days 00:01:13.858000,9.0,2.0,,,0 days 00:00:21.001000,0 days 00:00:23.393000,0 days 00:00:29.464000,0 days 00:55:45.176000,0 days 00:56:08.569000,0 days 00:56:38.033000,249.0,288.0,275.0,311.0,True,MEDIUM,3.0,True,McLaren,0 days 00:55:24.175000,,1,,False,,False,True
0 days 01:10:16.089000,PIA,81,,10.0,2.0,,0 days 00:58:10.307000,0 days 00:00:30.093000,0 days 00:00:33.142000,,0 days 00:57:08.191000,0 days 00:57:41.379000,,195.0,218.0,,277.0,False,MEDIUM,4.0,True,McLaren,0 days 00:56:38.033000,,1,,False,,False,False
0 days 01:12:10.837000,PIA,81,0 days 00:01:54.748000,11.0,3.0,0 days 01:10:20.047000,,0 days 00:00:40.501000,0 days 00:00:26.373000,0 days 00:00:47.874000,0 days 01:10:56.590000,0 days 01:11:22.963000,0 days 01:12:10.837000,229.0,265.0,272.0,103.0,False,SOFT,1.0,True,McLaren,0 days 01:10:16.089000,,1,,False,,False,False
0 days 01:13:24.523000,PIA,81,0 days 00:01:13.686000,12.0,3.0,,,0 days 00:00:21.132000,0 days 00:00:23.179000,0 days 00:00:29.375000,0 days 01:12:31.969000,0 days 01:12:55.148000,0 days 01:13:24.523000,250.0,289.0,270.0,313.0,True,SOFT,2.0,True,McLaren,0 days 01:12:10.837000,,1,,False,,False,True
0 days 01:15:06.524000,PIA,81,0 days 00:01:42.001000,13.0,3.0,,,0 days 00:00:25.650000,0 days 00:00:30.065000,0 days 00:00:46.286000,0 days 01:13:50.173000,0 days 01:14:20.238000,0 days 01:15:06.524000,205.0,222.0,271.0,135.0,False,SOFT,3.0,True,McLaren,0 days 01:13:24.523000,,1,,False,,False,True
0 days 01:16:19.823000,PIA,81,0 days 00:01:13.299000,14.0,3.0,,,0 days 00:00:20.912000,0 days 00:00:23.112000,0 days 00:00:29.275000,0 days 01:15:27.436000,0 days 01:15:50.548000,0 days 01:16:19.823000,251.0,288.0,272.0,313.0,True,SOFT,4.0,True,McLaren,0 days 01:15:06.524000,,1,,False,,False,True
0 days 01:17:50.131000,PIA,81,,15.0,3.0,,0 days 01:17:50.131000,0 days 00:00:25.767000,0 days 00:00:30.411000,,0 days 01:16:45.630000,0 days 01:17:16.018000,,193.0,206.0,,232.0,False,SOFT,5.0,True,McLaren,0 days 01:16:19.823000,,1,,False,,False,False
0 days 00:15:02.793000,LIN,41,0 days 00:01:48.280000,1.0,1.0,0 days 00:13:20.523000,,0 days 00:00:44.312000,0 days 00:00:28.445000,0 days 00:00:35.523000,0 days 00:13:58.884000,0 days 00:14:27.315000,0 days 00:15:03.080000,229.0,242.0,238.0,255.0,False,MEDIUM,1.0,True,Racing Bulls,0 days 00:13:20.523000,,1,,False,,False,False
0 days 00:16:39.472000,LIN,41,0 days 00:01:36.679000,2.0,1.0,,,0 days 00:00:23.553000,0 days 00:00:30.022000,0 days 00:00:43.104000,0 days 00:15:26.346000,0 days 00:15:56.368000,0 days 00:16:39.472000,233.0,241.0,273.0,172.0,True,MEDIUM,2.0,True,Racing Bulls,0 days 00:15:02.793000,,1,,False,,False,True
0 days 00:17:54.700000,LIN,41,0 days 00:01:15.228000,3.0,1.0,,,0 days 00:00:21.740000,0 days 00:00:23.796000,0 days 00:00:29.692000,0 days 00:17:01.212000,0 days 00:17:25.008000,0 days 00:17:54.700000,249.0,290.0,278.0,330.0,True,MEDIUM,3.0,True,Racing Bulls,0 days 00:16:39.472000,,1,,False,,False,True
0 days 00:19:34.789000,LIN,41,0 days 00:01:40.089000,4.0,1.0,,,0 days 00:00:26.225000,0 days 00:00:32.556000,0 days 00:00:41.308000,0 days 00:18:20.925000,0 days 00:18:53.481000,0 days 00:19:34.789000,197.0,221.0,273.0,252.0,False,MEDIUM,4.0,True,Racing Bulls,0 days 00:17:54.700000,,1,,False,,False,True
0 days 00:20:49.306000,LIN,41,0 days 00:01:14.517000,5.0,1.0,,,0 days 00:00:21.251000,0 days 00:00:23.753000,0 days 00:00:29.513000,0 days 00:19:56.040000,0 days 00:20:19.793000,0 days 00:20:49.306000,252.0,288.0,278.0,324.0,True,MEDIUM,5.0,True,Racing Bulls,0 days 00:19:34.789000,,1,,False,,False,True
0 days 00:22:28.373000,LIN,41,0 days 00:01:39.067000,6.0,1.0,,,0 days 00:00:24.892000,0 days 00:00:37.345000,0 days 00:00:36.830000,0 days 00:21:14.198000,0 days 00:21:51.543000,0 days 00:22:28.373000,197.0,150.0,274.0,257.0,False,MEDIUM,6.0,True,Racing Bulls,0 days 00:20:49.306000,,1,,False,,False,True
0 days 00:51:28.986000,LIN,41,,7.0,1.0,,0 days 00:23:52.507000,0 days 00:00:21.052000,,,0 days 00:22:49.625000,,,252.0,,,257.0,False,MEDIUM,7.0,True,Racing Bulls,0 days 00:22:28.373000,,125,,False,,False,False
0 days 00:53:06.101000,LIN,41,0 days 00:01:37.115000,8.0,2.0,0 days 00:51:33.075000,,0 days 00:00:32.159000,0 days 00:00:28.048000,0 days 00:00:36.908000,0 days 00:52:01.145000,0 days 00:52:29.193000,0 days 00:53:06.101000,229.0,241.0,276.0,250.0,False,MEDIUM,1.0,True,Racing Bulls,0 days 00:51:33.075000,,1,,False,,False,False
0 days 00:54:20.496000,LIN,41,0 days 00:01:14.395000,9.0,2.0,,,0 days 00:00:21.256000,0 days 00:00:23.580000,0 days 00:00:29.559000,0 days 00:53:27.357000,0 days 00:53:50.937000,0 days 00:54:20.496000,251.0,288.0,279.0,322.0,True,MEDIUM,2.0,True,Racing Bulls,0 days 00:53:06.101000,,1,,False,,False,True
0 days 00:55:53.246000,LIN,41,0 days 00:01:32.750000,10.0,2.0,,,0 days 00:00:25.684000,0 days 00:00:31.058000,0 days 00:00:36.008000,0 days 00:54:46.180000,0 days 00:55:17.238000,0 days 00:55:53.246000,192.0,224.0,275.0,247.0,False,MEDIUM,3.0,True,Racing Bulls,0 days 00:54:20.496000,,1,,False,,False,True
0 days 00:57:07.386000,LIN,41,0 days 00:01:14.140000,11.0,2.0,,,0 days 00:00:21.097000,0 days 00:00:23.566000,0 days 00:00:29.477000,0 days 00:56:14.343000,0 days 00:56:37.909000,0 days 00:57:07.386000,250.0,286.0,280.0,320.0,True,MEDIUM,4.0,True,Racing Bulls,0 days 00:55:53.246000,,1,,False,,False,True
0 days 00:58:47.843000,LIN,41,0 days 00:01:40.457000,12.0,2.0,,,0 days 00:00:25.605000,0 days 00:00:31.563000,0 days 00:00:43.289000,0 days 00:57:32.991000,0 days 00:58:04.554000,0 days 00:58:47.843000,189.0,238.0,276.0,190.0,False,MEDIUM,5.0,True,Racing Bulls,0 days 00:57:07.386000,,1,,False,,False,True
0 days 01:00:04.862000,LIN,41,0 days 00:01:17.019000,13.0,2.0,,,0 days 00:00:21.090000,0 days 00:00:23.541000,0 days 00:00:32.388000,0 days 00:59:08.933000,0 days 00:59:32.474000,0 days 01:00:04.862000,252.0,287.0,250.0,321.0,False,MEDIUM,6.0,True,Racing Bulls,0 days 00:58:47.843000,,1,,True,TRACK LIMITS AT TURN 10 LAP 14 ,False,True
0 days 01:10:12.708000,LIN,41,,14.0,2.0,,0 days 01:01:27.062000,0 days 00:00:25.029000,0 days 00:00:27.907000,,0 days 01:00:29.996000,0 days 01:00:57.840000,,214.0,249.0,,263.0,False,MEDIUM,7.0,True,Racing Bulls,0 days 01:00:04.862000,,1,,False,,False,False
0 days 01:11:56.550000,LIN,41,0 days 00:01:43.842000,15.0,3.0,0 days 01:10:16.330000,,0 days 00:00:32.410000,0 days 00:00:27.687000,0 days 00:00:43.745000,0 days 01:10:45.118000,0 days 01:11:12.805000,0 days 01:11:56.550000,236.0,242.0,276.0,240.0,False,SOFT,1.0,True,Racing Bulls,0 days 01:10:12.708000,,1,,False,,False,False
0 days 01:13:10.535000,LIN,41,0 days 00:01:13.985000,16.0,3.0,,,0 days 00:00:21.217000,0 days 00:00:23.452000,0 days 00:00:29.316000,0 days 01:12:17.767000,0 days 01:12:41.219000,0 days 01:13:10.535000,253.0,288.0,275.0,324.0,True,SOFT,2.0,True,Racing Bulls,0 days 01:11:56.550000,,1,,False,,False,True
0 days 01:14:52.381000,LIN,41,0 days 00:01:41.846000,17.0,3.0,,,0 days 00:00:26.230000,0 days 00:00:30.708000,0 days 00:00:44.908000,0 days 01:13:36.765000,0 days 01:14:07.473000,0 days 01:14:52.381000,191.0,230.0,274.0,246.0,False,SOFT,3.0,True,Racing Bulls,0 days 01:13:10.535000,,1,,False,,False,True
0 days 01:16:06.118000,LIN,41,0 days 00:01:13.737000,18.0,3.0,,,0 days 00:00:21.013000,0 days 00:00:23.376000,0 days 00:00:29.348000,0 days 01:15:13.394000,0 days 01:15:36.770000,0 days 01:16:06.118000,251.0,287.0,277.0,323.0,True,SOFT,4.0,True,Racing Bulls,0 days 01:14:52.381000,,1,,False,,False,True
0 days 01:17:35.743000,LIN,41,,19.0,3.0,,0 days 01:17:35.743000,0 days 00:00:29.151000,0 days 00:00:30.311000,,0 days 01:16:35.299000,0 days 01:17:05.674000,,175.0,234.0,,257.0,False,SOFT,5.0,True,Racing Bulls,0 days 01:16:06.118000,,1,,False,,False,False
0 days 00:15:45.656000,HUL,27,0 days 00:01:33.216000,1.0,1.0,0 days 00:14:14.078000,,0 days 00:00:27.843000,0 days 00:00:30.363000,0 days 00:00:35.010000,0 days 00:14:40.328000,0 days 00:15:10.762000,0 days 00:15:45.998000,193.0,248.0,242.0,274.0,False,MEDIUM,1.0,True,Audi,0 days 00:14:14.078000,,1,,False,,False,False
0 days 00:17:10.577000,HUL,27,0 days 00:01:24.921000,2.0,1.0,,,0 days 00:00:23.890000,0 days 00:00:26.906000,0 days 00:00:34.125000,0 days 00:16:09.546000,0 days 00:16:36.452000,0 days 00:17:10.577000,232.0,252.0,278.0,277.0,True,MEDIUM,2.0,True,Audi,0 days 00:15:45.656000,,1,,False,,False,True
0 days 00:18:26.866000,HUL,27,0 days 00:01:16.289000,3.0,1.0,,,0 days 00:00:21.845000,0 days 00:00:23.968000,0 days 00:00:30.476000,0 days 00:17:32.422000,0 days 00:17:56.390000,0 days 00:18:26.866000,250.0,289.0,275.0,319.0,True,MEDIUM,3.0,True,Audi,0 days 00:17:10.577000,,1,,False,,False,True
0 days 00:20:08.114000,HUL,27,0 days 00:01:41.248000,4.0,1.0,,,0 days 00:00:27.712000,0 days 00:00:30.962000,0 days 00:00:42.574000,0 days 00:18:54.578000,0 days 00:19:25.540000,0 days 00:20:08.114000,203.0,169.0,277.0,200.0,False,MEDIUM,4.0,True,Audi,0 days 00:18:26.866000,,1,,False,,False,True
0 days 00:21:23.787000,HUL,27,0 days 00:01:15.673000,5.0,1.0,,,0 days 00:00:21.693000,0 days 00:00:23.780000,0 days 00:00:30.200000,0 days 00:20:29.807000,0 days 00:20:53.587000,0 days 00:21:23.787000,250.0,288.0,275.0,315.0,True,MEDIUM,5.0,True,Audi,0 days 00:20:08.114000,,1,,False,,False,True
0 days 00:42:08.651000,HUL,27,,6.0,1.0,,0 days 00:24:59.296000,0 days 00:00:31.653000,0 days 00:00:32.259000,,0 days 00:21:55.522000,0 days 00:22:27.858000,,170.0,255.0,,250.0,False,MEDIUM,6.0,True,Audi,0 days 00:21:23.787000,,125,,False,,False,False
0 days 00:51:57.469000,HUL,27,,7.0,2.0,0 days 00:42:08.651000,0 days 00:43:36.217000,0 days 00:00:35.099000,0 days 00:00:27.460000,,0 days 00:42:40.126000,0 days 00:43:07.570000,,224.0,252.0,,284.0,False,MEDIUM,7.0,False,Audi,0 days 00:42:08.651000,,1,,False,,False,False
0 days 00:53:45.371000,HUL,27,0 days 00:01:47.902000,8.0,3.0,0 days 00:52:08.206000,,0 days 00:00:44.152000,0 days 00:00:28.423000,0 days 00:00:35.327000,0 days 00:52:41.621000,0 days 00:53:10.044000,0 days 00:53:45.371000,214.0,255.0,273.0,262.0,False,MEDIUM,1.0,True,Audi,0 days 00:51:57.469000,,1,,False,,False,False
0 days 00:55:08.083000,HUL,27,0 days 00:01:22.712000,9.0,3.0,,,0 days 00:00:22.696000,0 days 00:00:24.959000,0 days 00:00:35.057000,0 days 00:54:08.067000,0 days 00:54:33.026000,0 days 00:55:08.083000,246.0,290.0,267.0,305.0,True,MEDIUM,2.0,True,Audi,0 days 00:53:45.371000,,1,,False,,False,True
0 days 00:56:36.807000,HUL,27,0 days 00:01:28.724000,10.0,3.0,,,0 days 00:00:23.255000,0 days 00:00:26.763000,0 days 00:00:38.706000,0 days 00:55:31.338000,0 days 00:55:58.101000,0 days 00:56:36.807000,233.0,243.0,275.0,162.0,False,MEDIUM,3.0,True,Audi,0 days 00:55:08.083000,,1,,False,,False,True
0 days 00:57:52.785000,HUL,27,0 days 00:01:15.978000,11.0,3.0,,,0 days 00:00:21.735000,0 days 00:00:23.913000,0 days 00:00:30.330000,0 days 00:56:58.542000,0 days 00:57:22.455000,0 days 00:57:52.785000,249.0,284.0,272.0,308.0,True,MEDIUM,4.0,True,Audi,0 days 00:56:36.807000,,1,,False,,False,True
0 days 00:59:28.485000,HUL,27,0 days 00:01:35.700000,12.0,3.0,,,0 days 00:00:27.090000,0 days 00:00:33.249000,0 days 00:00:35.361000,0 days 00:58:19.875000,0 days 00:58:53.124000,0 days 00:59:28.485000,183.0,252.0,276.0,264.0,False,MEDIUM,5.0,True,Audi,0 days 00:57:52.785000,,1,,False,,False,True
0 days 01:00:43.080000,HUL,27,0 days 00:01:14.595000,13.0,3.0,,,0 days 00:00:21.324000,0 days 00:00:23.717000,0 days 00:00:29.554000,0 days 00:59:49.809000,0 days 01:00:13.526000,0 days 01:00:43.080000,250.0,287.0,271.0,323.0,True,MEDIUM,6.0,True,Audi,0 days 00:59:28.485000,,1,,False,,False,True
0 days 01:02:05.658000,HUL,27,,14.0,3.0,,0 days 01:02:05.658000,0 days 00:00:25.920000,0 days 00:00:28.170000,,0 days 01:01:09.062000,0 days 01:01:37.296000,,204.0,249.0,,278.0,False,MEDIUM,7.0,True,Audi,0 days 01:00:43.080000,,1,,False,,False,False
0 days 00:15:09.979000,ALO,14,0 days 00:01:42.783000,1.0,1.0,0 days 00:13:36.746000,,0 days 00:00:38.009000,0 days 00:00:26.717000,0 days 00:00:38.057000,0 days 00:14:05.321000,0 days 00:14:31.987000,0 days 00:15:10.247000,236.0,247.0,226.0,243.0,False,MEDIUM,1.0,True,Aston Martin,0 days 00:13:36.746000,,1,,False,,False,False
0 days 00:16:44.999000,ALO,14,0 days 00:01:35.020000,2.0,1.0,,,0 days 00:00:26.978000,0 days 00:00:27.353000,0 days 00:00:40.689000,0 days 00:15:36.957000,0 days 00:16:04.310000,0 days 00:16:44.999000,218.0,243.0,254.0,221.0,True,MEDIUM,2.0,True,Aston Martin,0 days 00:15:09.979000,,1,,False,,False,True
0 days 00:18:01.063000,ALO,14,0 days 00:01:16.064000,3.0,1.0,,,0 days 00:00:21.727000,0 days 00:00:24.186000,0 days 00:00:30.151000,0 days 00:17:06.726000,0 days 00:17:30.912000,0 days 00:18:01.063000,245.0,276.0,277.0,308.0,True,MEDIUM,3.0,True,Aston Martin,0 days 00:16:44.999000,,1,,False,,False,True
0 days 00:19:39.223000,ALO,14,0 days 00:01:38.160000,4.0,1.0,,,0 days 00:00:27.498000,0 days 00:00:30.078000,0 days 00:00:40.584000,0 days 00:18:28.561000,0 days 00:18:58.639000,0 days 00:19:39.223000,181.0,233.0,255.0,242.0,False,MEDIUM,4.0,True,Aston Martin,0 days 00:18:01.063000,,1,,False,,False,True
0 days 00:20:54.983000,ALO,14,0 days 00:01:15.760000,5.0,1.0,,,0 days 00:00:21.386000,0 days 00:00:24.129000,0 days 00:00:30.245000,0 days 00:20:00.609000,0 days 00:20:24.738000,0 days 00:20:54.983000,243.0,275.0,276.0,306.0,True,MEDIUM,5.0,True,Aston Martin,0 days 00:19:39.223000,,1,,False,,False,True
0 days 00:22:33.625000,ALO,14,0 days 00:01:38.642000,6.0,1.0,,,0 days 00:00:26.755000,0 days 00:00:32.757000,0 days 00:00:39.130000,0 days 00:21:21.738000,0 days 00:21:54.495000,0 days 00:22:33.625000,184.0,232.0,258.0,241.0,False,MEDIUM,6.0,True,Aston Martin,0 days 00:20:54.983000,,1,,False,,False,True
0 days 00:29:33.049000,ALO,14,,7.0,1.0,,0 days 00:29:33.049000,0 days 00:00:26.755000,,,0 days 00:29:33.049000,,,,,,241.0,False,MEDIUM,7.0,True,Aston Martin,0 days 00:22:33.625000,,125,,False,,False,False
0 days 00:15:22.505000,BOR,5,0 days 00:01:42.981000,1.0,1.0,0 days 00:13:50.934000,,0 days 00:00:39.579000,0 days 00:00:28.149000,0 days 00:00:35.253000,0 days 00:14:19.447000,0 days 00:14:47.312000,0 days 00:15:22.794000,224.0,242.0,238.0,258.0,False,MEDIUM,1.0,True,Audi,0 days 00:13:50.934000,,1,,False,,False,False
0 days 00:17:05.490000,BOR,5,0 days 00:01:42.985000,2.0,1.0,,,0 days 00:00:23.734000,0 days 00:00:26.914000,0 days 00:00:52.337000,0 days 00:15:46.239000,0 days 00:16:13.153000,0 days 00:17:05.490000,232.0,233.0,274.0,205.0,True,MEDIUM,2.0,True,Audi,0 days 00:15:22.505000,,1,,False,,False,True
0 days 00:18:23.464000,BOR,5,0 days 00:01:17.974000,3.0,1.0,,,0 days 00:00:22.711000,0 days 00:00:24.802000,0 days 00:00:30.461000,0 days 00:17:28.201000,0 days 00:17:53.003000,0 days 00:18:23.464000,245.0,286.0,267.0,324.0,True,MEDIUM,3.0,True,Audi,0 days 00:17:05.490000,,1,,False,,False,True
0 days 00:20:03.401000,BOR,5,0 days 00:01:39.937000,4.0,1.0,,,0 days 00:00:27.332000,0 days 00:00:30.886000,0 days 00:00:41.719000,0 days 00:18:50.796000,0 days 00:19:21.682000,0 days 00:20:03.401000,205.0,215.0,277.0,258.0,False,MEDIUM,4.0,True,Audi,0 days 00:18:23.464000,,1,,False,,False,True
0 days 00:21:19.202000,BOR,5,0 days 00:01:15.801000,5.0,1.0,,,0 days 00:00:21.543000,0 days 00:00:23.823000,0 days 00:00:30.435000,0 days 00:20:24.944000,0 days 00:20:48.767000,0 days 00:21:19.202000,249.0,287.0,269.0,314.0,True,MEDIUM,5.0,True,Audi,0 days 00:20:03.401000,,1,,False,,False,True
0 days 00:42:10.685000,BOR,5,,6.0,1.0,,0 days 00:24:55.530000,0 days 00:00:29.972000,0 days 00:00:33.872000,,0 days 00:21:49.991000,0 days 00:22:23.092000,,151.0,199.0,,256.0,False,MEDIUM,6.0,True,Audi,0 days 00:21:19.202000,,125,,False,,False,False
0 days 00:51:12.621000,BOR,5,,7.0,2.0,0 days 00:42:10.685000,0 days 00:43:38.530000,0 days 00:00:34.208000,0 days 00:00:27.734000,,0 days 00:42:40.876000,0 days 00:43:08.631000,,227.0,251.0,,255.0,False,MEDIUM,7.0,False,Audi,0 days 00:42:10.685000,,1,,False,,False,False
0 days 00:52:52.831000,BOR,5,0 days 00:01:40.210000,8.0,3.0,0 days 00:51:16.772000,,0 days 00:00:34.948000,0 days 00:00:27.649000,0 days 00:00:37.613000,0 days 00:51:47.569000,0 days 00:52:15.218000,0 days 00:52:52.831000,237.0,241.0,277.0,258.0,False,MEDIUM,1.0,True,Audi,0 days 00:51:12.621000,,1,,False,,False,False
0 days 00:54:09.266000,BOR,5,0 days 00:01:16.435000,9.0,3.0,,,0 days 00:00:22.091000,0 days 00:00:24.224000,0 days 00:00:30.120000,0 days 00:53:14.922000,0 days 00:53:39.146000,0 days 00:54:09.266000,249.0,288.0,269.0,322.0,True,MEDIUM,2.0,True,Audi,0 days 00:52:52.831000,,1,,False,,False,True
0 days 00:55:40.998000,BOR,5,0 days 00:01:31.732000,10.0,3.0,,,0 days 00:00:27.782000,0 days 00:00:29.612000,0 days 00:00:34.338000,0 days 00:54:37.048000,0 days 00:55:06.660000,0 days 00:55:40.998000,203.0,245.0,278.0,254.0,False,MEDIUM,3.0,True,Audi,0 days 00:54:09.266000,,1,,False,,False,True
0 days 00:56:55.869000,BOR,5,0 days 00:01:14.871000,11.0,3.0,,,0 days 00:00:21.406000,0 days 00:00:23.734000,0 days 00:00:29.731000,0 days 00:56:02.404000,0 days 00:56:26.138000,0 days 00:56:55.869000,250.0,286.0,274.0,320.0,True,MEDIUM,4.0,True,Audi,0 days 00:55:40.998000,,1,,False,,False,True
0 days 00:58:38.884000,BOR,5,0 days 00:01:43.015000,12.0,3.0,,,0 days 00:00:30.822000,0 days 00:00:34.595000,0 days 00:00:37.598000,0 days 00:57:26.691000,0 days 00:58:01.286000,0 days 00:58:38.884000,183.0,170.0,277.0,258.0,False,MEDIUM,5.0,True,Audi,0 days 00:56:55.869000,,1,,False,,False,True
0 days 00:59:53.511000,BOR,5,0 days 00:01:14.627000,13.0,3.0,,,0 days 00:00:21.271000,0 days 00:00:23.716000,0 days 00:00:29.640000,0 days 00:59:00.155000,0 days 00:59:23.871000,0 days 00:59:53.511000,250.0,284.0,271.0,316.0,True,MEDIUM,6.0,True,Audi,0 days 00:58:38.884000,,1,,False,,False,True
0 days 01:01:23.796000,BOR,5,,14.0,3.0,,0 days 01:01:23.796000,0 days 00:00:25.147000,0 days 00:00:32.750000,,0 days 01:00:19.386000,0 days 01:00:51.559000,,202.0,192.0,,258.0,False,MEDIUM,7.0,True,Audi,0 days 00:59:53.511000,,1,,False,,False,False
0 days 00:16:50.702000,HAD,6,0 days 00:01:49.832000,1.0,1.0,0 days 00:15:02.937000,,0 days 00:00:30.493000,0 days 00:00:30.766000,0 days 00:00:48.573000,0 days 00:15:31.481000,0 days 00:16:02.325000,0 days 00:16:50.987000,218.0,242.0,262.0,117.0,False,MEDIUM,1.0,True,Red Bull Racing,0 days 00:15:02.937000,,1,,False,,False,False
0 days 00:18:06.375000,HAD,6,0 days 00:01:15.673000,2.0,1.0,,,0 days 00:00:22.102000,0 days 00:00:23.838000,0 days 00:00:29.733000,0 days 00:17:12.804000,0 days 00:17:36.642000,0 days 00:18:06.375000,245.0,287.0,283.0,313.0,True,MEDIUM,2.0,True,Red Bull Racing,0 days 00:16:50.702000,,1,,False,,False,True
0 days 00:19:43.687000,HAD,6,0 days 00:01:37.312000,3.0,1.0,,,0 days 00:00:27.514000,0 days 00:00:29.410000,0 days 00:00:40.388000,0 days 00:18:33.889000,0 days 00:19:03.299000,0 days 00:19:43.687000,205.0,207.0,257.0,234.0,False,MEDIUM,3.0,True,Red Bull Racing,0 days 00:18:06.375000,,1,,False,,False,True
0 days 00:20:58.228000,HAD,6,0 days 00:01:14.541000,4.0,1.0,,,0 days 00:00:21.405000,0 days 00:00:23.678000,0 days 00:00:29.458000,0 days 00:20:05.092000,0 days 00:20:28.770000,0 days 00:20:58.228000,248.0,288.0,294.0,318.0,True,MEDIUM,4.0,True,Red Bull Racing,0 days 00:19:43.687000,,1,,False,,False,True
0 days 00:22:39.785000,HAD,6,0 days 00:01:41.557000,5.0,1.0,,,0 days 00:00:27.172000,0 days 00:00:31.158000,0 days 00:00:43.227000,0 days 00:21:25.400000,0 days 00:21:56.558000,0 days 00:22:39.785000,172.0,233.0,272.0,182.0,False,MEDIUM,5.0,True,Red Bull Racing,0 days 00:20:58.228000,,1,,False,,False,True
0 days 00:51:51.949000,HAD,6,,6.0,1.0,,0 days 00:24:22.538000,,,,,,,,,,,False,MEDIUM,6.0,True,Red Bull Racing,0 days 00:22:39.785000,,125,,False,,False,False
0 days 00:53:36.094000,HAD,6,0 days 00:01:44.145000,7.0,2.0,0 days 00:51:58.489000,,0 days 00:00:39.356000,0 days 00:00:28.136000,0 days 00:00:36.653000,0 days 00:52:31.305000,0 days 00:52:59.441000,0 days 00:53:36.094000,238.0,230.0,276.0,263.0,False,MEDIUM,1.0,True,Red Bull Racing,0 days 00:51:58.489000,,1,,False,,False,False
0 days 00:54:50.699000,HAD,6,0 days 00:01:14.605000,8.0,2.0,,,0 days 00:00:21.322000,0 days 00:00:23.690000,0 days 00:00:29.593000,0 days 00:53:57.416000,0 days 00:54:21.106000,0 days 00:54:50.699000,251.0,285.0,281.0,314.0,True,MEDIUM,2.0,True,Red Bull Racing,0 days 00:53:36.094000,,1,,False,,False,True
0 days 00:56:26.780000,HAD,6,0 days 00:01:36.081000,9.0,2.0,,,0 days 00:00:26.173000,0 days 00:00:30.008000,0 days 00:00:39.900000,0 days 00:55:16.872000,0 days 00:55:46.880000,0 days 00:56:26.780000,191.0,222.0,275.0,101.0,False,MEDIUM,3.0,True,Red Bull Racing,0 days 00:54:50.699000,,1,,False,,False,True
0 days 00:57:41.019000,HAD,6,0 days 00:01:14.239000,10.0,2.0,,,0 days 00:00:21.179000,0 days 00:00:23.658000,0 days 00:00:29.402000,0 days 00:56:47.959000,0 days 00:57:11.617000,0 days 00:57:41.019000,251.0,287.0,282.0,316.0,True,MEDIUM,4.0,True,Red Bull Racing,0 days 00:56:26.780000,,1,,False,,False,True
0 days 01:08:25.436000,HAD,6,,11.0,2.0,,0 days 00:59:15.104000,0 days 00:00:32.941000,0 days 00:00:31.138000,,0 days 00:58:14.198000,0 days 00:58:45.292000,,163.0,222.0,,286.0,False,MEDIUM,5.0,True,Red Bull Racing,0 days 00:57:41.019000,,1,,False,,False,False
0 days 01:10:00.820000,HAD,6,0 days 00:01:35.384000,12.0,3.0,0 days 01:08:28.436000,,0 days 00:00:32.102000,0 days 00:00:27.606000,0 days 00:00:35.676000,0 days 01:08:57.538000,0 days 01:09:25.144000,0 days 01:10:00.820000,228.0,242.0,232.0,271.0,False,SOFT,1.0,True,Red Bull Racing,0 days 01:08:25.436000,,1,,False,,False,False
0 days 01:11:27.545000,HAD,6,0 days 00:01:26.725000,13.0,3.0,,,0 days 00:00:24.643000,0 days 00:00:27.101000,0 days 00:00:34.981000,0 days 01:10:25.463000,0 days 01:10:52.564000,0 days 01:11:27.545000,227.0,243.0,274.0,250.0,True,SOFT,2.0,True,Red Bull Racing,0 days 01:10:00.820000,,1,,False,,False,True
0 days 01:12:41.150000,HAD,6,0 days 00:01:13.605000,14.0,3.0,,,0 days 00:00:20.887000,0 days 00:00:23.345000,0 days 00:00:29.373000,0 days 01:11:48.432000,0 days 01:12:11.777000,0 days 01:12:41.150000,254.0,286.0,280.0,314.0,True,SOFT,3.0,True,Red Bull Racing,0 days 01:11:27.545000,,1,,False,,False,True
0 days 01:14:16.661000,HAD,6,0 days 00:01:35.511000,15.0,3.0,,,0 days 00:00:27.083000,0 days 00:00:32.652000,0 days 00:00:35.776000,0 days 01:13:08.233000,0 days 01:13:40.885000,0 days 01:14:16.661000,186.0,211.0,273.0,282.0,False,SOFT,4.0,True,Red Bull Racing,0 days 01:12:41.150000,,1,,False,,False,True
0 days 01:15:30.695000,HAD,6,0 days 00:01:14.034000,16.0,3.0,,,0 days 00:00:21.035000,0 days 00:00:23.659000,0 days 00:00:29.340000,0 days 01:14:37.696000,0 days 01:15:01.355000,0 days 01:15:30.695000,251.0,286.0,280.0,315.0,False,SOFT,5.0,True,Red Bull Racing,0 days 01:14:16.661000,,1,,False,,False,True
0 days 01:17:04.093000,HAD,6,,17.0,3.0,,0 days 01:17:04.093000,0 days 00:00:26.211000,0 days 00:00:30.732000,,0 days 01:15:56.977000,0 days 01:16:27.793000,,210.0,215.0,,180.0,False,SOFT,6.0,True,Red Bull Racing,0 days 01:15:30.695000,,1,,False,,False,False
0 days 00:14:56.025000,OCO,31,0 days 00:01:46.711000,1.0,1.0,0 days 00:13:13.962000,,0 days 00:00:44.136000,0 days 00:00:26.610000,0 days 00:00:35.965000,0 days 00:13:53.587000,0 days 00:14:20.198000,0 days 00:14:56.256000,224.0,274.0,237.0,246.0,False,MEDIUM,1.0,True,Haas F1 Team,0 days 00:13:13.962000,,1,,False,,False,False
0 days 00:16:35.366000,OCO,31,0 days 00:01:39.341000,2.0,1.0,,,0 days 00:00:23.654000,0 days 00:00:26.373000,0 days 00:00:49.314000,0 days 00:15:19.679000,0 days 00:15:46.052000,0 days 00:16:35.366000,242.0,261.0,275.0,152.0,True,MEDIUM,2.0,True,Haas F1 Team,0 days 00:14:56.025000,,1,,False,,False,True
0 days 00:17:51.974000,OCO,31,0 days 00:01:16.608000,3.0,1.0,,,0 days 00:00:22.071000,0 days 00:00:24.405000,0 days 00:00:30.132000,0 days 00:16:57.437000,0 days 00:17:21.842000,0 days 00:17:51.974000,247.0,279.0,271.0,317.0,True,MEDIUM,3.0,True,Haas F1 Team,0 days 00:16:35.366000,,1,,False,,False,True
0 days 00:19:23.263000,OCO,31,0 days 00:01:31.289000,4.0,1.0,,,0 days 00:00:27.302000,0 days 00:00:28.650000,0 days 00:00:35.337000,0 days 00:18:19.276000,0 days 00:18:47.926000,0 days 00:19:23.263000,229.0,214.0,277.0,272.0,False,MEDIUM,4.0,True,Haas F1 Team,0 days 00:17:51.974000,,1,,False,,False,True
0 days 00:20:39.023000,OCO,31,0 days 00:01:15.760000,5.0,1.0,,,0 days 00:00:21.652000,0 days 00:00:24.110000,0 days 00:00:29.998000,0 days 00:19:44.915000,0 days 00:20:09.025000,0 days 00:20:39.023000,249.0,282.0,270.0,314.0,True,MEDIUM,5.0,True,Haas F1 Team,0 days 00:19:23.263000,,1,,False,,False,True
0 days 00:22:18.811000,OCO,31,0 days 00:01:39.788000,6.0,1.0,,,0 days 00:00:24.295000,0 days 00:00:31.212000,0 days 00:00:44.281000,0 days 00:21:03.318000,0 days 00:21:34.530000,0 days 00:22:18.811000,206.0,218.0,276.0,167.0,False,MEDIUM,6.0,True,Haas F1 Team,0 days 00:20:39.023000,,1,,False,,False,True
0 days 00:42:02.423000,OCO,31,,7.0,1.0,,0 days 00:23:47.662000,0 days 00:00:21.667000,,,0 days 00:22:40.514000,,,246.0,,,,False,MEDIUM,7.0,True,Haas F1 Team,0 days 00:22:18.811000,,125,,False,,False,False
0 days 00:43:39.969000,OCO,31,0 days 00:01:37.546000,8.0,2.0,0 days 00:42:05.408000,,0 days 00:00:36.195000,0 days 00:00:26.589000,0 days 00:00:34.762000,0 days 00:42:38.618000,0 days 00:43:05.207000,0 days 00:43:39.969000,227.0,276.0,279.0,281.0,False,MEDIUM,8.0,False,Haas F1 Team,0 days 00:42:05.408000,,1,,False,,False,False
0 days 00:51:05.753000,OCO,31,,9.0,2.0,,0 days 00:45:01.699000,0 days 00:00:24.691000,0 days 00:00:26.877000,,0 days 00:44:04.630000,0 days 00:44:31.583000,,217.0,254.0,,218.0,False,MEDIUM,9.0,False,Haas F1 Team,0 days 00:43:39.969000,,1,,False,,False,False
0 days 00:52:42.170000,OCO,31,0 days 00:01:36.417000,10.0,3.0,0 days 00:51:09.089000,,0 days 00:00:34.378000,0 days 00:00:26.871000,0 days 00:00:35.168000,0 days 00:51:40.131000,0 days 00:52:07.002000,0 days 00:52:42.170000,238.0,256.0,236.0,254.0,False,MEDIUM,1.0,True,Haas F1 Team,0 days 00:51:05.753000,,1,,False,,False,False
0 days 00:54:11.987000,OCO,31,0 days 00:01:29.817000,11.0,3.0,,,0 days 00:00:23.374000,0 days 00:00:25.934000,0 days 00:00:40.509000,0 days 00:53:05.544000,0 days 00:53:31.478000,0 days 00:54:11.987000,242.0,262.0,278.0,225.0,True,MEDIUM,2.0,True,Haas F1 Team,0 days 00:52:42.170000,,1,,False,,False,True
0 days 00:55:27.132000,OCO,31,0 days 00:01:15.145000,12.0,3.0,,,0 days 00:00:21.517000,0 days 00:00:23.795000,0 days 00:00:29.833000,0 days 00:54:33.504000,0 days 00:54:57.299000,0 days 00:55:27.132000,247.0,282.0,276.0,313.0,True,MEDIUM,3.0,True,Haas F1 Team,0 days 00:54:11.987000,,1,,False,,False,True
0 days 00:57:02.436000,OCO,31,0 days 00:01:35.304000,13.0,3.0,,,0 days 00:00:24.698000,0 days 00:00:29.542000,0 days 00:00:41.064000,0 days 00:55:51.830000,0 days 00:56:21.372000,0 days 00:57:02.436000,198.0,204.0,277.0,245.0,False,MEDIUM,4.0,True,Haas F1 Team,0 days 00:55:27.132000,,1,,False,,False,True
0 days 00:58:17.965000,OCO,31,0 days 00:01:15.529000,14.0,3.0,,,0 days 00:00:21.578000,0 days 00:00:23.973000,0 days 00:00:29.978000,0 days 00:57:24.014000,0 days 00:57:47.987000,0 days 00:58:17.965000,244.0,281.0,267.0,318.0,False,MEDIUM,5.0,True,Haas F1 Team,0 days 00:57:02.436000,,1,,False,,False,True
0 days 00:59:47.058000,OCO,31,0 days 00:01:29.093000,15.0,3.0,,,0 days 00:00:24.150000,0 days 00:00:29.927000,0 days 00:00:35.016000,0 days 00:58:42.115000,0 days 00:59:12.042000,0 days 00:59:47.058000,212.0,228.0,276.0,277.0,False,MEDIUM,6.0,True,Haas F1 Team,0 days 00:58:17.965000,,1,,False,,False,True
0 days 01:01:01.986000,OCO,31,0 days 00:01:14.928000,16.0,3.0,,,0 days 00:00:21.330000,0 days 00:00:23.775000,0 days 00:00:29.823000,0 days 01:00:08.388000,0 days 01:00:32.163000,0 days 01:01:01.986000,245.0,284.0,270.0,316.0,True,MEDIUM,7.0,True,Haas F1 Team,0 days 00:59:47.058000,,1,,False,,False,True
0 days 01:02:36.067000,OCO,31,,17.0,3.0,,0 days 01:02:36.067000,0 days 00:00:26.964000,0 days 00:00:30.981000,,0 days 01:01:29.109000,0 days 01:02:00.062000,,191.0,202.0,,182.0,False,MEDIUM,8.0,True,Haas F1 Team,0 days 01:01:01.986000,,1,,False,,False,False
0 days 00:14:38.426000,SAI,55,0 days 00:01:44.643000,1.0,1.0,0 days 00:12:56.883000,,0 days 00:00:39.355000,0 days 00:00:26.725000,0 days 00:00:38.563000,0 days 00:13:33.184000,0 days 00:14:00.056000,0 days 00:14:38.812000,230.0,281.0,265.0,264.0,False,MEDIUM,1.0,True,Williams,0 days 00:12:56.883000,,1,,False,,False,False
0 days 00:15:55.598000,SAI,55,0 days 00:01:17.172000,2.0,1.0,,,0 days 00:00:22.532000,0 days 00:00:24.441000,0 days 00:00:30.199000,0 days 00:15:00.958000,0 days 00:15:25.399000,0 days 00:15:55.598000,243.0,288.0,273.0,326.0,True,MEDIUM,2.0,True,Williams,0 days 00:14:38.426000,,1,,False,,False,True
0 days 00:17:35.402000,SAI,55,0 days 00:01:39.804000,3.0,1.0,,,0 days 00:00:28.166000,0 days 00:00:30.877000,0 days 00:00:40.761000,0 days 00:16:23.764000,0 days 00:16:54.641000,0 days 00:17:35.402000,212.0,235.0,263.0,261.0,False,MEDIUM,3.0,True,Williams,0 days 00:15:55.598000,,1,,False,,False,True
0 days 00:18:52.136000,SAI,55,0 days 00:01:16.734000,4.0,1.0,,,0 days 00:00:22.607000,0 days 00:00:24.103000,0 days 00:00:30.024000,0 days 00:17:58.009000,0 days 00:18:22.112000,0 days 00:18:52.136000,243.0,290.0,274.0,318.0,True,MEDIUM,4.0,True,Williams,0 days 00:17:35.402000,,1,,False,,False,True
0 days 00:20:29.592000,SAI,55,0 days 00:01:37.456000,5.0,1.0,,,0 days 00:00:27.967000,0 days 00:00:31.596000,0 days 00:00:37.893000,0 days 00:19:20.103000,0 days 00:19:51.699000,0 days 00:20:29.592000,212.0,193.0,272.0,262.0,False,MEDIUM,5.0,True,Williams,0 days 00:18:52.136000,,1,,False,,False,True
0 days 00:21:45.092000,SAI,55,0 days 00:01:15.500000,6.0,1.0,,,0 days 00:00:21.670000,0 days 00:00:24.014000,0 days 00:00:29.816000,0 days 00:20:51.262000,0 days 00:21:15.276000,0 days 00:21:45.092000,244.0,288.0,275.0,317.0,True,MEDIUM,6.0,True,Williams,0 days 00:20:29.592000,,1,,False,,False,True
0 days 00:41:49.720000,SAI,55,,7.0,1.0,,0 days 00:23:38.800000,0 days 00:00:30.619000,0 days 00:00:35.074000,,0 days 00:22:15.842000,0 days 00:22:50.962000,,161.0,184.0,,,False,MEDIUM,7.0,True,Williams,0 days 00:21:45.092000,,125,,False,,False,False
0 days 00:43:25.518000,SAI,55,,8.0,2.0,0 days 00:41:49.720000,,,0 days 00:00:27.534000,0 days 00:00:36.696000,,0 days 00:42:48.831000,0 days 00:43:25.721000,217.0,235.0,267.0,246.0,False,MEDIUM,8.0,False,Williams,0 days 00:41:49.720000,,1,,False,,False,False
0 days 00:44:42.883000,SAI,55,0 days 00:01:17.365000,9.0,2.0,,,0 days 00:00:21.750000,0 days 00:00:24.179000,0 days 00:00:31.436000,0 days 00:43:47.268000,0 days 00:44:11.447000,0 days 00:44:42.883000,245.0,287.0,257.0,315.0,False,MEDIUM,9.0,False,Williams,0 days 00:43:25.518000,,1,,True,TRACK LIMITS AT TURN 14 LAP 10 ,False,True
0 days 00:51:32.326000,SAI,55,,10.0,2.0,,0 days 00:46:07.293000,0 days 00:00:27.963000,0 days 00:00:27.387000,,0 days 00:45:10.840000,0 days 00:45:38.262000,,205.0,267.0,,280.0,False,MEDIUM,10.0,False,Williams,0 days 00:44:42.883000,,1,,False,,False,False
0 days 00:53:14.548000,SAI,55,0 days 00:01:42.222000,11.0,3.0,0 days 00:51:35.403000,,0 days 00:00:37.253000,0 days 00:00:28.080000,0 days 00:00:36.889000,0 days 00:52:09.579000,0 days 00:52:37.659000,0 days 00:53:14.548000,218.0,240.0,270.0,252.0,False,MEDIUM,1.0,True,Williams,0 days 00:51:32.326000,,1,,False,,False,False
0 days 00:54:29.843000,SAI,55,0 days 00:01:15.295000,12.0,3.0,,,0 days 00:00:21.641000,0 days 00:00:23.946000,0 days 00:00:29.708000,0 days 00:53:36.189000,0 days 00:54:00.135000,0 days 00:54:29.843000,246.0,289.0,276.0,321.0,True,MEDIUM,2.0,True,Williams,0 days 00:53:14.548000,,1,,False,,False,True
0 days 00:56:19.895000,SAI,55,0 days 00:01:50.052000,13.0,3.0,,,0 days 00:00:31.644000,0 days 00:00:36.711000,0 days 00:00:41.697000,0 days 00:55:01.487000,0 days 00:55:38.198000,0 days 00:56:19.895000,182.0,204.0,269.0,248.0,False,MEDIUM,3.0,True,Williams,0 days 00:54:29.843000,,1,,False,,False,True
0 days 00:57:34.723000,SAI,55,0 days 00:01:14.828000,14.0,3.0,,,0 days 00:00:21.448000,0 days 00:00:23.819000,0 days 00:00:29.561000,0 days 00:56:41.343000,0 days 00:57:05.162000,0 days 00:57:34.723000,244.0,289.0,275.0,319.0,True,MEDIUM,4.0,True,Williams,0 days 00:56:19.895000,,1,,False,,False,True
0 days 00:59:12.571000,SAI,55,0 days 00:01:37.848000,15.0,3.0,,,0 days 00:00:26.133000,0 days 00:00:30.085000,0 days 00:00:41.630000,0 days 00:58:00.856000,0 days 00:58:30.941000,0 days 00:59:12.571000,199.0,241.0,241.0,273.0,False,MEDIUM,5.0,True,Williams,0 days 00:57:34.723000,,1,,False,,False,True
0 days 01:00:40.502000,SAI,55,0 days 00:01:27.931000,16.0,3.0,,,0 days 00:00:24.956000,0 days 00:00:27.757000,0 days 00:00:35.218000,0 days 00:59:37.527000,0 days 01:00:05.284000,0 days 01:00:40.502000,219.0,236.0,272.0,260.0,False,MEDIUM,6.0,True,Williams,0 days 00:59:12.571000,,1,,False,,False,True
0 days 01:01:55.049000,SAI,55,0 days 00:01:14.547000,17.0,3.0,,,0 days 00:00:21.263000,0 days 00:00:23.661000,0 days 00:00:29.623000,0 days 01:01:01.765000,0 days 01:01:25.426000,0 days 01:01:55.049000,244.0,289.0,273.0,314.0,True,MEDIUM,7.0,True,Williams,0 days 01:00:40.502000,,1,,False,,False,True
0 days 01:08:33.137000,SAI,55,,18.0,3.0,,0 days 01:03:23.747000,0 days 00:00:28.261000,0 days 00:00:31.346000,,0 days 01:02:23.478000,0 days 01:02:54.840000,,182.0,218.0,,278.0,False,MEDIUM,8.0,True,Williams,0 days 01:01:55.049000,,1,,False,,False,False
0 days 01:10:11.960000,SAI,55,0 days 00:01:38.823000,19.0,4.0,0 days 01:08:35.420000,,0 days 00:00:35.580000,0 days 00:00:27.642000,0 days 00:00:35.601000,0 days 01:09:08.717000,0 days 01:09:36.359000,0 days 01:10:11.960000,226.0,249.0,296.0,281.0,False,SOFT,1.0,True,Williams,0 days 01:08:33.137000,,1,,False,,False,False
0 days 01:11:41.877000,SAI,55,0 days 00:01:29.917000,20.0,4.0,,,0 days 00:00:23.169000,0 days 00:00:27.424000,0 days 00:00:39.324000,0 days 01:10:35.129000,0 days 01:11:02.553000,0 days 01:11:41.877000,234.0,241.0,272.0,249.0,False,SOFT,2.0,True,Williams,0 days 01:10:11.960000,,1,,True,TRACK LIMITS AT TURN 2 LAP 21 ,False,True
0 days 01:12:56.506000,SAI,55,0 days 00:01:14.629000,21.0,4.0,,,0 days 00:00:21.408000,0 days 00:00:23.683000,0 days 00:00:29.538000,0 days 01:12:03.285000,0 days 01:12:26.968000,0 days 01:12:56.506000,247.0,289.0,276.0,319.0,True,SOFT,3.0,True,Williams,0 days 01:11:41.877000,,1,,False,,False,True
0 days 01:14:36.832000,SAI,55,0 days 00:01:40.326000,22.0,4.0,,,0 days 00:00:30.654000,0 days 00:00:31.817000,0 days 00:00:37.855000,0 days 01:13:27.160000,0 days 01:13:58.977000,0 days 01:14:36.832000,175.0,242.0,269.0,253.0,False,SOFT,4.0,True,Williams,0 days 01:12:56.506000,,1,,False,,False,True
0 days 01:15:51.368000,SAI,55,0 days 00:01:14.536000,23.0,4.0,,,0 days 00:00:21.305000,0 days 00:00:23.726000,0 days 00:00:29.505000,0 days 01:14:58.137000,0 days 01:15:21.863000,0 days 01:15:51.368000,245.0,288.0,275.0,320.0,True,SOFT,5.0,True,Williams,0 days 01:14:36.832000,,1,,False,,False,True
0 days 01:17:21.259000,SAI,55,,24.0,4.0,,0 days 01:17:21.259000,0 days 00:00:29.263000,0 days 00:00:30.100000,,0 days 01:16:20.672000,0 days 01:16:50.800000,,180.0,252.0,,276.0,False,SOFT,6.0,True,Williams,0 days 01:15:51.368000,,1,,False,,False,False
0 days 00:16:28.184000,GAS,10,0 days 00:01:31.999000,1.0,1.0,0 days 00:14:57.740000,,0 days 00:00:28.870000,0 days 00:00:27.370000,0 days 00:00:35.759000,0 days 00:15:25.059000,0 days 00:15:52.459000,0 days 00:16:28.369000,212.0,268.0,273.0,279.0,False,MEDIUM,1.0,True,Alpine,0 days 00:14:57.740000,,1,,False,,False,False
0 days 00:17:54.806000,GAS,10,0 days 00:01:26.622000,2.0,1.0,,,0 days 00:00:23.674000,0 days 00:00:27.013000,0 days 00:00:35.935000,0 days 00:16:51.858000,0 days 00:17:18.871000,0 days 00:17:54.806000,230.0,246.0,302.0,282.0,True,MEDIUM,2.0,True,Alpine,0 days 00:16:28.184000,,1,,False,,False,True
0 days 00:19:11.448000,GAS,10,0 days 00:01:16.642000,3.0,1.0,,,0 days 00:00:22.003000,0 days 00:00:24.230000,0 days 00:00:30.409000,0 days 00:18:16.809000,0 days 00:18:41.039000,0 days 00:19:11.448000,240.0,282.0,269.0,313.0,True,MEDIUM,3.0,True,Alpine,0 days 00:17:54.806000,,1,,False,,False,True
0 days 00:20:54.338000,GAS,10,0 days 00:01:42.890000,4.0,1.0,,,0 days 00:00:29.669000,0 days 00:00:31.512000,0 days 00:00:41.709000,0 days 00:19:41.117000,0 days 00:20:12.629000,0 days 00:20:54.338000,218.0,242.0,242.0,253.0,False,MEDIUM,4.0,True,Alpine,0 days 00:19:11.448000,,1,,False,,False,True
0 days 00:22:11.016000,GAS,10,0 days 00:01:16.678000,5.0,1.0,,,0 days 00:00:22.311000,0 days 00:00:24.225000,0 days 00:00:30.142000,0 days 00:21:16.649000,0 days 00:21:40.874000,0 days 00:22:11.016000,238.0,282.0,270.0,312.0,False,MEDIUM,5.0,True,Alpine,0 days 00:20:54.338000,,1,,False,,False,True
0 days 00:42:09.187000,GAS,10,,6.0,1.0,,0 days 00:24:12.710000,0 days 00:00:32.707000,,,0 days 00:22:43.901000,,,132.0,,,,False,MEDIUM,6.0,True,Alpine,0 days 00:22:11.016000,,125,,False,,False,False
0 days 00:43:38.100000,GAS,10,0 days 00:01:28.913000,7.0,2.0,0 days 00:42:11.807000,,0 days 00:00:28.400000,0 days 00:00:26.846000,0 days 00:00:33.667000,0 days 00:42:37.587000,0 days 00:43:04.433000,0 days 00:43:38.100000,224.0,225.0,300.0,279.0,False,MEDIUM,7.0,False,Alpine,0 days 00:42:11.807000,,1,,False,,False,False
0 days 00:44:59.074000,GAS,10,,8.0,2.0,,0 days 00:44:59.074000,0 days 00:00:22.254000,0 days 00:00:27.128000,,0 days 00:44:00.349000,0 days 00:44:27.564000,,241.0,249.0,,192.0,False,MEDIUM,8.0,False,Alpine,0 days 00:43:38.100000,,1,,False,,False,False
0 days 00:15:15.190000,STR,18,0 days 00:01:42.141000,1.0,1.0,0 days 00:13:42.730000,,0 days 00:00:38.939000,0 days 00:00:27.451000,0 days 00:00:35.751000,0 days 00:14:12.087000,0 days 00:14:39.564000,0 days 00:15:15.419000,227.0,260.0,252.0,240.0,False,MEDIUM,1.0,True,Aston Martin,0 days 00:13:42.730000,,1,,False,,False,False
0 days 00:16:55.836000,STR,18,0 days 00:01:40.646000,2.0,1.0,,,0 days 00:00:25.486000,0 days 00:00:28.819000,0 days 00:00:46.341000,0 days 00:15:40.676000,0 days 00:16:09.495000,0 days 00:16:55.836000,217.0,228.0,252.0,141.0,True,MEDIUM,2.0,True,Aston Martin,0 days 00:15:15.190000,,1,,False,,False,True
0 days 00:18:13.117000,STR,18,0 days 00:01:17.281000,3.0,1.0,,,0 days 00:00:22.214000,0 days 00:00:24.506000,0 days 00:00:30.561000,0 days 00:17:18.050000,0 days 00:17:42.556000,0 days 00:18:13.117000,242.0,277.0,268.0,306.0,True,MEDIUM,3.0,True,Aston Martin,0 days 00:16:55.836000,,1,,False,,False,True
0 days 00:19:48.974000,STR,18,0 days 00:01:35.857000,4.0,1.0,,,0 days 00:00:26.442000,0 days 00:00:29.016000,0 days 00:00:40.399000,0 days 00:18:39.559000,0 days 00:19:08.575000,0 days 00:19:48.974000,180.0,227.0,251.0,232.0,False,MEDIUM,4.0,True,Aston Martin,0 days 00:18:13.117000,,1,,False,,False,True
0 days 00:21:05.328000,STR,18,0 days 00:01:16.354000,5.0,1.0,,,0 days 00:00:21.845000,0 days 00:00:24.335000,0 days 00:00:30.174000,0 days 00:20:10.819000,0 days 00:20:35.154000,0 days 00:21:05.328000,240.0,276.0,281.0,309.0,True,MEDIUM,5.0,True,Aston Martin,0 days 00:19:48.974000,,1,,False,,False,True
0 days 00:22:43.141000,STR,18,0 days 00:01:37.813000,6.0,1.0,,,0 days 00:00:29.803000,0 days 00:00:29.836000,0 days 00:00:38.174000,0 days 00:21:35.131000,0 days 00:22:04.967000,0 days 00:22:43.141000,170.0,239.0,256.0,226.0,False,MEDIUM,6.0,True,Aston Martin,0 days 00:21:05.328000,,1,,False,,False,True
0 days 00:41:51.257000,STR,18,,7.0,1.0,,0 days 00:24:24.397000,,,,,,,,,,,False,MEDIUM,7.0,True,Aston Martin,0 days 00:22:43.141000,,125,,False,,False,False
0 days 00:43:28.799000,STR,18,,8.0,2.0,0 days 00:41:51.257000,,,0 days 00:00:28.700000,0 days 00:00:36.910000,,0 days 00:42:51.889000,0 days 00:43:28.939000,217.0,222.0,269.0,234.0,False,MEDIUM,8.0,False,Aston Martin,0 days 00:41:51.257000,,1,,False,,False,False
0 days 00:44:45.777000,STR,18,,9.0,2.0,,0 days 00:44:45.777000,0 days 00:00:22.268000,0 days 00:00:24.557000,,0 days 00:43:51.083000,0 days 00:44:15.710000,,242.0,273.0,,222.0,False,MEDIUM,9.0,False,Aston Martin,0 days 00:43:28.799000,,1,,False,,False,False
0 days 00:14:46.346000,BEA,87,0 days 00:01:44.438000,1.0,1.0,0 days 00:13:04.758000,,0 days 00:00:39.567000,0 days 00:00:27.824000,0 days 00:00:37.047000,0 days 00:13:41.496000,0 days 00:14:09.431000,0 days 00:14:46.692000,223.0,270.0,244.0,247.0,False,MEDIUM,1.0,True,Haas F1 Team,0 days 00:13:04.758000,,1,,False,,False,False
0 days 00:16:10.811000,BEA,87,0 days 00:01:24.465000,2.0,1.0,,,0 days 00:00:23.951000,0 days 00:00:26.248000,0 days 00:00:34.266000,0 days 00:15:10.297000,0 days 00:15:36.545000,0 days 00:16:10.811000,238.0,258.0,274.0,275.0,True,MEDIUM,2.0,True,Haas F1 Team,0 days 00:14:46.346000,,1,,False,,False,True
0 days 00:17:27.473000,BEA,87,0 days 00:01:16.662000,3.0,1.0,,,0 days 00:00:22.150000,0 days 00:00:24.131000,0 days 00:00:30.381000,0 days 00:16:32.961000,0 days 00:16:57.092000,0 days 00:17:27.473000,247.0,285.0,272.0,316.0,True,MEDIUM,3.0,True,Haas F1 Team,0 days 00:16:10.811000,,1,,False,,False,True
0 days 00:19:05.791000,BEA,87,0 days 00:01:38.318000,4.0,1.0,,,0 days 00:00:27.467000,0 days 00:00:30.301000,0 days 00:00:40.550000,0 days 00:17:54.940000,0 days 00:18:25.241000,0 days 00:19:05.791000,187.0,213.0,277.0,164.0,False,MEDIUM,4.0,True,Haas F1 Team,0 days 00:17:27.473000,,1,,False,,False,True
0 days 00:20:21.663000,BEA,87,0 days 00:01:15.872000,5.0,1.0,,,0 days 00:00:21.842000,0 days 00:00:24.052000,0 days 00:00:29.978000,0 days 00:19:27.633000,0 days 00:19:51.685000,0 days 00:20:21.663000,248.0,285.0,270.0,318.0,True,MEDIUM,5.0,True,Haas F1 Team,0 days 00:19:05.791000,,1,,False,,False,True
0 days 00:22:08.932000,BEA,87,0 days 00:01:47.269000,6.0,1.0,,,0 days 00:00:37.802000,0 days 00:00:30.956000,0 days 00:00:38.511000,0 days 00:20:59.465000,0 days 00:21:30.421000,0 days 00:22:08.932000,156.0,275.0,275.0,188.0,False,MEDIUM,6.0,True,Haas F1 Team,0 days 00:20:21.663000,,1,,False,,False,True
0 days 00:42:01.044000,BEA,87,,7.0,1.0,,0 days 00:23:36.914000,0 days 00:00:21.649000,0 days 00:00:24.102000,,0 days 00:22:30.702000,0 days 00:22:54.889000,,246.0,285.0,,,False,MEDIUM,7.0,True,Haas F1 Team,0 days 00:22:08.932000,,125,,False,,False,False
0 days 00:43:37.077000,BEA,87,0 days 00:01:36.033000,8.0,2.0,0 days 00:42:04.395000,,0 days 00:00:35.400000,0 days 00:00:26.554000,0 days 00:00:34.079000,0 days 00:42:36.444000,0 days 00:43:02.998000,0 days 00:43:37.077000,234.0,254.0,276.0,273.0,False,MEDIUM,8.0,False,Haas F1 Team,0 days 00:42:04.395000,,1,,False,,False,False
0 days 00:51:06.219000,BEA,87,,9.0,2.0,,0 days 00:44:55.418000,0 days 00:00:22.856000,0 days 00:00:26.719000,,0 days 00:43:59.974000,0 days 00:44:26.611000,,235.0,250.0,,276.0,False,MEDIUM,9.0,False,Haas F1 Team,0 days 00:43:37.077000,,1,,False,,False,False
0 days 00:52:38.011000,BEA,87,,10.0,3.0,0 days 00:51:06.219000,,,0 days 00:00:27.520000,0 days 00:00:35.439000,,0 days 00:52:02.622000,0 days 00:52:38.020000,226.0,258.0,238.0,249.0,False,MEDIUM,1.0,True,Haas F1 Team,0 days 00:51:06.219000,,1,,False,,False,False
0 days 00:54:06.982000,BEA,87,0 days 00:01:28.971000,11.0,3.0,,,0 days 00:00:23.154000,0 days 00:00:26.148000,0 days 00:00:39.669000,0 days 00:53:01.165000,0 days 00:53:27.313000,0 days 00:54:06.982000,244.0,251.0,277.0,200.0,True,MEDIUM,2.0,True,Haas F1 Team,0 days 00:52:38.011000,,1,,False,,False,True
0 days 00:55:22.287000,BEA,87,0 days 00:01:15.305000,12.0,3.0,,,0 days 00:00:21.402000,0 days 00:00:24.001000,0 days 00:00:29.902000,0 days 00:54:28.384000,0 days 00:54:52.385000,0 days 00:55:22.287000,247.0,284.0,272.0,321.0,True,MEDIUM,3.0,True,Haas F1 Team,0 days 00:54:06.982000,,1,,False,,False,True
0 days 00:56:57.963000,BEA,87,0 days 00:01:35.676000,13.0,3.0,,,0 days 00:00:28.268000,0 days 00:00:27.985000,0 days 00:00:39.423000,0 days 00:55:50.555000,0 days 00:56:18.540000,0 days 00:56:57.963000,218.0,265.0,278.0,207.0,False,MEDIUM,4.0,True,Haas F1 Team,0 days 00:55:22.287000,,1,,False,,False,True
0 days 00:58:28.992000,BEA,87,0 days 00:01:31.029000,14.0,3.0,,,0 days 00:00:28.929000,0 days 00:00:27.218000,0 days 00:00:34.882000,0 days 00:57:26.892000,0 days 00:57:54.110000,0 days 00:58:28.992000,188.0,276.0,278.0,249.0,False,MEDIUM,5.0,True,Haas F1 Team,0 days 00:56:57.963000,,1,,False,,False,True
0 days 00:59:59.943000,BEA,87,0 days 00:01:30.951000,15.0,3.0,,,0 days 00:00:21.311000,0 days 00:00:30.890000,0 days 00:00:38.750000,0 days 00:58:50.303000,0 days 00:59:21.193000,0 days 00:59:59.943000,244.0,174.0,277.0,266.0,False,MEDIUM,6.0,True,Haas F1 Team,0 days 00:58:28.992000,,1,,True,TRACK LIMITS AT TURN 8 LAP 16 ,False,True
0 days 01:01:15.140000,BEA,87,0 days 00:01:15.197000,16.0,3.0,,,0 days 00:00:21.174000,0 days 00:00:23.992000,0 days 00:00:30.031000,0 days 01:00:21.117000,0 days 01:00:45.109000,0 days 01:01:15.140000,246.0,282.0,267.0,315.0,True,MEDIUM,7.0,True,Haas F1 Team,0 days 00:59:59.943000,,1,,False,,False,True
0 days 01:02:37.866000,BEA,87,,17.0,3.0,,0 days 01:02:37.866000,0 days 00:00:24.850000,0 days 00:00:26.620000,,0 days 01:01:40.077000,0 days 01:02:06.642000,,230.0,255.0,,236.0,False,MEDIUM,8.0,True,Haas F1 Team,0 days 01:01:15.140000,,1,,False,,False,False
0 days 00:14:39.406000,BOT,77,0 days 00:01:43.269000,1.0,1.0,0 days 00:12:58.946000,,0 days 00:00:38.648000,0 days 00:00:28.402000,0 days 00:00:36.219000,0 days 00:13:34.934000,0 days 00:14:03.243000,0 days 00:14:39.578000,221.0,256.0,272.0,272.0,False,MEDIUM,1.0,True,Cadillac,0 days 00:12:58.946000,,1,,False,,False,False
0 days 00:16:02.951000,BOT,77,0 days 00:01:23.545000,2.0,1.0,,,0 days 00:00:23.253000,0 days 00:00:25.893000,0 days 00:00:34.399000,0 days 00:15:02.659000,0 days 00:15:28.552000,0 days 00:16:02.951000,238.0,259.0,274.0,273.0,True,MEDIUM,2.0,True,Cadillac,0 days 00:14:39.406000,,1,,False,,False,True
0 days 00:17:20.593000,BOT,77,0 days 00:01:17.642000,3.0,1.0,,,0 days 00:00:22.081000,0 days 00:00:24.914000,0 days 00:00:30.647000,0 days 00:16:25.032000,0 days 00:16:49.946000,0 days 00:17:20.593000,236.0,279.0,256.0,308.0,True,MEDIUM,3.0,True,Cadillac,0 days 00:16:02.951000,,1,,False,,False,True
0 days 00:18:56.172000,BOT,77,0 days 00:01:35.579000,4.0,1.0,,,0 days 00:00:26.164000,0 days 00:00:29.772000,0 days 00:00:39.643000,0 days 00:17:46.757000,0 days 00:18:16.529000,0 days 00:18:56.172000,202.0,254.0,274.0,272.0,False,MEDIUM,4.0,True,Cadillac,0 days 00:17:20.593000,,1,,False,,False,True
0 days 00:20:13.038000,BOT,77,0 days 00:01:16.866000,5.0,1.0,,,0 days 00:00:21.993000,0 days 00:00:24.523000,0 days 00:00:30.350000,0 days 00:19:18.165000,0 days 00:19:42.688000,0 days 00:20:13.038000,236.0,280.0,266.0,311.0,True,MEDIUM,5.0,True,Cadillac,0 days 00:18:56.172000,,1,,False,,False,True
0 days 00:21:49.885000,BOT,77,0 days 00:01:36.847000,6.0,1.0,,,0 days 00:00:27.094000,0 days 00:00:33.284000,0 days 00:00:36.469000,0 days 00:20:40.132000,0 days 00:21:13.416000,0 days 00:21:49.885000,191.0,240.0,273.0,280.0,False,MEDIUM,6.0,True,Cadillac,0 days 00:20:13.038000,,1,,False,,False,True
0 days 00:42:11.448000,BOT,77,,7.0,1.0,,0 days 00:24:57.108000,0 days 00:00:21.934000,0 days 00:00:24.437000,,0 days 00:22:11.873000,0 days 00:22:36.311000,,236.0,277.0,,309.0,False,MEDIUM,7.0,True,Cadillac,0 days 00:21:49.885000,,125,,False,,False,False
0 days 00:43:39.498000,BOT,77,,8.0,2.0,0 days 00:42:11.448000,0 days 00:43:39.498000,0 days 00:00:33.498000,0 days 00:00:27.579000,,0 days 00:42:41.157000,0 days 00:43:08.757000,,222.0,270.0,,280.0,False,MEDIUM,8.0,False,Cadillac,0 days 00:42:11.448000,,1,,False,,False,False
0 days 00:15:25.672000,PER,11,0 days 00:01:33.045000,1.0,1.0,0 days 00:13:54.885000,,0 days 00:00:29.317000,0 days 00:00:27.825000,0 days 00:00:35.903000,0 days 00:14:22.003000,0 days 00:14:49.889000,0 days 00:15:26.012000,221.0,246.0,271.0,267.0,False,MEDIUM,1.0,True,Cadillac,0 days 00:13:54.885000,,1,,False,,False,False
0 days 00:16:46.892000,PER,11,0 days 00:01:21.220000,2.0,1.0,,,0 days 00:00:22.507000,0 days 00:00:25.285000,0 days 00:00:33.428000,0 days 00:15:48.179000,0 days 00:16:13.464000,0 days 00:16:46.892000,240.0,272.0,256.0,275.0,True,MEDIUM,2.0,True,Cadillac,0 days 00:15:25.672000,,1,,False,,False,True
0 days 00:18:10.258000,PER,11,0 days 00:01:23.366000,3.0,1.0,,,0 days 00:00:22.375000,0 days 00:00:25.827000,0 days 00:00:35.164000,0 days 00:17:09.267000,0 days 00:17:35.094000,0 days 00:18:10.258000,236.0,258.0,276.0,276.0,False,MEDIUM,3.0,True,Cadillac,0 days 00:16:46.892000,,1,,False,,False,True
0 days 00:19:27.057000,PER,11,0 days 00:01:16.799000,4.0,1.0,,,0 days 00:00:21.677000,0 days 00:00:24.461000,0 days 00:00:30.661000,0 days 00:18:31.935000,0 days 00:18:56.396000,0 days 00:19:27.057000,240.0,274.0,258.0,304.0,True,MEDIUM,4.0,True,Cadillac,0 days 00:18:10.258000,,1,,False,,False,True
0 days 00:21:05.089000,PER,11,0 days 00:01:38.032000,5.0,1.0,,,0 days 00:00:27.320000,0 days 00:00:34.804000,0 days 00:00:35.908000,0 days 00:19:54.377000,0 days 00:20:29.181000,0 days 00:21:05.089000,214.0,184.0,276.0,279.0,False,MEDIUM,5.0,True,Cadillac,0 days 00:19:27.057000,,1,,False,,False,True
0 days 00:22:21.091000,PER,11,0 days 00:01:16.002000,6.0,1.0,,,0 days 00:00:21.563000,0 days 00:00:24.282000,0 days 00:00:30.157000,0 days 00:21:26.652000,0 days 00:21:50.934000,0 days 00:22:21.091000,242.0,281.0,274.0,312.0,True,MEDIUM,6.0,True,Cadillac,0 days 00:21:05.089000,,1,,False,,False,True
0 days 00:42:13.231000,PER,11,,7.0,1.0,,0 days 00:24:18.257000,0 days 00:00:27.187000,,,0 days 00:22:48.378000,,,187.0,,,,False,MEDIUM,7.0,True,Cadillac,0 days 00:22:21.091000,,125,,False,,False,False
0 days 00:43:40.795000,PER,11,,8.0,2.0,0 days 00:42:13.231000,0 days 00:43:40.795000,0 days 00:00:29.783000,0 days 00:00:28.293000,,0 days 00:42:41.423000,0 days 00:43:09.817000,,219.0,250.0,,295.0,False,MEDIUM,8.0,False,Cadillac,0 days 00:42:13.231000,,1,,False,,False,False
0 days 00:16:28.977000,COL,43,0 days 00:01:33.778000,1.0,1.0,0 days 00:14:56.818000,,0 days 00:00:28.711000,0 days 00:00:27.822000,0 days 00:00:37.245000,0 days 00:15:23.981000,0 days 00:15:51.859000,0 days 00:16:29.197000,204.0,237.0,284.0,258.0,False,MEDIUM,1.0,True,Alpine,0 days 00:14:56.818000,,1,,False,,False,False
0 days 00:18:00.375000,COL,43,0 days 00:01:31.398000,2.0,1.0,,,0 days 00:00:23.817000,0 days 00:00:30.192000,0 days 00:00:37.389000,0 days 00:16:52.794000,0 days 00:17:22.986000,0 days 00:18:00.375000,230.0,226.0,291.0,255.0,True,MEDIUM,2.0,True,Alpine,0 days 00:16:28.977000,,1,,False,,False,True
0 days 00:19:17.337000,COL,43,0 days 00:01:16.962000,3.0,1.0,,,0 days 00:00:22.104000,0 days 00:00:24.407000,0 days 00:00:30.451000,0 days 00:18:22.479000,0 days 00:18:46.886000,0 days 00:19:17.337000,240.0,284.0,270.0,316.0,True,MEDIUM,3.0,True,Alpine,0 days 00:18:00.375000,,1,,False,,False,True
0 days 00:20:58.075000,COL,43,0 days 00:01:40.738000,4.0,1.0,,,0 days 00:00:30.569000,0 days 00:00:32.690000,0 days 00:00:37.479000,0 days 00:19:47.906000,0 days 00:20:20.596000,0 days 00:20:58.075000,188.0,173.0,301.0,254.0,False,MEDIUM,4.0,True,Alpine,0 days 00:19:17.337000,,1,,False,,False,True
0 days 00:22:13.559000,COL,43,0 days 00:01:15.484000,5.0,1.0,,,0 days 00:00:21.502000,0 days 00:00:24.017000,0 days 00:00:29.965000,0 days 00:21:19.577000,0 days 00:21:43.594000,0 days 00:22:13.559000,241.0,285.0,275.0,316.0,True,MEDIUM,5.0,True,Alpine,0 days 00:20:58.075000,,1,,False,,False,True
0 days 00:42:14.216000,COL,43,,6.0,1.0,,0 days 00:24:06.147000,0 days 00:00:32.811000,,,0 days 00:22:46.491000,,,159.0,,,,False,MEDIUM,6.0,True,Alpine,0 days 00:22:13.559000,,125,,False,,False,False
0 days 00:43:53.228000,COL,43,0 days 00:01:39.012000,7.0,2.0,0 days 00:42:16.691000,,0 days 00:00:32.631000,0 days 00:00:27.697000,0 days 00:00:38.684000,0 days 00:42:46.847000,0 days 00:43:14.544000,0 days 00:43:53.228000,220.0,267.0,286.0,155.0,False,MEDIUM,7.0,False,Alpine,0 days 00:42:16.691000,,1,,False,,False,False
0 days 00:51:02.276000,COL,43,,8.0,2.0,,0 days 00:45:12.262000,0 days 00:00:22.680000,0 days 00:00:24.970000,,0 days 00:44:15.864000,0 days 00:44:40.864000,,239.0,281.0,,216.0,False,MEDIUM,8.0,False,Alpine,0 days 00:43:53.228000,,1,,False,,False,False
0 days 00:52:34.302000,COL,43,,9.0,3.0,0 days 00:51:02.276000,,,0 days 00:00:27.028000,0 days 00:00:35.651000,,0 days 00:51:58.802000,0 days 00:52:34.436000,221.0,265.0,285.0,252.0,False,MEDIUM,1.0,True,Alpine,0 days 00:51:02.276000,,1,,False,,False,False
0 days 00:54:03.968000,COL,43,0 days 00:01:29.666000,10.0,3.0,,,0 days 00:00:23.264000,0 days 00:00:26.559000,0 days 00:00:39.843000,0 days 00:52:57.566000,0 days 00:53:24.125000,0 days 00:54:03.968000,228.0,241.0,280.0,102.0,True,MEDIUM,2.0,True,Alpine,0 days 00:52:34.302000,,1,,False,,False,True
0 days 00:55:19.280000,COL,43,0 days 00:01:15.312000,11.0,3.0,,,0 days 00:00:21.587000,0 days 00:00:23.956000,0 days 00:00:29.769000,0 days 00:54:25.555000,0 days 00:54:49.511000,0 days 00:55:19.280000,242.0,285.0,274.0,313.0,True,MEDIUM,3.0,True,Alpine,0 days 00:54:03.968000,,1,,False,,False,True
0 days 00:56:52.332000,COL,43,0 days 00:01:33.052000,12.0,3.0,,,0 days 00:00:28.897000,0 days 00:00:28.763000,0 days 00:00:35.392000,0 days 00:55:48.177000,0 days 00:56:16.940000,0 days 00:56:52.332000,171.0,241.0,284.0,249.0,False,MEDIUM,4.0,True,Alpine,0 days 00:55:19.280000,,1,,False,,False,True
0 days 00:58:07.272000,COL,43,0 days 00:01:14.940000,13.0,3.0,,,0 days 00:00:21.335000,0 days 00:00:23.824000,0 days 00:00:29.781000,0 days 00:57:13.667000,0 days 00:57:37.491000,0 days 00:58:07.272000,241.0,285.0,274.0,314.0,True,MEDIUM,5.0,True,Alpine,0 days 00:56:52.332000,,1,,False,,False,True
0 days 00:59:43.357000,COL,43,0 days 00:01:36.085000,14.0,3.0,,,0 days 00:00:28.704000,0 days 00:00:31.914000,0 days 00:00:35.467000,0 days 00:58:35.976000,0 days 00:59:07.890000,0 days 00:59:43.357000,161.0,240.0,287.0,248.0,False,MEDIUM,6.0,True,Alpine,0 days 00:58:07.272000,,1,,False,,False,True
0 days 01:00:58.059000,COL,43,0 days 00:01:14.702000,15.0,3.0,,,0 days 00:00:21.239000,0 days 00:00:23.751000,0 days 00:00:29.712000,0 days 01:00:04.596000,0 days 01:00:28.347000,0 days 01:00:58.059000,241.0,284.0,271.0,313.0,True,MEDIUM,7.0,True,Alpine,0 days 00:59:43.357000,,1,,False,,False,True
0 days 01:02:33.044000,COL,43,,16.0,3.0,,0 days 01:02:33.044000,0 days 00:00:27.517000,0 days 00:00:29.889000,,0 days 01:01:25.702000,0 days 01:01:55.640000,,194.0,187.0,,175.0,False,MEDIUM,8.0,True,Alpine,0 days 01:00:58.059000,,1,,False,,False,False
