Driver,P1,P2,P3,P4,P5,P6,P7,P8,P9,P10,P11,P12,P13,P14,P15,P16,P17,P18,P19,P20,P21,P22
LEC,0.09499625,0.13884975,0.144194,0.1411935,0.135378,0.11503375,0.0767455,0.0323805,0.005469,0.00209875,0.001178,0.00087175,0.00080275,0.00093975,0.00140475,0.002636,0.0054905,0.01019075,0.0161165,0.02131875,0.025423,0.0272885
RUS,0.221764,0.19090325,0.14661425,0.1243065,0.097693,0.0666325,0.03716775,0.01382425,0.002214,0.001016,0.000671,0.00057525,0.00059175,0.00075975,0.00117175,0.0023165,0.00479875,0.00890525,0.01402375,0.0185845,0.02209825,0.023368
HAM,0.0968795,0.1397275,0.14428475,0.14128675,0.134586,0.1140665,0.07595375,0.0321255,0.00543875,0.00209375,0.00116125,0.000864,0.00081825,0.00093725,0.00143825,0.0026515,0.00550175,0.010151,0.01600425,0.0214235,0.02522625,0.02738
NOR,0.05466575,0.09893525,0.12045775,0.128547,0.132478,0.125684,0.09540975,0.04530275,0.00813775,0.0029435,0.00151125,0.00106125,0.00093175,0.00105925,0.00181075,0.00376425,0.008302,0.016064,0.02597025,0.03598,0.0429955,0.04798825
HAD,0.0166165,0.045387,0.07988525,0.11135825,0.13775975,0.1584555,0.15315425,0.0954915,0.0230145,0.0085175,0.0039605,0.00236725,0.00170925,0.001681,0.00214075,0.00379425,0.0076265,0.01433375,0.02308575,0.03123825,0.03808925,0.0403335
LAW,0.00010225,0.00024925,0.00102,0.0038245,0.0131895,0.03933625,0.09220375,0.156154,0.17155575,0.12461125,0.093104,0.06752225,0.04553475,0.02887275,0.0176115,0.01125025,0.009843,0.013327,0.01966825,0.02620125,0.03142825,0.03339025
LIN,9.225e-05,0.0001975,0.000787,0.003128,0.011233,0.03478575,0.08433875,0.146664,0.167555,0.12779075,0.09806075,0.0736745,0.051066,0.03312975,0.0202635,0.01264275,0.01033575,0.01341475,0.01992425,0.02617025,0.03185125,0.0328945
BOR,3.15e-05,2.875e-05,8.825e-05,0.0003925,0.00195925,0.0078795,0.02440525,0.05544925,0.09008575,0.10960425,0.11362575,0.10858025,0.097955,0.08022,0.05839125,0.03665075,0.022765,0.02136275,0.0294835,0.0397315,0.0495525,0.0517575
COL,4.9e-05,5.45e-05,0.0001695,0.00077275,0.00354025,0.01340325,0.039244,0.08384975,0.12501975,0.1352455,0.127365,0.11239125,0.094066,0.07072825,0.0471735,0.02718875,0.01550775,0.01301675,0.01668375,0.02200275,0.0246355,0.0278925
GAS,5.425e-05,8.875e-05,0.00031875,0.00135225,0.005742,0.02015,0.055261,0.10891625,0.14706175,0.139611,0.12016425,0.099456,0.077296,0.05477025,0.03462425,0.01979625,0.012529,0.012255,0.0165395,0.02193525,0.024336,0.02774225
PIA,0.047041,0.09088875,0.1154205,0.12764075,0.13379525,0.1308065,0.10318875,0.05075775,0.00947975,0.00345125,0.00171275,0.00111575,0.00095325,0.001116,0.00182975,0.00377725,0.008283,0.016025,0.026096,0.0364285,0.042178,0.0480145
BEA,3.325e-05,2.225e-05,5.625e-05,0.00023075,0.001144,0.0049205,0.016596,0.0404875,0.072982,0.10133,0.11879,0.12524925,0.1227855,0.1095265,0.08516125,0.0545675,0.0289765,0.01749325,0.01865375,0.02397675,0.02716075,0.0298565
OCO,6.125e-05,3.1e-05,4.5e-05,9.725e-05,0.000382,0.00147775,0.0051305,0.01394575,0.029702,0.0518855,0.07838875,0.106542,0.131365,0.14478075,0.1371405,0.10519575,0.0618035,0.0295615,0.02073775,0.0247715,0.02625075,0.03070425
PER,1.5e-05,5e-06,5e-06,6.75e-06,1.025e-05,1.575e-05,4.65e-05,0.0001075,0.00030275,0.00090575,0.00278025,0.00830425,0.0220145,0.0500075,0.095228,0.14563775,0.17392775,0.1567005,0.1119655,0.08084775,0.071064,0.080102
ANT,0.40709525,0.1878825,0.11965375,0.08156425,0.052337,0.03097125,0.01608925,0.00586525,0.00099,0.0005125,0.00039725,0.00039625,0.000451,0.000646,0.001131,0.00232425,0.00483775,0.00890625,0.0139565,0.019098,0.02066075,0.024234
BOT,6.75e-06,3.25e-06,2.5e-06,7.5e-07,3.25e-06,6.5e-06,1.325e-05,3.325e-05,6.8e-05,0.000243,0.00092675,0.0033225,0.01036125,0.02741825,0.06061575,0.109535,0.1574615,0.17903025,0.1593615,0.121294,0.08568575,0.084607
SAI,5.475e-05,3.45e-05,3.85e-05,8.25e-05,0.00031825,0.00122225,0.00428175,0.0115195,0.02521625,0.04432825,0.068253,0.094003,0.11771925,0.132506,0.1291445,0.10319975,0.06467275,0.035718,0.031448,0.04019525,0.04861725,0.04742675
ALO,7e-06,4e-06,2e-06,2.5e-06,4.25e-06,5e-06,1.25e-05,2.375e-05,6.3e-05,0.00017775,0.0007155,0.00257725,0.008139,0.02210625,0.05061725,0.09519925,0.143548,0.17190175,0.1667045,0.13589825,0.11207625,0.090215
STR,7.25e-06,2e-06,2e-06,2.25e-06,3.5e-06,5.75e-06,1.175e-05,2.55e-05,5.45e-05,0.0001905,0.00067225,0.00242975,0.007818,0.02155925,0.0496135,0.09345525,0.1421125,0.17256275,0.1680295,0.13861875,0.11052225,0.09230125
VER,0.06034225,0.10664825,0.12683175,0.13372475,0.13624,0.126304,0.092885,0.04281025,0.0073885,0.00279075,0.001497,0.0010935,0.0009395,0.00110175,0.001783,0.00356475,0.00735675,0.01402175,0.02312775,0.0325755,0.038316,0.03865725
ALB,5.025e-05,2.7e-05,2.6e-05,6.55e-05,0.0001905,0.00073925,0.00247075,0.00709275,0.016119,0.0310485,0.05244675,0.08021725,0.110335,0.13643375,0.14398625,0.1240695,0.0816775,0.0437535,0.03285525,0.040632,0.0496885,0.04607525
HUL,3.475e-05,3e-05,9.725e-05,0.00042,0.002013,0.0080985,0.02539025,0.0571735,0.09208225,0.109604,0.112618,0.1073855,0.09634725,0.0797,0.057719,0.03678275,0.0226425,0.0213045,0.02956425,0.04107775,0.052144,0.047771
