rank,Driver,Team,grid,win,podium,points,dnf,exp_pos,exp_pts,p10,p50,p90,pace_pct,pace_sd,stop1,stop2,stop3p,exp_stops,modal_stops,strategy,strategy_p,alt_strategies,first_stop_p50,first_stop_p25,first_stop_p75
1,NOR,McLaren,2,0.3796776898457816,0.73885017416736,0.9340502635323701,0.048007,3.4714024199539013,17.311801702611525,1,2,7,-1.146850780901938,0.395192661288665,0.456942,0.46682,0.05925175,1.569351,2,M-H-M,0.10758324903649502,M-H 35%; M-H-H 9%,15.0,11.0,20.0
2,PIA,McLaren,3,0.2225775610857362,0.6413387540070272,0.9253932950302143,0.04788775,4.068427877695109,15.22712514529632,1,3,7,-1.0360852585161373,0.395192661288665,0.4569975,0.46663075,0.0594035,1.5694994999999998,2,M-H-M,0.10741774407376861,M-H 35%; M-H-H 9%,15.0,11.0,20.0
3,VER,Red Bull Racing,1,0.22231242720531472,0.5372539923305765,0.8552598732385401,0.12974725,5.294131967181487,13.777706023640938,1,3,18,-0.7536438271882945,0.2675495737389894,0.45724875,0.44054675,0.054855499999999995,1.50380325,1,M-H,0.34978401389711206,M-H-M 11%; M-H-H 9%,15.0,12.0,20.0
4,RUS,Mercedes,5,0.057617429230511955,0.37309835973130756,0.8936718824738038,0.07756275,5.470159239008734,11.429170744021803,2,4,12,-0.7764185211039597,0.2675495737389894,0.457642,0.456912,0.0577625,1.5457327499999998,1,M-H,0.3492996407072676,M-H-M 11%; M-H-H 9%,15.0,11.0,20.0
5,LEC,Ferrari,4,0.08151121950166174,0.4313638338116699,0.8509004678289477,0.14321475,5.825572040753657,11.804945737354045,2,4,18,-0.8087386070368251,0.2675495737389894,0.457634,0.4359575,0.05385875,1.4919915,1,M-H,0.35057413745159594,M-H-M 11%; M-H-H 9%,15.0,11.0,20.0
6,HAM,Ferrari,8,0.009030043062721815,0.11108014931907988,0.8015700851733152,0.1433215,7.948924527108197,6.923292391926772,3,6,18,-0.607025689361682,0.2675495737389894,0.4443995,0.4469615,0.056343250000000004,1.5082955,2,M-H-M,0.09477913826482164,M-H 31%; M-H-H 8%,15.0,11.0,20.0
7,ANT,Mercedes,6,0.0031739470999087222,0.05551572123766937,0.7806237441420285,0.0773995,8.108041628693096,6.083764927406229,4,7,15,-0.22737220897732605,0.18031317424754245,0.45722375,0.457437,0.05769375,1.54616425,2,M-H-M,0.10736255833375334,M-H 35%; M-H-H 9%,15.0,11.0,20.0
8,HAD,Racing Bulls,7,0.0017935848350097029,0.024480357373090643,0.6677976177616343,0.14029525,9.67092062471272,4.189665531854099,5,8,18,-0.08244360610131968,0.18031317424754245,0.444463,0.4481495,0.056211500000000005,1.5103535,2,M-H-M,0.09471711072900318,M-H 31%; M-H-H 8%,15.0,11.0,20.0
9,BEA,Haas F1 Team,10,0.0013842895394866814,0.013944094298839407,0.5309116332874413,0.08722575,10.986459719902246,2.5026151267415733,6,10,18,0.034890632076492234,0.18031317424754245,0.44394575,0.465392,0.059509,1.5542622499999998,2,M-H-M,0.09504431133985211,M-H 31%; M-H-H 8%,15.0,11.0,20.0
10,ALB,Williams,9,0.0013674852690990294,0.0069745279584167465,0.48249664300202955,0.20100275,11.651305776820653,2.2840346609587843,6,11,19,0.09228308144763461,0.18031317424754245,0.44452175,0.42752775,0.052971000000000004,1.45937275,1,M-H,0.3106349865409424,M-H-M 9%; M-H-H 8%,15.0,11.0,20.0
11,SAI,Williams,15,0.0013746638281893777,0.006444401667243988,0.4257378800243459,0.200865,12.04065880134418,1.8219394630778605,7,11,19,-0.18292847057692915,0.18031317424754245,0.4205115,0.4478965,0.057110499999999995,1.4885885,2,M-H-M,0.0730195774180833,M-H 24%; H-M 8%,15.0,11.0,20.0
12,TSU,Red Bull Racing,14,0.0013294036340170243,0.0054674930046008765,0.39568996963584185,0.13016725,12.173094904927304,1.5371782964974676,7,12,19,-0.034890632076492234,0.18031317424754245,0.44415625,0.45161625,0.0569395,1.5191554999999999,2,M-H-M,0.09502056573519449,M-H 31%; M-H-H 8%,15.0,11.0,20.0
13,ALO,Aston Martin,12,0.001326816949535019,0.005340553020648621,0.3683720444476301,0.153516,12.215185836009141,1.4519388547508087,7,12,18,0.06735033983201096,0.18031317424754245,0.4444875,0.443556,0.0556105,1.499343,1,M-H,0.3101470317218045,M-H-M 9%; M-H-H 8%,15.0,11.0,20.0
14,GAS,Alpine,11,0.0013345201114414275,0.005851896341871314,0.41640609119844385,0.17265125,12.227196336839759,1.887596298255604,7,12,19,0.06394104120784067,0.18031317424754245,0.4443245,0.43712875,0.054627,1.4833412500000003,1,M-H,0.3105334963037051,M-H-M 9%; M-H-H 8%,15.0,11.0,20.0
15,LAW,Racing Bulls,13,0.0012884724216856644,0.010566829721273544,0.2802161285516448,0.139718,13.005847502649821,0.9207528573274257,9,13,19,0.2587504897999829,0.18031317424754245,0.444525,0.44812975,0.056529249999999996,1.5113192500000001,2,M-H-M,0.09481571159224533,M-H 31%; M-H-H 8%,15.0,11.0,20.0
16,HUL,Audi,16,0.0012973053514469838,0.003928110185940603,0.1097097292706738,0.12010275,14.679591144955218,0.5008942484218762,10,15,19,0.4800129464380346,0.25700891706666207,0.41899325,0.47579975,0.0620765,1.5578472500000002,2,M-H-M,0.07307870322358662,M-H 24%; H-M 8%,15.0,11.0,20.0
17,OCO,Haas F1 Team,18,0.001294804033804052,0.003916768162445949,0.08626865770957001,0.0873095,14.807501443703494,0.2873117018673074,11,15,19,0.4350526242108713,0.25700891706666207,0.41792075,0.48685475,0.0642875,1.5855605,2,M-H-M,0.07265332552491781,M-H 24%; H-M 8%,15.0,11.0,20.0
18,BOR,Audi,17,0.0076766754232809944,0.010273377274806036,0.0838409210423604,0.12034175,14.994782410140193,0.49119492110195795,11,15,19,0.5650585719680741,0.25700891706666207,0.41905525,0.47583525,0.062080250000000003,1.5580145,2,M-H-M,0.07297606769447113,M-H 24%; H-M 8%,15.0,11.0,20.0
19,DOO,Alpine,19,0.0012933207871666536,0.010289082681574229,0.061637112991767926,0.1725975,15.638410123060368,0.3159539640169047,12,16,19,0.526878213916804,0.25700891706666207,0.42018775,0.4578445,0.058838999999999995,1.5133382499999999,2,M-H-M,0.07281945606884195,M-H 24%; H-M 8%,15.0,11.0,20.0
20,STR,Aston Martin,20,0.0013383407842006898,0.004021523704557602,0.049445959657397606,0.15278925,15.722385674540732,0.2511174028706952,12,16,19,0.5038586518191496,0.25700891706666207,0.420123,0.464295,0.06002825,1.5298040000000002,2,M-H-M,0.07288593776696058,M-H 24%; H-M 8%,15.0,11.0,20.0
