Driver,P1,P2,P3,P4,P5,P6,P7,P8,P9,P10,P11,P12,P13,P14,P15,P16,P17,P18,P19,P20
VER,0.19924827742162607,0.17458153742823931,0.1750906140332417,0.1509327819567284,0.09568554214922106,0.04882721172625845,0.019815434731281927,0.009018811847693571,0.0056386822437941115,0.003996078319499407,0.003114702418487352,0.002629684040098235,0.0024606308721469732,0.0027417697286885147,0.003610644377579323,0.005618948360792492,0.010215228607260131,0.01749090175029458,0.03590654552234142,0.0333759724647269
NOR,0.40178511112292503,0.26442404691296406,0.14700680168337898,0.07122677203498652,0.026341761441708144,0.01673242103952125,0.010067498758564527,0.0028845040202641037,0.006586912121166552,0.006246303666549382,0.0016488171666824058,0.0015960802132180777,0.001670032850753759,0.0019257197467016254,0.002345752800775037,0.003073576297945807,0.0042114170372386595,0.010062984524782725,0.00730106586973459,0.012862420690138696
PIA,0.2717621048207675,0.28051537113411684,0.18478879694602487,0.08770210670173625,0.058952848371770235,0.025945009898362865,0.025350488716619206,0.003591582012122367,0.0025122332516587607,0.010955694301251885,0.0018094851009714925,0.0017234180049980295,0.0018024206619872904,0.002030433553994065,0.002509652367521101,0.0032318201133251694,0.004313100603306363,0.010141824776740777,0.007336695705697698,0.013024912957027289
LEC,0.08387473180522215,0.1575066181127179,0.21313747711974126,0.19877455449071096,0.11207496157101951,0.058163472469132914,0.031253758407738204,0.01023140403584143,0.006419196205785533,0.008957077977706656,0.003450614467725359,0.0028405577454730393,0.002641204624461716,0.0028690154714937147,0.0037544535399652635,0.005890624123110793,0.015078126608055438,0.01862309645079997,0.02846011795037992,0.03599893682291836
RUS,0.01790270793283033,0.0631593352654453,0.12354102829300355,0.18270617696249603,0.18901291588878916,0.13911612506143878,0.06204747389792015,0.037592077491579785,0.02178530386725845,0.011860928469800813,0.017401788642674332,0.010888979493515402,0.005225587177048005,0.004795888014124731,0.0053870114749717795,0.007342392686169525,0.011802725701302199,0.01920949590227679,0.03368913139260142,0.035532926384753485
HAM,0.0038286743679267084,0.0193216225911768,0.04304304331937283,0.09035050909315734,0.13452894726210637,0.14542189051093551,0.12750626940796903,0.07580173494090874,0.06904134317683809,0.046899423226194156,0.025757325143811988,0.025576378189782197,0.02281597456909946,0.01262882257551993,0.008180971345187683,0.01868366683655758,0.022575523393879103,0.02468401113169661,0.03842872825626155,0.04492514066161839
ALB,0.0009045731173537813,0.0010313145195933416,0.0017583340635083861,0.0046069552491522945,0.012631308949987817,0.028977425139923595,0.051056272357398416,0.07546904928097191,0.07754007068375564,0.07971950243496509,0.07812672035016953,0.08110886589538827,0.076786903784137,0.06008936778448132,0.056264217291001034,0.055173092281833445,0.05091573906112163,0.061752914540078405,0.06616590552422452,0.07992146769095468
BOR,0.0009228128603798449,0.00568102408560999,0.007266246296342377,0.012407450332022334,0.04210562966594984,0.07636191776819151,0.07782412307103148,0.0978156338388252,0.08856138785999548,0.07548521855437396,0.07510248964217811,0.06485111925344751,0.06918898544444126,0.05290602697857238,0.04491336306093415,0.03863643562972254,0.039835017734103646,0.048487149725155214,0.038281959455803066,0.043366008742920174
ANT,0.005189612153349641,0.021808845616214375,0.0701003773845481,0.1248100154785483,0.1758112391962502,0.16431400144544406,0.1007574441924223,0.06868575401632249,0.045342767791982985,0.021506181411343073,0.019471988289107296,0.01992408434259521,0.013090835627211804,0.011995118786194348,0.007560891647328303,0.009071265423054418,0.013120731877575209,0.028851120977638214,0.037345485018271736,0.041242239324597994
HAD,0.0009046543977759831,0.0009621098079757265,0.010220652690012497,0.002743990504267569,0.0073547462147298265,0.017822864227450393,0.038809322018859525,0.05134710687186176,0.07017260991852105,0.06447649898213122,0.06567228788773828,0.06740179661112523,0.08255574468437075,0.09019231867439324,0.08973622934050104,0.06916935798985863,0.071747010006545,0.05575104495138908,0.0778814052418772,0.06507824897861599
SAI,0.0009312638611443088,0.0012345534242656948,0.007274127816084867,0.008241971481469164,0.02210957937686885,0.05027603791084236,0.06969382974771864,0.08204229636764684,0.07682263183020349,0.09927326339069309,0.09149972431925579,0.0714475133673437,0.05217224919009244,0.06428335853285089,0.04808168865591332,0.03219554242779415,0.03992504877832048,0.0489406915556816,0.06190679612167587,0.0716478318441344
BEA,0.0009049204872966074,0.0010072196465960978,0.0016855576921002789,0.00863885234868448,0.020216058783288353,0.030288100381514294,0.056514332261519966,0.08517555465819966,0.08232707569092075,0.07585920634327209,0.07870430146913317,0.0741066577813979,0.0818001627632091,0.07700860902724883,0.06926201562209802,0.05184161195845138,0.058169115530499464,0.040781871460597495,0.04806199296360159,0.057646783130370534
TSU,0.0009061112317309769,0.0010401246065599866,0.0018719822070685519,0.0048852334506727935,0.021633860301949817,0.037204641103805336,0.08166269101838836,0.08662830791464037,0.10325836611484744,0.07365381224136391,0.07667940987270602,0.08153116449608691,0.0758508715979921,0.06669093266686597,0.05884489840381813,0.050942557859605844,0.04496118983222344,0.041531870839526995,0.04387637416359985,0.04634560007654715
LAW,0.0008953273858397,0.0009059186936963827,0.0009701764324801698,0.0013069278176991766,0.0025168114043917574,0.005916749695545442,0.017624561479548925,0.024626309597103022,0.04271647784400228,0.05873346202462228,0.06572894522996474,0.08364952846507677,0.08419222721504528,0.07423721737864285,0.1042908648899046,0.11627517023426703,0.09328949368267538,0.07829839182183605,0.07110816091894072,0.07271727778871756
OCO,0.0009000047013079421,0.0009174643683225219,0.0010677733655666379,0.0061901959480203965,0.012962694136188436,0.00990788830770901,0.021216103005393866,0.03730244783490808,0.06158451183822207,0.08452972926310136,0.07503965206127652,0.08184603552462862,0.09940598761674285,0.09968809832696708,0.09706865044236238,0.08851233043532332,0.06903255139905692,0.06579174230955785,0.04989621296721246,0.03713992614813161
GAS,0.0009431669894203905,0.0009440665274350659,0.0009610475323722844,0.001022059972809903,0.0012651766752894054,0.011299028708632133,0.0038998048497466686,0.007711210063956583,0.01865439111748739,0.03174168176763923,0.03232623996030108,0.05197920014019638,0.0631634753121807,0.07676583763498182,0.1078447841402901,0.11179673398643036,0.13838333671430783,0.14461986460749005,0.09934998618352665,0.095328907115506
COL,0.005352531811518144,0.0008993132230276967,0.0009116570720961146,0.0009637905702632817,0.001183470092357443,0.0018903455726810296,0.012433472761479353,0.02035222068282006,0.012560849075197443,0.02481558085419252,0.03865434256094154,0.04933354249313313,0.07056236110501977,0.09454423457297383,0.09862605848625183,0.12189822191762686,0.12589125057068207,0.11920950972489625,0.1131117170884237,0.08680552976441795
STR,0.0008965839041841576,0.0009031353350977439,0.000977694819810616,0.01028255539304784,0.002741681680335297,0.006503803231909739,0.018842285556760166,0.027059242431464233,0.0462927437877121,0.058543599801182095,0.07039239620297313,0.074718861907979,0.07104227036241555,0.10071776420714001,0.09857272751763835,0.11293535673788761,0.09582450588669124,0.08965966027550523,0.06177260007285404,0.05132053088741195
ALO,0.0010421434619418142,0.0021859549045642685,0.006943278365102284,0.024605922792132924,0.05257224529017099,0.10524816915422922,0.1351655714351382,0.12506905679092759,0.08955544587301054,0.08905729582443223,0.06637211874439834,0.0575990579994092,0.04072057203970122,0.03182684726136685,0.0273523821850319,0.021734641147479413,0.02227738826288378,0.02524177607071734,0.038787313386741865,0.03664281901062014
HUL,0.0009046861654587208,0.0009704237963808075,0.0013833328681437235,0.00760117742139414,0.008298521547627545,0.01978289664647224,0.038459262324501114,0.07159569530194224,0.07262699970763999,0.0736894611456856,0.11304665046950367,0.09524747403510714,0.08285150250194287,0.07206261907679802,0.06579274241092675,0.07597665355276378,0.06843149871227214,0.05087007660333865,0.041331806196230225,0.039076519515870725
