year,round,event,n,model_log_loss,model_rps,model_brier_win,model_brier_podium,model_brier_points,model_spearman,model_mae_pos,model_p_winner,model_top3_hit,model_top10_hit,model_winner_correct,grid_log_loss,grid_rps,grid_brier_win,grid_brier_podium,grid_brier_points,grid_spearman,grid_mae_pos,grid_p_winner,grid_top3_hit,grid_top10_hit,grid_winner_correct,pace_log_loss,pace_rps,pace_brier_win,pace_brier_podium,pace_brier_points,pace_spearman,pace_mae_pos,pace_p_winner,pace_top3_hit,pace_top10_hit,pace_winner_correct,strat_stops_acc,strat_stops_ll,strat_seq_acc,strat_first_stop_mae,strat_first_stop_iqr_cover,mode,grid_eligible,new_venue
2026.0,3.0,Suzuka,22,2.2998214664240395,0.07506488680065565,0.014956306074782662,0.06389926021911915,0.11177974049987975,0.917560700169396,2.4749384633337788,0.5077326607783323,0.6666666666666666,0.8,True,2.5443598948513086,0.0885681051910772,0.012958312758529923,0.05997185778972866,0.15603956859168466,0.8701298701298703,3.203605097158251,0.5183373216606246,0.6666666666666666,0.7,True,2.5774809783030737,0.07405765636731611,0.024141565165659004,0.06368268610721661,0.09748155914802968,0.8859401468097121,2.1419881310670266,0.3521830352682585,0.6666666666666666,0.8,True,0.9,0.6455554918795959,0.85,1.85,1.0,post_quali,True,False
2026.0,3.0,Suzuka,22,2.4137190072308266,0.08575058576762867,0.03168269742323234,0.07576376640202019,0.11129356046464643,0.8159232072275552,2.606678181818182,0.24357999999999988,0.6666666666666666,0.7,False,2.5443598948513086,0.0885681051910772,0.012958312758529923,0.05997185778972866,0.15603956859168466,0.8701298701298703,3.203605097158251,0.5183373216606246,0.6666666666666666,0.7,True,2.56573911219328,0.08435453239512691,0.03389378117897537,0.07360056269076083,0.10589486258266119,0.8193111236589498,2.410706443195722,0.20743776866939917,0.3333333333333333,0.7,False,0.9,0.6449485787312597,0.85,1.85,1.0,pre_weekend,False,False
2026.0,4.0,Miami,22,2.418341789765483,0.10071938797064334,0.014569366052102095,0.08198923486540648,0.12333387251456714,0.6973461321287409,3.24514917959367,0.47992834023829345,0.3333333333333333,0.8,True,2.6038849681029586,0.09843274110551409,0.012404889395545722,0.0977944246646803,0.11346732941349848,0.7651044607566347,3.2912764865349318,0.5297933471432538,0.6666666666666666,0.8,True,3.5296126262162564,0.13707936709713536,0.03390013879762665,0.07244747311489526,0.12753038853383136,0.6216826651609261,3.7726924079524236,0.20860397721594884,0.3333333333333333,0.7,True,0.8888888888888888,0.6342463053964074,0.8333333333333334,9.166666666666666,0.16666666666666666,post_quali,True,False
2026.0,4.0,Miami,22,2.6422649842620203,0.12153270645827075,0.02977268515067246,0.06294838590999359,0.17897196568930787,0.5595708639186902,3.6772245911632933,0.2798800000000001,0.3333333333333333,0.7,False,2.6038849681029586,0.09843274110551409,0.012404889395545722,0.0977944246646803,0.11346732941349848,0.7651044607566347,3.2912764865349318,0.5297933471432538,0.6666666666666666,0.8,True,3.095680887133827,0.13110384385777907,0.03384643251157638,0.06431154061273091,0.1455317468038726,0.5719932241671373,3.7393934434965987,0.2101659336265494,0.6666666666666666,0.7,False,0.8888888888888888,0.6345845324877337,0.8333333333333334,9.166666666666666,0.16666666666666666,pre_weekend,False,False
2026.0,5.0,Montréal,22,3.062126984998512,0.1621406702055068,0.03540272631044236,0.11226360142465991,0.2573351616666098,0.43647656691134956,4.8186977969918,0.2686298629339935,0.3333333333333333,0.6,False,3.4089841607252436,0.17583074023079479,0.043364564390846655,0.11914434296539853,0.2690689371488587,0.4195369847543761,5.223604911842774,0.19366639253465381,0.3333333333333333,0.6,False,4.249626585056481,0.1900240658798794,0.031655744319104895,0.09266373678189517,0.297644360518709,0.40033879164313946,4.922960712831554,0.23601398601398602,0.3333333333333333,0.5,True,0.5,1.0572108311263477,0.125,11.9375,0.625,post_quali,True,False
2026.0,5.0,Montréal,22,2.856697880798083,0.14840553841498083,0.03522779339514405,0.11080854882333284,0.21163184121673104,0.5211744776962168,4.575185752187553,0.20456666666666654,0.3333333333333333,0.7,False,3.4089841607252436,0.17583074023079479,0.043364564390846655,0.11914434296539853,0.2690689371488587,0.4195369847543761,5.223604911842774,0.19366639253465381,0.3333333333333333,0.6,False,3.6481235115330297,0.1752363362372707,0.03644425130396852,0.09909397524185612,0.26363401870387926,0.5031055900621118,4.773656784429958,0.17517992802878848,0.3333333333333333,0.6,False,0.5,1.057885688239533,0.125,12.0625,0.625,pre_weekend,False,False
2026.0,6.0,Monaco,22,2.9847470420821223,0.17090373697765704,0.011006272673214081,0.07826739742238951,0.27735193762906124,0.33032185206098247,5.211503251173587,0.5546344411391834,0.3333333333333333,0.6,True,3.1619897547901292,0.17419493704385,0.012504986692187853,0.07493147432604969,0.26597489139681046,0.3630717108977979,5.144094684165358,0.5312055489450336,0.3333333333333333,0.5,True,4.42839117545253,0.21987673314690834,0.021712346688617826,0.09398737200478857,0.37130792927359396,0.25804630152456237,5.6951736810011795,0.36388611388611397,0.3333333333333333,0.5,True,0.5,1.4000145334037744,0.0,18.3125,0.25,post_quali,True,False
2026.0,6.0,Monaco,22,3.087749748848863,0.1800891913887901,0.02477956744844388,0.10586841402743657,0.30495348944219197,0.2907961603613778,5.450814876943597,0.33372,0.3333333333333333,0.5,True,3.1619897547901292,0.17419493704385,0.012504986692187853,0.07493147432604969,0.26597489139681046,0.3630717108977979,5.144094684165358,0.5312055489450336,0.3333333333333333,0.5,True,4.098155492739174,0.21347501172366978,0.02775624305815617,0.10361206487372701,0.3577726129464333,0.2523997741389046,5.712661190899866,0.28305186369541324,0.3333333333333333,0.5,True,0.5,1.3930129358611762,0.0,18.3125,0.25,pre_weekend,False,False
2026.0,7.0,Barcelona,22,2.6173771371098153,0.10588791356128553,0.05172539703908532,0.05158227975521497,0.14853438447248907,0.717673630717109,3.739250599799739,0.11136277233852661,0.6666666666666666,0.7,False,2.780526651827675,0.11115196728123576,0.043294922074609325,0.04013363852261857,0.16071874611471487,0.7007340485601357,3.763406469999232,0.1965275657015489,1.0,0.7,False,3.154174637820179,0.12053762756261716,0.04617917677936008,0.0738224659408,0.18668678807537728,0.691699604743083,3.450601280644017,0.08094333966223642,0.3333333333333333,0.7,False,0.5882352941176471,1.014443120769141,0.0,3.7058823529411766,0.47058823529411764,post_quali,True,False
2026.0,7.0,Barcelona,22,2.691078854966066,0.11773238056856337,0.04788101249852632,0.09041242049229249,0.15570848243093646,0.6826651609260306,3.9587208724146232,0.08427666666666668,0.3333333333333333,0.8,False,2.780526651827675,0.11115196728123576,0.043294922074609325,0.04013363852261857,0.16071874611471487,0.7007340485601357,3.763406469999232,0.1965275657015489,1.0,0.7,False,3.0209667579224533,0.12485478879287534,0.0436755093836303,0.08876238830118946,0.1907747390364415,0.6600790513833994,3.577728611181876,0.10119940029985008,0.3333333333333333,0.8,False,0.5882352941176471,1.0124106502889745,0.0,3.7058823529411766,0.47058823529411764,pre_weekend,False,False
2026.0,8.0,Spielberg,22,2.3859647088253295,0.07362965537520272,0.016175279378690458,0.062405789654568604,0.058754202690593955,0.9446640316205535,2.4379377298069813,0.46167624618339353,0.6666666666666666,1.0,True,2.6357343676965552,0.08495857379204962,0.01237979382120043,0.08124511780257127,0.06365175821314359,0.9209486166007905,2.7105563233423697,0.5355889593629223,0.6666666666666666,1.0,True,2.294245089755181,0.059107443675143874,0.03239682212834332,0.05271035584056458,0.050743395417004684,0.9277244494635801,1.8268625862887797,0.24425574425574428,0.6666666666666666,0.9,False,0.8333333333333334,0.807166627869793,0.2222222222222222,2.5555555555555554,0.6666666666666666,post_quali,True,False
2026.0,8.0,Spielberg,22,2.461249874064735,0.07991467335817454,0.035602473930862806,0.0652641176135014,0.07969660814654982,0.8893280632411069,2.578937221752251,0.20791666666666647,0.6666666666666666,0.8,False,2.6357343676965552,0.08495857379204962,0.01237979382120043,0.08124511780257127,0.06365175821314359,0.9209486166007905,2.7105563233423697,0.5355889593629223,0.6666666666666666,1.0,True,2.2822482736799437,0.0649931026323474,0.03774199911163042,0.06435241935758801,0.06377082088737311,0.917560700169396,2.052160964108779,0.17139716170297825,0.6666666666666666,0.9,False,0.8333333333333334,0.8064394856433402,0.2222222222222222,2.5555555555555554,0.6666666666666666,pre_weekend,False,False
2026.0,9.0,Silverstone,22,2.6587775487632723,0.12798106359359074,0.04849033916864695,0.0653983794223226,0.1955391494959019,0.6137775268210052,4.043800148547541,0.15254019764646068,0.6666666666666666,0.7,False,2.7034178177465673,0.13585042632450783,0.042405633553510166,0.06153779005347721,0.20239762607766645,0.5607001693958217,4.191017666598743,0.20895180507277222,0.6666666666666666,0.7,False,3.949262017124784,0.161822704156328,0.047343294055501056,0.07999674231122901,0.24477529431193165,0.6205533596837945,4.398759763398631,0.09518337163985212,0.6666666666666666,0.7,False,0.75,1.1057636624429672,0.15,9.175,0.5,post_quali,True,False
2026.0,9.0,Silverstone,22,2.7460988023636195,0.12684205537449275,0.0471026881373024,0.08006308662673943,0.17938815900943175,0.6352343308865049,4.032174132063211,0.09532666666666659,0.6666666666666666,0.7,False,2.7034178177465673,0.13585042632450783,0.042405633553510166,0.06153779005347721,0.20239762607766645,0.5607001693958217,4.191017666598743,0.20895180507277222,0.6666666666666666,0.7,False,3.723704330642128,0.15807833201563082,0.045636462901551544,0.08708760388606997,0.23781367320361568,0.6284584980237156,4.377775818269788,0.09393424602778054,0.6666666666666666,0.7,False,0.75,1.105908308724962,0.15,9.2,0.5,pre_weekend,False,False
2026.0,10.0,Spa-Francorchamps,22,2.1128056269111037,0.0802296495379514,0.011678562776559298,0.044886139182551514,0.11241117790719136,0.7651044607566347,2.5346901199964904,0.5411065274860911,0.6666666666666666,0.8,True,2.7056936076830307,0.11016780317846654,0.012469628677396184,0.03776398675588942,0.16246760502618396,0.6578204404291361,3.231976073868364,0.5368594883067074,1.0,0.7,True,2.414400301301965,0.08041297511233242,0.020620456188302817,0.0575376968461754,0.11298194689078923,0.7809147374364765,2.1269861756812656,0.37783438217960247,0.6666666666666666,0.8,True,0.21052631578947367,1.0352620904344456,0.0,7.368421052631579,0.2631578947368421,post_quali,True,False
2026.0,10.0,Spa-Francorchamps,22,2.1517736006529216,0.08360388782426312,0.01999274186320525,0.06824438625291085,0.12370666209278362,0.7312252964426879,2.5079683326580384,0.39473771923392287,0.6666666666666666,0.8,True,2.7056936076830307,0.11016780317846654,0.012469628677396184,0.03776398675588942,0.16246760502618396,0.6578204404291361,3.231976073868364,0.5368594883067074,1.0,0.7,True,2.477169475234141,0.08528737266462616,0.022718914353966693,0.06523750407950568,0.12674368850719814,0.7312252964426879,2.2759576411341556,0.3469724220623501,0.6666666666666666,0.8,True,0.21052631578947367,1.0379896587786472,0.0,7.368421052631579,0.2631578947368421,pre_weekend,False,False
2026.0,11.0,Budapest,22,2.481124853221058,0.09614765361601241,0.027381062055822195,0.07490624485616001,0.0830873628602325,0.795595708639187,3.1246886399900746,0.2986008414264833,0.3333333333333333,0.9,True,2.3758240974017224,0.09746831889592106,0.01200210885461439,0.09174865110382092,0.10457352341719756,0.7300959909655563,3.381882777295757,0.5458724697908237,0.6666666666666666,0.9,True,3.0640396953569775,0.10432484939457361,0.04288831407493286,0.0734792345449729,0.09772717557847507,0.777526821005082,2.75511526256645,0.11490807354116708,0.3333333333333333,0.9,False,0.631578947368421,1.0977537514606488,0.0,4.578947368421052,0.6842105263157895,post_quali,True,False
2026.0,11.0,Budapest,22,2.6918567585657183,0.11031250976492327,0.05144138200493852,0.0855838335876353,0.09733880784066563,0.7312252964426879,3.4491856949333286,0.05390999999999999,0.3333333333333333,0.9,False,2.3758240974017224,0.09746831889592106,0.01200210885461439,0.09174865110382092,0.10457352341719756,0.7300959909655563,3.381882777295757,0.5458724697908237,0.6666666666666666,0.9,True,3.1312823360453566,0.11528482997377512,0.048143885084061956,0.08057895164449734,0.10717786770516402,0.7131564088085828,3.0466057769523194,0.06796601699150426,0.3333333333333333,0.9,False,0.631578947368421,1.0955755500219708,0.0,4.578947368421052,0.6842105263157895,pre_weekend,False,False
2026.0,12.0,Zandvoort,22,2.481975800406826,0.1051309335444356,0.028378120751635084,0.036306837548849315,0.16216563193692493,0.7346132128740825,3.250486275444373,0.2992888343421784,1.0,0.8,True,2.522529213246853,0.10879385247981942,0.011637339471674503,0.031896243839274675,0.15728741240087787,0.7063805759457934,3.5158325186468304,0.5533987537089898,0.6666666666666666,0.7,True,3.0188198962473796,0.11673856305014532,0.04289350827231952,0.053136776990466456,0.17051265514522096,0.7289666854884248,3.054428032233064,0.12513737636127484,0.6666666666666666,0.7,False,0.23529411764705882,1.7472448138375372,0.0,14.176470588235293,0.23529411764705882,post_quali,True,False
2026.0,12.0,Zandvoort,22,2.640049812872748,0.11317999191433324,0.046998231285435385,0.06998839611792305,0.1658323090152135,0.6589497459062676,3.312264595727187,0.07465666666666665,0.3333333333333333,0.7,False,2.522529213246853,0.10879385247981942,0.011637339471674503,0.031896243839274675,0.15728741240087787,0.7063805759457934,3.5158325186468304,0.5533987537089898,0.6666666666666666,0.7,True,3.0044599266970207,0.11935158709652581,0.044801751052238464,0.0688703308192195,0.16729274891026316,0.663466967814794,3.08746139481521,0.09094543274035578,0.6666666666666666,0.7,False,0.23529411764705882,1.7469263484562116,0.058823529411764705,14.176470588235293,0.23529411764705882,pre_weekend,False,False
2026.0,13.0,Monza,22,2.3130603555364164,0.0893880105471113,0.04619528986928764,0.08286094106409463,0.11520113404771401,0.7346132128740825,2.750699441251001,0.06958338907496563,0.3333333333333333,0.9,False,2.9472477726073154,0.1310774094192066,0.06194312840246878,0.1179491808012946,0.14534105899389138,0.5652173913043479,3.8328423060111008,0.003091087285413087,0.3333333333333333,0.8,False,2.436710955786293,0.0893567774729613,0.03477852495582975,0.07500560019336842,0.1450930623911735,0.7029926595143988,2.3963715125062,0.19111621864694717,0.3333333333333333,0.8,True,0.5263157894736842,0.8141847553282634,0.3157894736842105,13.736842105263158,0.0,post_quali,True,False
2026.0,13.0,Monza,22,2.325106682330557,0.09107640592676032,0.035251012851540926,0.07869860615614283,0.13084661582527587,0.7018633540372672,2.8057440789662866,0.18703000000000003,0.3333333333333333,0.8,True,2.9472477726073154,0.1310774094192066,0.06194312840246878,0.1179491808012946,0.14534105899389138,0.5652173913043479,3.8328423060111008,0.003091087285413087,0.3333333333333333,0.8,False,2.49938204809183,0.09229589928002511,0.0333942048394463,0.07615145533465063,0.15203625292767378,0.7165443252399775,2.486607025832869,0.20656409231691475,0.3333333333333333,0.8,True,0.5263157894736842,0.8130606059697726,0.3157894736842105,13.68421052631579,0.0,pre_weekend,False,False
2026.0,14.0,Madrid,22,2.224102928062339,0.0824864755442901,0.023316872744297067,0.045891898367377774,0.08428990159341156,0.7560700169395823,2.5034951575054056,0.36667753136755027,0.6666666666666666,0.9,True,2.5038696415882757,0.09875775170637993,0.04269698913934683,0.03187544097687712,0.10964034649053235,0.7368718238283457,3.237702978828984,0.20993696400528677,0.6666666666666666,0.9,False,2.637290602375057,0.09677796215897971,0.0257134275830703,0.06666033475940082,0.10419633362013424,0.7922077922077924,2.666475974632973,0.3044455544455545,0.3333333333333333,0.9,True,0.2222222222222222,0.9229011194325949,0.0,12.5,0.5555555555555556,post_quali,True,True
2026.0,14.0,Madrid,22,2.3732932529291473,0.0935504863544725,0.022734189073795284,0.07369924933539039,0.11479922531001452,0.7334839073969509,2.8593596826497953,0.3484700000000001,0.3333333333333333,0.8,True,2.5038696415882757,0.09875775170637993,0.04269698913934683,0.03187544097687712,0.10964034649053235,0.7368718238283457,3.237702978828984,0.20993696400528677,0.6666666666666666,0.9,False,2.6234865930540683,0.09660113614602016,0.028089321722401115,0.06906549533286027,0.12002629377518458,0.7673630717108978,2.7573855494615773,0.27058764741155306,0.3333333333333333,0.8,True,0.2222222222222222,0.9225807194993474,0.0,12.5,0.5555555555555556,pre_weekend,False,True
2026.0,15.0,Baku,22,2.990458954701833,0.13734363413593792,0.006995681278897229,0.09758201652267201,0.24330798902719672,0.6126482213438735,4.204582858468482,0.6601984124109621,0.3333333333333333,0.6,True,3.1049558091437905,0.1499056176721309,0.012044622157945916,0.0992020303457072,0.23397296981098242,0.48164878599661215,4.512462715160153,0.5452537335062589,0.6666666666666666,0.6,True,3.1807583867436757,0.13996880676798687,0.01849336390988067,0.08112986595014256,0.24379589303647994,0.6216826651609261,3.92710677181924,0.4078421578421579,0.3333333333333333,0.6,True,0.875,0.5828460601131907,0.0,11.8125,0.0625,post_quali,True,False
2026.0,15.0,Baku,22,3.1654799360079937,0.1364765436977644,0.039048414470823495,0.10580994366423901,0.2444418252595521,0.6589497459062676,4.06681282705024,0.15828666666666671,0.3333333333333333,0.7,False,3.1049558091437905,0.1499056176721309,0.012044622157945916,0.0992020303457072,0.23397296981098242,0.48164878599661215,4.512462715160153,0.5452537335062589,0.6666666666666666,0.6,True,3.2003481735876065,0.1429248086091081,0.039486513181401374,0.10092470417171984,0.24623030876243757,0.6352343308865049,4.063984281297235,0.13891665000999404,0.3333333333333333,0.7,False,0.875,0.577508204758449,0.0,11.8125,0.0625,pre_weekend,False,False
