year,round,mode,variant,rps,log_loss
2026,3,post_quali,known,0.07021606529925137,2.243217454603659
2026,3,post_quali,sd_mult,0.0713828302683801,2.26404241183487
2026,3,post_quali,param_unc,0.07033790318772994,2.244155572779659
2026,3,pre_weekend,known,0.08037884854579125,2.3648707029063463
2026,3,pre_weekend,sd_mult,0.08222797591645023,2.405481104221557
2026,3,pre_weekend,param_unc,0.08043990441991342,2.3647618062124214
2026,4,post_quali,known,0.10097907885965794,2.470438484367247
2026,4,post_quali,sd_mult,0.10093272643101203,2.474300206586461
2026,4,post_quali,param_unc,0.10126429796496099,2.4783692986251324
2026,4,pre_weekend,known,0.1219593599560863,2.7087963573050438
2026,4,pre_weekend,sd_mult,0.12170215295811265,2.7008514597145794
2026,4,pre_weekend,param_unc,0.12253923642291373,2.718050694004481
2026,5,post_quali,known,0.1691558814026133,3.1953672999511435
2026,5,post_quali,sd_mult,0.1691625597134763,3.1943664162622682
2026,5,post_quali,param_unc,0.16924419417834932,3.203390504356068
2026,5,pre_weekend,known,0.16135012155397238,3.053219941743201
2026,5,pre_weekend,sd_mult,0.16109004453953918,3.047164652584181
2026,5,pre_weekend,param_unc,0.1614056123876035,3.0590109397380796
2026,6,post_quali,known,0.17300331274458913,2.9961368855202952
2026,6,post_quali,sd_mult,0.17369659145222693,2.997915664853939
2026,6,post_quali,param_unc,0.1735386275669163,2.997751661571515
2026,6,pre_weekend,known,0.18657281465425776,3.1432175094236627
2026,6,pre_weekend,sd_mult,0.18649036273707417,3.1451969948038694
2026,6,pre_weekend,param_unc,0.187016881669372,3.1523145567355546
2026,7,post_quali,known,0.10503683976169677,2.6325180172479485
2026,7,post_quali,sd_mult,0.10469601617494408,2.5930653193049764
2026,7,post_quali,param_unc,0.10435695405323325,2.5864763410739418
2026,7,pre_weekend,known,0.11699096872306303,2.726768522576549
2026,7,pre_weekend,sd_mult,0.11554586570729806,2.6647951772962495
2026,7,pre_weekend,param_unc,0.11539483645263755,2.6630439641243333
2026,8,post_quali,known,0.06986809612346391,2.3327064682421867
2026,8,post_quali,sd_mult,0.0707864534410288,2.3377397079959064
2026,8,post_quali,param_unc,0.07069143675005317,2.340032887604075
2026,8,pre_weekend,known,0.07414638292406009,2.382987149856927
2026,8,pre_weekend,sd_mult,0.07518759856218515,2.390994165466816
2026,8,pre_weekend,param_unc,0.07512056150443848,2.3918923405611134
2026,9,post_quali,known,0.13097256277976588,2.717276702536132
2026,9,post_quali,sd_mult,0.131067245776858,2.7171736610542765
2026,9,post_quali,param_unc,0.13122529470856212,2.721906690180972
2026,9,pre_weekend,known,0.13114661605095695,2.8253908075942795
2026,9,pre_weekend,sd_mult,0.13121501549243175,2.8257372699297467
2026,9,pre_weekend,param_unc,0.13109942847578268,2.8374725258481805
2026,10,post_quali,known,0.07983550679988803,2.1171740404162693
2026,10,post_quali,sd_mult,0.08026478332141798,2.135723031990888
2026,10,post_quali,param_unc,0.08010328022192731,2.1280125500621665
2026,10,pre_weekend,known,0.07954570977201358,2.082552215111662
2026,10,pre_weekend,sd_mult,0.08013067622890341,2.099653107613717
2026,10,pre_weekend,param_unc,0.07984730790984916,2.0888125422613535
2026,11,post_quali,known,0.094933827111427,2.4427827864627782
2026,11,post_quali,sd_mult,0.09505378719902456,2.438517329078417
2026,11,post_quali,param_unc,0.09504112681362244,2.4485430115097904
2026,11,pre_weekend,known,0.11111014978954889,2.7244330496242224
2026,11,pre_weekend,sd_mult,0.11085297107761143,2.712164236882064
2026,11,pre_weekend,param_unc,0.11097666812144799,2.7186364297135044
2026,12,post_quali,known,0.10261694725899083,2.436913041708665
2026,12,post_quali,sd_mult,0.10257769023904656,2.4334915146556013
2026,12,post_quali,param_unc,0.10246442298817028,2.4335704961646467
2026,12,pre_weekend,known,0.10954053382036819,2.577696555883209
2026,12,pre_weekend,sd_mult,0.10943247138166,2.5696381073788603
2026,12,pre_weekend,param_unc,0.10919814580762637,2.5669829656927736
2026,13,post_quali,known,0.08758229603344292,2.2705767388595888
2026,13,post_quali,sd_mult,0.08704843987780526,2.2605127874682553
2026,13,post_quali,param_unc,0.086780609322095,2.2518082164801196
2026,13,pre_weekend,known,0.08850875950314446,2.2753532619724877
2026,13,pre_weekend,sd_mult,0.08840448856993365,2.2771255073985293
2026,13,pre_weekend,param_unc,0.08823396225583939,2.272436338901819
2026,14,post_quali,known,0.08137110429271664,2.1996428698702557
2026,14,post_quali,sd_mult,0.08143042308256722,2.198313290356005
2026,14,post_quali,param_unc,0.08130074063888483,2.2033271603386058
2026,14,pre_weekend,known,0.09263870344076035,2.3494148297268143
2026,14,pre_weekend,sd_mult,0.09266631992798981,2.3504004427845215
2026,14,pre_weekend,param_unc,0.09266473277560662,2.3572583689859683
2026,15,post_quali,known,0.14268364448056048,3.057951143980854
2026,15,post_quali,sd_mult,0.13989008623495766,2.987843104788064
2026,15,post_quali,param_unc,0.14033163580871538,3.000081901422509
2026,15,pre_weekend,known,0.14321125800913814,3.253945965714473
2026,15,pre_weekend,sd_mult,0.14227173279168376,3.2008471184515743
2026,15,pre_weekend,param_unc,0.14322120506585267,3.2417527022549546
