Driver,pred,actual,error,abs_error,grid,status
ANT,1,1,0,0,0,CLASSIFIED
PIA,5,2,3,3,0,CLASSIFIED
LEC,4,3,1,1,0,CLASSIFIED
RUS,2,4,-2,2,0,CLASSIFIED
NOR,6,5,1,1,0,CLASSIFIED
HAM,3,6,-3,3,0,CLASSIFIED
GAS,9,7,2,2,0,CLASSIFIED
VER,8,8,0,0,0,CLASSIFIED
LAW,11,9,2,2,0,CLASSIFIED
OCO,12,10,2,2,0,CLASSIFIED
HUL,16,11,5,5,0,CLASSIFIED
HAD,10,12,-2,2,0,CLASSIFIED
BOR,13,13,0,0,0,CLASSIFIED
LIN,7,14,-7,7,0,CLASSIFIED
SAI,17,15,2,2,0,CLASSIFIED
COL,15,16,-1,1,0,CLASSIFIED
PER,20,17,3,3,0,CLASSIFIED
ALO,21,18,3,3,0,CLASSIFIED
BOT,19,19,0,0,0,CLASSIFIED
ALB,18,20,-2,2,0,CLASSIFIED
STR,22,21,1,1,0,DNF_MID
BEA,14,22,-8,8,0,DNF_EARLY
