rank,Driver,Team,grid,win,podium,points,dnf,exp_pos,exp_pts,p10,p50,p90,pace_pct,pace_sd,stop1,stop2,stop3p,exp_stops,strategy,strategy_p,alt_strategies,first_stop_p50,first_stop_p25,first_stop_p75
1,VER,Red Bull Racing,5.701624249999998,0.17484875,0.4533285,0.8227957499999999,0.13881725,6.317722249999999,12.12920125,1,4,19,-0.7892750979628793,0.6762200081527489,0.214293,0.56272,0.17692349999999998,1.87460925,M-H,0.1092395893902891,M-H-M 8%; M-H-S 7%,14.0,11.0,17.0
2,ANT,Mercedes,5.1892190000000005,0.10925075,0.343958,0.84507975,0.0908045,6.421543749999999,10.581487749999999,1,5,16,-0.6108053059343815,0.6762200081527489,0.20616675,0.57882825,0.18525025,1.9239125,M-H,0.10889682142069555,M-H-M 8%; M-H-S 7%,14.0,11.0,17.0
3,LEC,Ferrari,5.866313500000001,0.13436675,0.39028274999999996,0.830534,0.1191295,6.460159999999998,11.200856500000002,1,4,19,-0.6967505899150812,0.6762200081527489,0.2107815,0.5693135,0.18045875,1.89503925,M-H,0.10922774687085104,M-H-M 8%; M-H-S 7%,14.0,11.0,17.0
4,RUS,Mercedes,5.412584,0.0875405,0.29291375000000003,0.83154375,0.09073925,6.806450249999999,9.703797,2,5,16,-0.5460759902383525,0.6762200081527489,0.206367,0.578568,0.185243,1.9236299999999997,M-H,0.10913728542665016,M-H-M 8%; M-H-S 7%,14.0,11.0,17.0
5,HAM,Ferrari,5.8386195,0.10734325,0.33514675,0.8193404999999999,0.11928775,6.8348645,10.291858750000001,1,5,19,-0.625669383962658,0.6762200081527489,0.21078125,0.569042,0.1805035,1.8946649999999998,M-H,0.10907648894403366,M-H-M 8%; M-H-S 7%,14.0,11.0,17.0
6,HAD,Red Bull Racing,5.81995775,0.12054825,0.35978675,0.807953,0.13890575,6.9115915,10.594924,1,5,19,-0.6694098878674027,0.6762200081527489,0.21357,0.56287625,0.17717475000000002,1.8749919999999998,M-H,0.10908445852472015,M-H-M 8%; M-H-S 7%,14.0,11.0,17.0
7,NOR,McLaren,5.9510292499999995,0.12941875,0.37072675,0.77929125,0.17402425,7.288721000000001,10.582279750000001,1,5,20,-0.7109020609491468,0.6762200081527489,0.21665625,0.55251,0.17205550000000003,1.84178625,M-H,0.10455694371172519,M-H-M 8%; M-H-S 7%,14.0,11.0,17.0
8,PIA,McLaren,5.9529425,0.10359625,0.319731,0.76934625,0.173842,7.636668,9.73484275,1,5,20,-0.6395125589987972,0.6762200081527489,0.21666075,0.55223,0.17232874999999998,1.842074,M-H,0.1045717042018597,M-H-M 8%; M-H-S 7%,14.0,11.0,17.0
9,LAW,Racing Bulls,10.357241499999999,0.00381525,0.02181725,0.56162225,0.101392,10.720601749999997,2.82404275,6,10,18,-0.02676159083629953,0.4394351503698504,0.20454825,0.57740075,0.18483275,1.9182615000000003,M-H,0.10410212239374678,M-H-M 8%; M-H-S 7%,14.0,11.0,17.0
10,LIN,Racing Bulls,10.34593125,0.00378475,0.021200499999999997,0.5563847500000001,0.101414,10.76096175,2.77907475,6,10,18,-0.020285803557323012,0.4394351503698504,0.20438825,0.57714525,0.18522249999999998,1.9186877500000001,M-H,0.1040687813965497,M-H-M 8%; M-H-S 7%,14.0,11.0,17.0
11,GAS,Alpine,9.76568575,0.0034045,0.01938925,0.53090625,0.119184,11.058599749999999,2.6056555,6,10,19,0.0016755968881235206,0.4394351503698504,0.207555,0.57100325,0.18207474999999998,1.90004275,M-H,0.10425049045430601,M-H-M 8%; M-H-S 7%,14.0,11.0,17.0
12,COL,Alpine,10.7779045,0.003349,0.018590000000000002,0.5212785,0.1193845,11.13122675,2.5284952499999997,6,10,19,-0.001675596888123576,0.4394351503698504,0.20793625,0.570756,0.18201525,1.899796,M-H,0.10449395905477475,M-H-M 8%; M-H-S 7%,14.0,11.0,17.0
13,HUL,Audi,12.52973325,0.0013135,0.00557675,0.25670275,0.1703215,13.4445595,0.9693497500000001,8,13,20,0.2420240910345215,0.4394351503698504,0.2155795,0.55368725,0.17312325,1.846334,M-H,0.10454742409258526,M-H-M 8%; M-H-S 7%,14.0,11.0,17.0
14,BOR,Audi,12.371493749999999,0.001254,0.0052752499999999996,0.24861,0.17070975,13.516753,0.92916975,8,13,20,0.2548349952938902,0.4394351503698504,0.21605775,0.55359875,0.17285275,1.8457402500000002,M-H,0.10461264919007549,M-H-M 8%; M-H-S 7%,14.0,11.0,17.0
15,BEA,Haas F1 Team,15.207987,0.00103375,0.003875,0.18596625,0.12639225,13.831307749999999,0.6572035,9,14,19,0.3238886808685758,0.4394351503698504,0.20384125,0.571649,0.18285525000000002,1.8999709999999999,M-H,0.0874065048072204,M-H-M 6%; M-H-S 6%,14.0,11.0,17.0
16,OCO,Haas F1 Team,15.2680385,0.001032,0.0039085,0.18584050000000002,0.126463,13.832832000000002,0.65697625,9,14,19,0.3229557090789048,0.4394351503698504,0.20312975,0.57209075,0.18292075,1.900359,M-H,0.08740471210721469,M-H-M 6%; M-H-S 6%,14.0,11.0,17.0
17,SAI,Williams,15.971967999999999,0.0008765,0.00316075,0.14968674999999998,0.2008465,14.604261999999999,0.5238272500000001,10,14,21,0.34738823728187573,0.4394351503698504,0.21559125,0.54644225,0.16968075,1.8213947499999998,M-H,0.08762177729309827,M-H-M 6%; M-H-S 6%,14.0,11.0,17.0
18,ALB,Williams,16.158472000000003,0.0055135,0.0142065,0.1520395,0.20103175,15.0313855,0.8454595,9,15,21,0.4842129190530138,0.8244840621699203,0.2157795,0.5456695,0.17010874999999998,1.8213367500000002,M-H,0.08764271921944333,M-H-M 6%; M-H-S 6%,14.0,11.0,17.0
19,PER,Cadillac,19.1913445,0.00220375,0.00492125,0.04276625,0.3073845,17.3070065,0.251335,13,18,21,0.876202344293454,0.8244840621699203,0.23215075,0.5071755,0.15112575,1.7031824999999998,M-H,0.08794634252337696,M-H-M 6%; M-H-S 6%,14.0,11.0,17.0
20,ALO,Aston Martin,19.79230225,0.00231375,0.0052855,0.047589,0.36923075,17.405286750000002,0.27649025,13,18,22,0.7962674564788922,0.8244840621699203,0.241753,0.482688,0.13993975,1.6299705000000002,M-H,0.08853752778849,M-H-M 6%; M-H-S 6%,14.0,11.0,17.0
21,STR,Aston Martin,19.888571999999996,0.00166925,0.0036965,0.030621999999999996,0.3696275,17.82391475,0.18323825000000002,14,18,22,0.955596754561698,0.8244840621699203,0.241869,0.48253575,0.140072,1.630123,M-H,0.08832634672356424,M-H-M 6%; M-H-S 6%,14.0,11.0,17.0
22,BOT,Cadillac,19.641036,0.00152325,0.00322275,0.024101,0.3079435,17.853581,0.15043450000000003,14,18,21,1.0860567026633254,0.8244840621699203,0.232494,0.5069845,0.150754,1.7020529999999998,M-H,0.08790683997621582,M-H-M 6%; M-H-S 6%,14.0,11.0,17.0
