Driver,Team,Round,Circuit,total_laps,race_laps,start_pos,end_pos,best_pos,worst_pos,pos_range,lap1_gain,pos_changes,pos_std,net_gained,gap_rate,gap_r2,gap_at_10,gap_at_half,gap_final,pace_trend,best_stint_pace,best_stint_deg,overtakes_made,positions_lost,overtake_ratio,n_stops,first_pit_lap,undercut_gain,n_compounds,pit_timing_delta
NOR,McLaren,1,Australian,58,58,6,5,5,9,4,-1,13,1.4317504167620718,1,0.8903701128918149,0.8191891068227979,12.21600000000035,25.269999999999527,51.74099999999999,0.147899507389172,83.05752380952383,-0.0395298701298703,4,4,1.0,2.0,11.0,-2.0,2.0,-1.0
GAS,Alpine,1,Australian,57,58,9,10,9,12,3,0,11,0.6887022411335365,-1,1.813632356753952,0.9652278455526452,16.582000000000335,48.72399999999925,112.3780000000006,-0.7056099616858211,85.86800000000001,-0.0677857142857146,5,5,1.0,1.0,11.0,-1.0,2.0,-1.0
PER,Cadillac,1,Australian,55,58,19,16,14,19,5,1,7,1.0957524358509998,3,4.741360894660894,0.984787884111868,35.58400000000074,117.26499999999942,257.1459999999988,-1.5974387470001354,86.90822222222224,0.3856499999999999,3,2,1.5,2.0,18.0,-1.0,3.0,6.0
ANT,Mercedes,1,Australian,58,58,7,2,2,7,5,1,7,1.4197637048524852,5,-0.1107234304346467,0.1621538033631495,2.829000000000633,6.881999999999607,2.97400000000016,0.3067512315271045,84.160875,-0.1602023809523805,6,1,6.0,1.0,12.0,-1.0,2.0,0.0
ALO,Aston Martin,1,Australian,22,58,10,18,10,19,9,-2,14,2.805375174576453,-8,68.67319311123657,0.7589888287229009,31.98300000000017,,1032.7299999999996,,87.02939999999998,0.4144999999999967,3,6,0.5,3.0,11.0,-3.0,1.0,-1.0
LEC,Ferrari,1,Australian,58,58,1,3,1,4,3,0,6,1.048145309793266,-2,0.3864740840997863,0.7398697693258468,0.0,14.669999999999163,15.519000000000233,0.4079310344827594,83.58103333333334,-0.0681443826473858,2,2,1.0,1.0,25.0,-3.0,2.0,13.0
STR,Aston Martin,1,Australian,43,58,20,17,17,20,3,0,3,1.221349398067346,3,32.668576562971914,0.6257843109301519,40.38000000000011,164.01699999999985,1327.2200000000012,-96.08948177339902,87.96900000000001,-0.0778214285714286,3,0,3.0,4.0,11.0,2.0,3.0,-1.0
ALB,Williams,1,Australian,57,58,12,12,10,14,4,-1,10,0.6161974100240124,0,2.4075342883069686,0.9770735835619426,23.06900000000041,62.24499999999989,139.42599999999948,-0.355193596059111,85.1524761904762,0.001022077922078,3,4,0.75,2.0,12.0,-2.0,3.0,0.0
VER,Red Bull Racing,1,Australian,58,58,16,6,5,16,11,2,14,2.578061380954406,10,0.8344295425882086,0.8490862132192613,15.844000000000053,28.46199999999953,54.61700000000019,-0.2543024630541931,82.94492857142858,0.0678351648351647,10,2,5.0,2.0,18.0,0.0,2.0,6.0
LAW,Racing Bulls,1,Australian,57,58,18,13,13,18,5,1,9,1.3334899657372024,5,2.304266139486646,0.9518251772719996,27.53900000000067,71.52299999999923,140.52399999999943,0.5055419813902473,84.5697142857143,0.0643649350649353,7,2,3.5,2.0,11.0,0.0,3.0,-1.0
OCO,Haas F1 Team,1,Australian,57,58,8,11,8,11,3,0,11,1.1358258011801663,-3,1.8624277288047688,0.969631843563568,14.839000000000851,49.66899999999987,113.20099999999913,-0.6501296661193243,85.6947142857143,-0.1683571428571433,4,5,0.8,1.0,11.0,-2.0,2.0,-1.0
LIN,Racing Bulls,1,Australian,57,58,5,8,4,8,4,0,9,1.246297775559039,-3,1.5775356494684938,0.9690143465870084,11.725000000000364,38.82099999999991,95.16699999999946,-0.6243488232074306,85.34897222222223,0.0062685971685972,3,6,0.5,1.0,18.0,-2.0,2.0,6.0
COL,Alpine,1,Australian,56,58,17,14,13,20,7,1,15,1.4012980994907414,3,2.844826760082026,0.9419627946150853,57.004000000000815,86.33099999999922,175.02599999999984,-0.7894395099153808,84.73514285714285,-0.1751785714285714,7,2,3.5,2.0,9.0,-3.0,2.0,-3.0
HAM,Ferrari,1,Australian,58,58,3,4,1,4,3,0,5,0.9689679930559356,-1,0.4320685348672658,0.6433299317026988,1.7780000000002474,20.919999999999163,16.144000000000233,0.3744078817733961,83.4154074074074,-0.122565934065934,2,1,2.0,1.0,28.0,-3.0,2.0,16.0
BOR,Audi,1,Australian,57,58,11,9,8,12,4,1,16,1.1665771537447052,2,1.585977702877884,0.9730667305250822,18.353000000000065,44.70699999999943,96.1260000000002,-0.0324825944170674,84.3779090909091,-0.0210181818181817,5,4,1.25,2.0,18.0,-1.0,2.0,6.0
SAI,Williams,1,Australian,56,58,13,15,12,15,3,-2,8,1.2520113687712535,-2,3.757787662337664,0.9222490272968494,24.52000000000044,62.98999999999978,203.42499999999927,-3.7553804176666254,84.48012499999999,0.1537023809523814,3,5,0.6,3.0,11.0,1.0,3.0,-1.0
HAD,Red Bull Racing,1,Australian,11,58,4,5,4,5,1,0,1,0.5270462766947299,-1,3.630854545454519,0.3311102880325844,9.399000000000342,,75.60099999999966,,85.41942857142855,-0.0262499999999999,0,1,0.0,0.0,,0.0,1.0,
RUS,Mercedes,1,Australian,58,58,2,1,1,3,2,0,5,0.8247898410575119,1,-0.1053883539942793,0.1899024237403444,0.8430000000007567,0.0,0.0,0.1110689655172417,84.47318604651164,-0.1314750830564785,3,2,1.5,1.0,12.0,-1.0,2.0,0.0
BOT,Cadillac,1,Australian,16,58,15,18,15,19,4,-4,13,1.334523278535216,-3,10.653885294117645,0.7909682042276971,37.85500000000047,,195.04399999999987,,89.10225,0.9065952380952376,3,3,1.0,1.0,12.0,-3.0,1.0,0.0
BEA,Haas F1 Team,1,Australian,57,58,14,7,7,14,7,3,13,1.5908179513652607,7,1.3420418719211855,0.9727537071723528,17.608000000000175,39.6909999999998,88.01000000000022,-0.3888414340448956,85.11863888888888,-0.0047468468468468,6,3,2.0,1.0,18.0,-1.0,2.0,6.0
GAS,Alpine,2,Chinese,56,56,5,6,5,10,5,0,13,1.518607530327975,-1,1.187052494873549,0.9660410530076362,17.26800000000003,30.188000000000105,59.70600000000013,-0.258977558839651,97.5235238095238,-0.0608495259703427,6,4,1.5,1.0,10.0,-4.0,2.0,0.0
PER,Cadillac,2,Chinese,55,56,17,15,12,17,5,0,20,1.057918673240963,2,2.998850216450218,0.8663320253990008,57.94999999999982,54.54200000000037,171.60599999999977,-4.006972316955093,100.16834146341463,0.002711149825784,8,6,1.3333333333333333,1.0,11.0,-3.0,2.0,1.0
ANT,Mercedes,2,Chinese,56,56,2,1,1,2,1,1,1,0.1336306209562122,1,-0.0012951127819546,0.0526315789473684,0.0,0.0,0.0,-0.005091133004925,96.23047619047618,-0.0283490803014342,1,0,1.0,1.0,10.0,0.0,2.0,0.0
ALO,Aston Martin,2,Chinese,32,56,10,17,10,17,7,-4,17,2.292167589436801,-7,1.7937492668621788,0.5637254725264051,51.96299999999974,56.30500000000029,105.89500000000044,,105.576,-0.4245571975916805,2,6,0.3333333333333333,2.0,31.0,,2.0,21.0
LEC,Ferrari,2,Chinese,56,56,3,4,2,7,5,-1,15,1.0529796929505495,-1,0.5805414217361644,0.8315681375797879,11.601999999999862,7.42699999999968,28.91400000000067,-0.910468527640975,96.84119047619048,-0.0206902195932257,6,6,1.0,1.0,10.0,-3.0,2.0,0.0
STR,Aston Martin,2,Chinese,10,56,16,16,16,16,0,0,0,0.0,0,5.878957575757622,0.7362805549199448,82.61200000000008,,82.61200000000008,,101.23257142857145,-0.1478928571428553,0,0,0.0,0.0,,0.0,1.0,
HUL,Audi,2,Chinese,55,56,15,11,8,16,8,2,28,2.1124929023848256,4,2.349947041847043,0.848208321227673,31.889000000000124,31.747999999999596,118.13500000000022,-2.9271005010315467,97.43364705882352,0.0468970588235297,12,6,2.0,1.0,35.0,-8.0,2.0,25.0
VER,Red Bull Racing,2,Chinese,45,56,13,13,6,15,9,3,24,2.814644244344607,0,0.8912492753623177,0.414693568200315,65.60099999999966,24.824999999999815,106.77300000000014,-2.37248071814932,99.18075,-0.3100685483870967,9,3,3.0,2.0,9.0,-4.0,2.0,-1.0
LAW,Racing Bulls,2,Chinese,56,56,7,7,7,14,7,0,14,2.075131039517464,0,1.4020737183868772,0.8451256191255958,64.09500000000025,33.74200000000019,80.6239999999998,-1.2160238095238225,99.06886363636364,-0.185660606060606,7,3,2.333333333333333,1.0,9.0,-5.0,2.0,-1.0
OCO,Haas F1 Team,2,Chinese,55,56,9,14,3,16,13,1,31,3.8619267360319145,-5,3.2643854256854263,0.8652358901437676,24.394000000000236,30.09599999999955,163.22099999999955,-4.305868573954807,96.57683333333334,-0.0941428571428551,9,10,0.9,2.0,29.0,-7.0,3.0,19.0
LIN,Racing Bulls,2,Chinese,55,56,8,12,6,14,8,-1,20,2.230036764957917,-4,2.4594158730158773,0.904151404314048,29.253999999999905,50.02499999999964,119.79299999999968,-2.1157467685571367,96.6927,0.1774606060606068,6,11,0.5454545454545454,1.0,42.0,-2.0,2.0,32.0
COL,Alpine,2,Chinese,55,56,6,10,2,13,11,0,20,3.0548300332402345,-4,2.220253968253972,0.8966607017013473,21.19400000000041,30.36999999999989,109.42799999999988,-1.866643530798716,97.64685,0.0970789473684209,5,7,0.7142857142857143,1.0,32.0,-5.0,2.0,22.0
HAM,Ferrari,2,Chinese,56,56,1,3,1,5,4,-1,14,0.8200015837805421,-2,0.547315686944634,0.8715318496901665,8.57800000000043,8.681999999999789,25.288000000000466,-0.641992063492077,96.79273809523812,-0.0297913459201037,5,6,0.8333333333333334,1.0,10.0,-2.0,2.0,0.0
SAI,Williams,2,Chinese,55,56,11,9,9,16,7,0,14,1.9222251415870864,2,1.8416598845598904,0.8494789552261657,68.66499999999996,39.78999999999997,108.63800000000084,-2.020299482127075,99.72848837209304,-0.1617795228027785,8,4,2.0,1.0,9.0,-2.0,2.0,-1.0
HAD,Red Bull Racing,2,Chinese,56,56,18,8,8,18,10,0,10,3.705909636481472,10,0.9296949419002078,0.4418525427164193,75.32800000000043,35.3769999999995,87.32600000000093,-2.9388730158730354,98.16132558139536,-0.037421926910299,8,0,8.0,2.0,1.0,,2.0,-9.0
RUS,Mercedes,2,Chinese,56,56,4,2,2,6,4,1,10,1.0488088481701516,2,0.1425652084757351,0.73760188157498,7.317000000000007,7.9099999999998545,5.60399999999936,0.1616135741652946,96.39111627906978,-0.0552565690123829,5,3,1.6666666666666667,1.0,10.0,-2.0,2.0,0.0
BOT,Cadillac,2,Chinese,55,56,14,13,12,16,4,-1,15,0.8520128672302584,1,2.733539826839826,0.8912260520957606,55.63900000000013,53.13199999999961,153.1219999999994,-2.955600290514085,99.7799761904762,-0.0262488453123733,7,4,1.75,1.0,10.0,-1.0,2.0,0.0
BEA,Haas F1 Team,2,Chinese,56,56,12,5,5,12,7,0,9,2.5418573840872662,7,0.9314702323991808,0.8176981983545204,34.57800000000043,22.827000000000226,57.29299999999967,-1.2372504105090338,97.53337209302325,-0.0456982784657204,6,1,6.0,1.0,10.0,-1.0,2.0,0.0
NOR,McLaren,3,Japanese,53,53,3,5,3,8,5,-1,10,1.2125373125795667,-2,0.29587655216899167,0.3041936242501848,3.894000000000233,8.501000000000204,23.435999999999694,-0.025630427350410656,95.42876923076923,-0.01809340659340663,3,5,0.6,1.0,16.0,-3.0,2.0,-5.0
GAS,Alpine,3,Japanese,53,53,7,7,4,8,4,0,8,0.8582393290969068,0,0.3958820351556174,0.5987210292059363,10.425000000000182,9.78399999999965,32.29399999999987,-0.7231993162393071,95.80874074074076,-0.3758705738705739,4,2,2.0,1.0,22.0,-3.0,2.0,1.0
PER,Cadillac,3,Japanese,53,53,18,17,17,19,2,-1,5,0.6620546809596256,1,0.938500564425089,0.32922001102314025,36.75300000000061,22.516999999999825,92.41399999999885,-1.6175861050061051,98.09316666666666,0.021012383900928723,3,2,1.5,1.0,21.0,1.0,2.0,0.0
ANT,Mercedes,3,Japanese,53,53,6,1,1,6,5,1,7,1.7024698186191565,5,-0.10424592807611888,0.6462095488330653,4.361000000000786,0.0,0.0,-0.1554577777777837,93.00342307692307,-3.6581196581074885e-05,6,1,6.0,1.0,22.0,0.0,2.0,1.0
ALO,Aston Martin,3,Japanese,52,53,20,18,18,21,3,0,4,0.9809651417616391,2,1.2740236916246834,0.3787799759255415,42.71300000000065,25.770000000000437,120.57200000000012,-2.0676140170939896,98.46316666666668,-0.008779153766769812,3,1,3.0,2.0,21.0,1.0,2.0,0.0
LEC,Ferrari,3,Japanese,53,53,2,3,2,7,5,0,13,1.3515029530935587,-1,0.2241563457506744,0.23698550335830704,3.318000000000211,6.054000000000087,15.206999999998516,0.08634859584862209,95.39164285714287,-0.0036417582417579836,5,5,1.0,1.0,17.0,-4.0,2.0,-4.0
STR,Aston Martin,3,Japanese,30,53,22,20,19,22,3,1,4,0.8087168778415269,2,0.4875145717463874,0.02612747767783104,41.71700000000055,24.105000000000473,24.202000000000226,,98.38322222222222,0.008840041279669955,3,1,3.0,3.0,21.0,1.0,2.0,0.0
ALB,Williams,3,Japanese,51,53,17,20,13,20,7,0,13,1.4400435723255316,-3,1.6963747511312142,0.369449967611559,30.33300000000054,21.576000000000022,192.01599999999962,-5.251530769230753,97.07668421052631,-0.052938596491228014,4,5,0.8,6.0,22.0,-4.0,3.0,1.0
HUL,Audi,3,Japanese,53,53,19,11,9,19,10,1,18,2.620257136253441,8,0.45815763586517355,0.29690192823971645,28.53900000000067,16.077000000000226,52.250999999998385,-1.2649668620268237,94.80011538461538,-0.0758307692307692,11,3,3.6666666666666665,1.0,23.0,-3.0,2.0,2.0
VER,Red Bull Racing,3,Japanese,53,53,10,8,5,10,5,1,10,0.8488872593578873,2,0.311066440896624,0.405604633108312,15.080000000000837,10.524999999999636,32.634000000000015,-0.8062855189255138,95.79388888888889,-0.3768894993894991,6,3,2.0,1.0,22.0,-2.0,2.0,1.0
LAW,Racing Bulls,3,Japanese,53,53,12,9,9,12,3,0,5,1.3984752219109866,3,0.46894831478793314,0.29470417168338625,21.53400000000056,11.970000000000255,50.115999999999985,-1.0670702319902126,96.38785185185185,-0.36683943833943833,3,1,3.0,1.0,22.0,0.0,2.0,1.0
OCO,Haas F1 Team,3,Japanese,53,53,11,10,9,14,5,1,11,1.1773133667062707,1,0.5485910337042345,0.29319067973253493,17.428000000000793,15.24200000000019,51.19499999999971,-0.6179803907203776,96.50481250000001,0.05028382352941172,5,1,5.0,1.0,19.0,-5.0,2.0,-2.0
LIN,Racing Bulls,3,Japanese,53,53,9,14,8,16,8,1,13,2.3033704086571714,-5,0.7142221415900641,0.365375517666757,18.6200000000008,17.884000000000015,59.80199999999968,-0.48238490842489345,96.8304,0.01733571428571398,3,5,0.6,1.0,18.0,-6.0,2.0,-3.0
COL,Alpine,3,Japanese,53,53,14,16,13,17,4,1,6,1.4419085078942704,-2,0.7227772939848347,0.3428548635993036,22.382000000000517,20.109999999999673,65.72099999999955,-0.6519169963369653,96.77085714285712,0.01272087912087877,2,2,1.0,1.0,17.0,-4.0,2.0,-4.0
HAM,Ferrari,3,Japanese,53,53,5,6,2,6,4,-1,13,1.324657307054196,-1,0.30799500080631864,0.5674628164899765,6.268000000000029,4.181999999999789,25.029999999998836,-0.8895622466422353,95.28657894736841,-0.03294210526315829,6,6,1.0,1.0,22.0,-1.0,2.0,1.0
BOR,Audi,3,Japanese,53,53,13,13,10,15,5,-2,12,1.5008463988420906,0,0.6217719722625242,0.41303807323654335,23.163000000000466,13.131000000000313,59.08099999999831,-1.3431236630036079,96.67688888888888,-0.3818632478632477,5,5,1.0,1.0,22.0,0.0,2.0,1.0
SAI,Williams,3,Japanese,53,53,15,15,12,17,5,-1,10,0.9686673322563072,0,0.6504301725528103,0.39566142291674045,27.86200000000008,19.57800000000043,64.96399999999994,-1.2274748717948594,96.656,-0.3425256410256408,4,3,1.3333333333333333,1.0,22.0,-3.0,2.0,1.0
HAD,Red Bull Racing,3,Japanese,53,53,8,12,8,15,7,-3,14,1.2300660182643957,-4,0.6179197710046676,0.3346876465643658,19.1850000000004,17.03399999999965,56.09099999999853,-0.6124732844932723,96.752625,0.02341764705882383,4,4,1.0,1.0,19.0,-5.0,2.0,-2.0
RUS,Mercedes,3,Japanese,53,53,4,4,1,5,4,1,16,1.2074394454852748,0,0.3382245605547375,0.6398696899171274,0.8200000000006185,1.8270000000002256,15.697999999998501,-0.46170139194137594,95.00005555555555,0.009377708978328105,7,6,1.1666666666666667,1.0,21.0,-2.0,2.0,0.0
BOT,Cadillac,3,Japanese,52,53,21,19,19,22,3,-1,4,1.0362945940567247,2,1.4544697771706618,0.3058617699191227,44.53100000000086,70.73800000000028,136.6880000000001,0.5021500854700909,98.9706875,0.10937499999999964,3,1,3.0,1.0,19.0,1.0,2.0,-2.0
PIA,McLaren,3,Japanese,53,53,1,2,1,6,5,0,11,1.0533656061145806,-1,0.2664813739719337,0.38448264861578896,0.0,1.0360000000000582,13.679999999998472,-0.11640537240535298,95.08993333333333,-0.016757142857143033,4,3,1.3333333333333333,1.0,18.0,-5.0,2.0,-3.0
BEA,Haas F1 Team,3,Japanese,21,53,16,18,14,19,5,2,8,1.6026294183720635,-2,3.4824584415584257,0.7380267927451452,24.239000000000487,,115.42599999999948,,96.90492307692308,-0.02496153846153842,3,3,1.0,1.0,16.0,-4.0,2.0,-5.0
