config,mode,year,round,n,rmse,mae,spearman
default,post_quali,2025,3,20,0.235624602012536,0.18412865717926175,0.8601503759398496
default,post_quali,2025,4,20,0.3013218819018538,0.2481280922096271,0.849624060150376
default,post_quali,2025,5,18,0.2924617662144612,0.2213867525869377,0.9236326109391124
default,post_quali,2025,6,16,0.45237083474611034,0.384074323199619,0.6882352941176471
default,post_quali,2025,7,20,0.3253472714360976,0.2585130791196677,0.7729323308270677
default,post_quali,2025,8,19,0.9072890457614523,0.7515424212357835,0.7596491228070175
default,post_quali,2025,9,19,0.2999830941058487,0.22664590563638395,0.8736842105263157
default,post_quali,2025,10,20,0.43895860081595167,0.3085896704118958,0.7639097744360903
default,post_quali,2025,11,17,0.42618119421367423,0.349175357412705,0.6225490196078433
default,post_quali,2025,14,20,0.42258506309261185,0.3697514616288415,0.6781954887218045
default,post_quali,2025,15,20,0.3596090962527271,0.2693828193505125,0.8766917293233082
default,post_quali,2025,16,19,0.22586358537744175,0.19605856560050244,0.9157894736842105
default,post_quali,2025,17,19,0.5202224628978294,0.4076000176881156,0.7684210526315789
default,post_quali,2025,18,20,0.35551538931138166,0.313340050783891,0.8887218045112781
default,post_quali,2025,19,19,0.23235381238830366,0.18720629416853457,0.863157894736842
default,post_quali,2025,20,19,0.3427532115738609,0.3076056660592686,0.8596491228070176
default,post_quali,2025,21,18,0.3759391505027463,0.2745584452473252,0.5128998968008256
default,post_quali,2025,22,18,0.3364331087234697,0.2928228280435514,0.8183694530443757
default,post_quali,2025,23,19,0.3763340565623455,0.30176812782639795,0.8543859649122807
default,post_quali,2025,24,20,0.2826046300699493,0.2223782358114022,0.5864661654135337
default,post_quali,2026,3,22,0.23246968981234536,0.17168458820616986,0.9627329192546585
default,post_quali,2026,4,18,0.4556940024000512,0.3465956202103116,0.9277605779153767
default,post_quali,2026,5,20,0.8781699108367593,0.6101994190623535,0.8781954887218045
default,post_quali,2026,6,21,0.757472758178397,0.5959057029634264,0.8896103896103895
default,post_quali,2026,7,21,0.399888953408612,0.3177404868793969,0.9519480519480519
default,post_quali,2026,8,20,0.4252333365490533,0.3742506318520563,0.9548872180451128
default,post_quali,2026,9,22,0.4079050875192349,0.34252701099467225,0.9875776397515529
default,post_quali,2026,10,20,0.3601439681638862,0.27772107347062625,0.9759398496240601
default,post_quali,2026,11,22,0.7572400465309638,0.49437480285095164,0.8814229249011858
default,post_quali,2026,13,21,0.4694456342056018,0.38057416131883254,0.9688311688311689
default,post_quali,2026,14,21,0.438669550564857,0.32544953066490123,0.9662337662337662
default,post_quali,2026,15,21,0.47900282321256415,0.40116713555161543,0.8844155844155844
default,pre_weekend,2025,3,20,0.29142016794768455,0.23920871868920482,0.837593984962406
default,pre_weekend,2025,4,20,0.35588014768317305,0.30323741562089174,0.7699248120300751
default,pre_weekend,2025,5,18,0.37617357432823134,0.2828914598198464,0.8101135190918473
default,pre_weekend,2025,6,16,0.5032406143544149,0.4334264559661302,0.6176470588235293
default,pre_weekend,2025,7,20,0.3287951143355044,0.26300047666039383,0.7548872180451127
default,pre_weekend,2025,8,19,1.0265704487860636,0.8741504948250951,0.6859649122807018
default,pre_weekend,2025,9,19,0.38198743585634165,0.30349878704567745,0.6807017543859648
default,pre_weekend,2025,10,20,0.4705780284976173,0.31432262344537054,0.7127819548872181
default,pre_weekend,2025,11,17,0.3911731601213564,0.30387546939765586,0.6102941176470589
default,pre_weekend,2025,14,20,0.5245959756758536,0.43781704382747544,0.5157894736842105
default,pre_weekend,2025,15,20,0.39996044669153635,0.3091559602603971,0.8796992481203006
default,pre_weekend,2025,16,19,0.22032773361229568,0.17291741971138896,0.8526315789473684
default,pre_weekend,2025,17,19,0.5569723245439362,0.44767403824845964,0.6719298245614035
default,pre_weekend,2025,18,20,0.39422792383992483,0.34226256789516907,0.819548872180451
default,pre_weekend,2025,19,19,0.27314203669899517,0.20940822030928197,0.8543859649122807
default,pre_weekend,2025,20,19,0.3135630381914843,0.25192573515496364,0.8245614035087718
default,pre_weekend,2025,21,18,0.41590215941824904,0.29991347567230237,0.40350877192982454
default,pre_weekend,2025,22,18,0.3442635354828692,0.30113698439394143,0.7997936016511867
default,pre_weekend,2025,23,19,0.44478325604064367,0.34439101365941205,0.7701754385964912
default,pre_weekend,2025,24,20,0.284787146922857,0.21883026772836994,0.6075187969924812
default,pre_weekend,2026,3,22,0.4595194013469825,0.33613631803102306,0.9288537549407117
default,pre_weekend,2026,4,18,0.5815619285081168,0.4420395711507463,0.8493292053663571
default,pre_weekend,2026,5,20,0.9550914834734973,0.7000120804372685,0.8721804511278194
default,pre_weekend,2026,6,21,0.7818303702795543,0.6191669306120046,0.8324675324675326
default,pre_weekend,2026,7,21,0.5880874593099951,0.48422184423847286,0.9337662337662337
default,pre_weekend,2026,8,20,0.5134761717389633,0.41848678820232726,0.9233082706766916
default,pre_weekend,2026,9,22,0.4108486994649878,0.315705051376276,0.9864483342744214
default,pre_weekend,2026,10,20,0.4463399278433001,0.34148880791610026,0.9639097744360902
default,pre_weekend,2026,11,22,0.7701166036515208,0.5400779945099295,0.8610954263128179
default,pre_weekend,2026,13,21,0.4456692454114072,0.3510387883308573,0.9493506493506494
default,pre_weekend,2026,14,21,0.5055394419139314,0.3833759730647313,0.9506493506493506
default,pre_weekend,2026,15,21,0.5000158779676749,0.42785276824815793,0.8441558441558441
team_carry_0.10,post_quali,2025,3,20,0.22990137419919265,0.1799501195570004,0.8781954887218045
team_carry_0.10,post_quali,2025,4,20,0.2969910486908531,0.24706533536432063,0.837593984962406
team_carry_0.10,post_quali,2025,5,18,0.2890754892662508,0.2176258315374655,0.9236326109391124
team_carry_0.10,post_quali,2025,6,16,0.4538177124547868,0.38031945737499,0.6882352941176471
team_carry_0.10,post_quali,2025,7,20,0.3286237061193931,0.26084524953843835,0.7729323308270677
team_carry_0.10,post_quali,2025,8,19,0.8955499899898213,0.7492900780261562,0.7649122807017543
team_carry_0.10,post_quali,2025,9,19,0.30207558711717314,0.23136159185729094,0.8649122807017543
team_carry_0.10,post_quali,2025,10,20,0.44318975771535196,0.3148221989301251,0.7639097744360903
team_carry_0.10,post_quali,2025,11,17,0.42310082992843584,0.3465615914051772,0.6225490196078433
team_carry_0.10,post_quali,2025,14,20,0.4209815881600056,0.36681017538230054,0.6932330827067669
team_carry_0.10,post_quali,2025,15,20,0.3536648593124727,0.2617322272671701,0.875187969924812
team_carry_0.10,post_quali,2025,16,19,0.23077604368039387,0.19981483177409137,0.9140350877192982
team_carry_0.10,post_quali,2025,17,19,0.5128764969018274,0.40233778438470436,0.7473684210526316
team_carry_0.10,post_quali,2025,18,20,0.35511293873697874,0.31092607489345936,0.8887218045112781
team_carry_0.10,post_quali,2025,19,19,0.22964945389670083,0.18915592229655914,0.856140350877193
team_carry_0.10,post_quali,2025,20,19,0.3349144377853186,0.3002066076958325,0.8666666666666666
team_carry_0.10,post_quali,2025,21,18,0.3807930317654856,0.2727911464739645,0.543859649122807
team_carry_0.10,post_quali,2025,22,18,0.3296161710607162,0.28756459771258197,0.8183694530443757
team_carry_0.10,post_quali,2025,23,19,0.3753692335309034,0.30185457400158827,0.8543859649122807
team_carry_0.10,post_quali,2025,24,20,0.2848877819459003,0.22480485299399056,0.6285714285714286
team_carry_0.10,post_quali,2026,3,22,0.23663916695228274,0.1864077433155252,0.9593450028232637
team_carry_0.10,post_quali,2026,4,18,0.4609469133518777,0.3532479370208814,0.9195046439628484
team_carry_0.10,post_quali,2026,5,20,0.8648199562437924,0.5983725939899166,0.8857142857142858
team_carry_0.10,post_quali,2026,6,21,0.7720968220256317,0.5993818769761109,0.8922077922077922
team_carry_0.10,post_quali,2026,7,21,0.3938631532450147,0.30369449176349644,0.9532467532467532
team_carry_0.10,post_quali,2026,8,20,0.45948387976077754,0.40178944619152146,0.9593984962406013
team_carry_0.10,post_quali,2026,9,22,0.4054095572318134,0.3391031292835829,0.9875776397515529
team_carry_0.10,post_quali,2026,10,20,0.3522401572475545,0.2696589472340921,0.9774436090225563
team_carry_0.10,post_quali,2026,11,22,0.7180495155487108,0.4765755550923954,0.8802936194240545
team_carry_0.10,post_quali,2026,13,21,0.46896882393877637,0.38605829131913905,0.9675324675324675
team_carry_0.10,post_quali,2026,14,21,0.45306090914355107,0.33509419450244093,0.9662337662337662
team_carry_0.10,post_quali,2026,15,21,0.5115997333071532,0.41940338953139483,0.8818181818181818
team_carry_0.10,pre_weekend,2025,3,20,0.2779123894999056,0.2295268779927741,0.8526315789473683
team_carry_0.10,pre_weekend,2025,4,20,0.3492674710740089,0.29370473009759857,0.7563909774436091
team_carry_0.10,pre_weekend,2025,5,18,0.37568148419045566,0.27986540738318827,0.8183694530443757
team_carry_0.10,pre_weekend,2025,6,16,0.5038962712059769,0.42754320483606256,0.6352941176470589
team_carry_0.10,pre_weekend,2025,7,20,0.3326031255940842,0.26516439792509383,0.7563909774436091
team_carry_0.10,pre_weekend,2025,8,19,1.0194997477796064,0.8689633389130487,0.7052631578947368
team_carry_0.10,pre_weekend,2025,9,19,0.38545775778881103,0.3064373008323835,0.6701754385964912
team_carry_0.10,pre_weekend,2025,10,20,0.4697462488739834,0.3169927756280423,0.6992481203007518
team_carry_0.10,pre_weekend,2025,11,17,0.39317295955975007,0.30691029346022264,0.607843137254902
team_carry_0.10,pre_weekend,2025,14,20,0.522896617607591,0.4349879765120657,0.5022556390977443
team_carry_0.10,pre_weekend,2025,15,20,0.3990732160301029,0.30762771786692944,0.8766917293233082
team_carry_0.10,pre_weekend,2025,16,19,0.21945489342262398,0.17487404554769093,0.8578947368421052
team_carry_0.10,pre_weekend,2025,17,19,0.5508735508940009,0.4435139200239592,0.6982456140350877
team_carry_0.10,pre_weekend,2025,18,20,0.393999082254145,0.34055115354419097,0.8240601503759398
team_carry_0.10,pre_weekend,2025,19,19,0.2851591199883566,0.22351893997362807,0.856140350877193
team_carry_0.10,pre_weekend,2025,20,19,0.3088085018603415,0.24840901881984107,0.8280701754385964
team_carry_0.10,pre_weekend,2025,21,18,0.4169885303391868,0.3039555560832605,0.40350877192982454
team_carry_0.10,pre_weekend,2025,22,18,0.33956441653380826,0.2968092575336393,0.7894736842105263
team_carry_0.10,pre_weekend,2025,23,19,0.4487566136777901,0.3489920893988728,0.7754385964912281
team_carry_0.10,pre_weekend,2025,24,20,0.28578672920013326,0.21860680727044496,0.6105263157894737
team_carry_0.10,pre_weekend,2026,3,22,0.43272580422127754,0.3082026692723688,0.9277244494635801
team_carry_0.10,pre_weekend,2026,4,18,0.5772238026532467,0.43973316931501594,0.8555211558307534
team_carry_0.10,pre_weekend,2026,5,20,0.9356023887489997,0.6898975850467736,0.8646616541353382
team_carry_0.10,pre_weekend,2026,6,21,0.773226452657881,0.610082821686816,0.8597402597402597
team_carry_0.10,pre_weekend,2026,7,21,0.5836083950103172,0.4890341113476487,0.9571428571428571
team_carry_0.10,pre_weekend,2026,8,20,0.5124115713997199,0.4249684042989109,0.9127819548872179
team_carry_0.10,pre_weekend,2026,9,22,0.40887715811929926,0.32157646421439323,0.9830604178430267
team_carry_0.10,pre_weekend,2026,10,20,0.44130671990784254,0.3259953184561602,0.9684210526315788
team_carry_0.10,pre_weekend,2026,11,22,0.7333118437705813,0.5220021528178804,0.8644833427442123
team_carry_0.10,pre_weekend,2026,13,21,0.43202324875123044,0.34143053273045904,0.9545454545454546
team_carry_0.10,pre_weekend,2026,14,21,0.5308043740593646,0.39438614655786725,0.9324675324675323
team_carry_0.10,pre_weekend,2026,15,21,0.539204765838092,0.4519295024142301,0.8363636363636363
team_carry_0.50,post_quali,2025,3,20,0.23394083820514222,0.1843136976821506,0.8706766917293233
team_carry_0.50,post_quali,2025,4,20,0.3034055834285282,0.25129595884870565,0.8601503759398496
team_carry_0.50,post_quali,2025,5,18,0.29521445009689357,0.22055218651975497,0.9256965944272446
team_carry_0.50,post_quali,2025,6,16,0.45543755887144793,0.38763900572771604,0.7029411764705883
team_carry_0.50,post_quali,2025,7,20,0.3273575808975398,0.2634630669342444,0.793984962406015
team_carry_0.50,post_quali,2025,8,19,0.8985739790458139,0.7488756381164683,0.7719298245614035
team_carry_0.50,post_quali,2025,9,19,0.2980493151257461,0.2206169978177724,0.8736842105263157
team_carry_0.50,post_quali,2025,10,20,0.4364637169389282,0.3061359978612827,0.7639097744360903
team_carry_0.50,post_quali,2025,11,17,0.4272388165082581,0.3508070727621273,0.6225490196078433
team_carry_0.50,post_quali,2025,14,20,0.4235906842103201,0.3693183629520845,0.6932330827067669
team_carry_0.50,post_quali,2025,15,20,0.3576182566891526,0.26935454297873185,0.8676691729323308
team_carry_0.50,post_quali,2025,16,19,0.23112686698706017,0.20044744293218256,0.9157894736842105
team_carry_0.50,post_quali,2025,17,19,0.5252019116223449,0.4147085106733267,0.7684210526315789
team_carry_0.50,post_quali,2025,18,20,0.3576793448367929,0.31587020457666387,0.8872180451127819
team_carry_0.50,post_quali,2025,19,19,0.2293172670138528,0.18626127808930992,0.863157894736842
team_carry_0.50,post_quali,2025,20,19,0.3386560221167595,0.3040808801498103,0.8596491228070176
team_carry_0.50,post_quali,2025,21,18,0.3830878563054691,0.2837413261744575,0.5128998968008256
team_carry_0.50,post_quali,2025,22,18,0.33784791354515586,0.2949708951051065,0.8183694530443757
team_carry_0.50,post_quali,2025,23,19,0.38080873157913153,0.30622480446280764,0.8543859649122807
team_carry_0.50,post_quali,2025,24,20,0.2827812451498982,0.22258273887449936,0.6060150375939849
team_carry_0.50,post_quali,2026,3,22,0.25699250306959526,0.1903317481163442,0.953698475437606
team_carry_0.50,post_quali,2026,4,18,0.46312465226468247,0.34057151675483177,0.9504643962848297
team_carry_0.50,post_quali,2026,5,20,0.9181738681935472,0.6614368554024586,0.8766917293233082
team_carry_0.50,post_quali,2026,6,21,0.7864142126676175,0.608305430951687,0.9077922077922078
team_carry_0.50,post_quali,2026,7,21,0.4031415305938772,0.3096340332158942,0.9532467532467532
team_carry_0.50,post_quali,2026,8,20,0.4287103443178226,0.3700393472689601,0.9428571428571428
team_carry_0.50,post_quali,2026,9,22,0.42549442111840774,0.34649885858625273,0.9920948616600791
team_carry_0.50,post_quali,2026,10,20,0.3695736595496349,0.2867665804622275,0.9774436090225563
team_carry_0.50,post_quali,2026,11,22,0.7756005583594008,0.49940067039412733,0.8859401468097121
team_carry_0.50,post_quali,2026,13,21,0.46127630893935057,0.37416923164557236,0.9636363636363635
team_carry_0.50,post_quali,2026,14,21,0.4420903764084957,0.32844734662548436,0.9636363636363635
team_carry_0.50,post_quali,2026,15,21,0.522673402616692,0.4318819714967014,0.896103896103896
team_carry_0.50,pre_weekend,2025,3,20,0.30090729088932916,0.2494240159102719,0.8210526315789473
team_carry_0.50,pre_weekend,2025,4,20,0.3605847628104678,0.31020286287797344,0.7654135338345864
team_carry_0.50,pre_weekend,2025,5,18,0.37405032572530317,0.283156960817024,0.8224974200206397
team_carry_0.50,pre_weekend,2025,6,16,0.5047575721533517,0.43186077978403853,0.6147058823529412
team_carry_0.50,pre_weekend,2025,7,20,0.33499892360010325,0.2665525007307574,0.7563909774436091
team_carry_0.50,pre_weekend,2025,8,19,1.0241826224896744,0.8733605254252574,0.6912280701754386
team_carry_0.50,pre_weekend,2025,9,19,0.3782768604646695,0.3010767961377175,0.6789473684210526
team_carry_0.50,pre_weekend,2025,10,20,0.463103031811592,0.30895112465488445,0.7172932330827068
team_carry_0.50,pre_weekend,2025,11,17,0.38259680963069265,0.29559979799791986,0.5637254901960785
team_carry_0.50,pre_weekend,2025,14,20,0.5265174947214806,0.43824824508949006,0.49323308270676686
team_carry_0.50,pre_weekend,2025,15,20,0.3974131042262105,0.3084610243031479,0.8887218045112781
team_carry_0.50,pre_weekend,2025,16,19,0.22242005215477734,0.1779371440242381,0.8526315789473684
team_carry_0.50,pre_weekend,2025,17,19,0.5599245518741469,0.4514984743510532,0.6754385964912282
team_carry_0.50,pre_weekend,2025,18,20,0.38948889684064963,0.33878095796586777,0.8300751879699247
team_carry_0.50,pre_weekend,2025,19,19,0.2848502128485902,0.22146570526862208,0.8368421052631579
team_carry_0.50,pre_weekend,2025,20,19,0.31658208919563224,0.2553958451621904,0.8280701754385964
team_carry_0.50,pre_weekend,2025,21,18,0.4229219884798149,0.307637488333267,0.4117647058823529
team_carry_0.50,pre_weekend,2025,22,18,0.3447871533735338,0.30245794417230204,0.7894736842105263
team_carry_0.50,pre_weekend,2025,23,19,0.4461765340259073,0.34342506354297003,0.7736842105263159
team_carry_0.50,pre_weekend,2025,24,20,0.283816778290239,0.2201146085406863,0.6105263157894737
team_carry_0.50,pre_weekend,2026,3,22,0.5219949244132732,0.395794008087106,0.9254658385093169
team_carry_0.50,pre_weekend,2026,4,18,0.6056413294902379,0.4550499311517068,0.8493292053663571
team_carry_0.50,pre_weekend,2026,5,20,0.9731758147253645,0.7117792911981834,0.8270676691729323
team_carry_0.50,pre_weekend,2026,6,21,0.800316308128683,0.6291201935579952,0.8545454545454545
team_carry_0.50,pre_weekend,2026,7,21,0.6094547559109932,0.5184184670446419,0.9337662337662337
team_carry_0.50,pre_weekend,2026,8,20,0.5452852109795763,0.45361607965165646,0.9203007518796992
team_carry_0.50,pre_weekend,2026,9,22,0.4611078520993786,0.31971117849743097,0.9819311123658953
team_carry_0.50,pre_weekend,2026,10,20,0.4287753973541823,0.3292162947446897,0.9684210526315788
team_carry_0.50,pre_weekend,2026,11,22,0.779682288376996,0.5332385963763849,0.8588368153585546
team_carry_0.50,pre_weekend,2026,13,21,0.4346977429711754,0.3483963836941664,0.9454545454545454
team_carry_0.50,pre_weekend,2026,14,21,0.5224116541578668,0.3941744531572971,0.9454545454545454
team_carry_0.50,pre_weekend,2026,15,21,0.5382151669889018,0.45309216161056093,0.8415584415584414
team_carry_1.00,post_quali,2025,3,20,0.23561879897479193,0.18853102718294218,0.8796992481203006
team_carry_1.00,post_quali,2025,4,20,0.3127196887662982,0.26347120878840596,0.8481203007518796
team_carry_1.00,post_quali,2025,5,18,0.2864672480546812,0.21540448754367955,0.9256965944272446
team_carry_1.00,post_quali,2025,6,16,0.4588673167931301,0.38849580424263136,0.6882352941176471
team_carry_1.00,post_quali,2025,7,20,0.3306520709930396,0.2736611540808948,0.7639097744360903
team_carry_1.00,post_quali,2025,8,19,0.9020023236678828,0.7559888405498256,0.7684210526315789
team_carry_1.00,post_quali,2025,9,19,0.293297627078022,0.21817594029661286,0.8736842105263157
team_carry_1.00,post_quali,2025,10,20,0.4283281081046193,0.30132095064997955,0.7774436090225564
team_carry_1.00,post_quali,2025,11,17,0.41746143660258916,0.339747083890388,0.5980392156862745
team_carry_1.00,post_quali,2025,14,20,0.42337654104946015,0.36975520407910684,0.6781954887218045
team_carry_1.00,post_quali,2025,15,20,0.36218280628275373,0.27392354834158666,0.8736842105263156
team_carry_1.00,post_quali,2025,16,19,0.22992709920369256,0.20145067042607084,0.9157894736842105
team_carry_1.00,post_quali,2025,17,19,0.5200282346742966,0.41213492252381334,0.7473684210526316
team_carry_1.00,post_quali,2025,18,20,0.3572474442843275,0.31315640361879676,0.8872180451127819
team_carry_1.00,post_quali,2025,19,19,0.22796353950188383,0.18288023742845275,0.8578947368421052
team_carry_1.00,post_quali,2025,20,19,0.339786116815501,0.3058282057455245,0.8596491228070176
team_carry_1.00,post_quali,2025,21,18,0.37563116910023303,0.2754574157428715,0.5128998968008256
team_carry_1.00,post_quali,2025,22,18,0.34489732696093384,0.29956028555077485,0.8183694530443757
team_carry_1.00,post_quali,2025,23,19,0.378842791463987,0.3024557915418481,0.8421052631578947
team_carry_1.00,post_quali,2025,24,20,0.28196145311134774,0.22404825802624595,0.593984962406015
team_carry_1.00,post_quali,2026,3,22,0.2879427010573307,0.21528320626543118,0.9491812535290796
team_carry_1.00,post_quali,2026,4,18,0.46712923726381206,0.3441157532842653,0.933952528379773
team_carry_1.00,post_quali,2026,5,20,0.9663109530968349,0.7153675579486448,0.8887218045112781
team_carry_1.00,post_quali,2026,6,21,0.7474698076277206,0.5951409617523067,0.896103896103896
team_carry_1.00,post_quali,2026,7,21,0.4095072074805936,0.30812375656576957,0.9493506493506494
team_carry_1.00,post_quali,2026,8,20,0.4189597665773725,0.3604950560328117,0.9593984962406013
team_carry_1.00,post_quali,2026,9,22,0.43022005237206773,0.3538097337630661,0.9875776397515529
team_carry_1.00,post_quali,2026,10,20,0.35120690570785157,0.26014252001455285,0.9759398496240601
team_carry_1.00,post_quali,2026,11,22,0.7913620840428984,0.4910659011656039,0.8870694522868439
team_carry_1.00,post_quali,2026,13,21,0.47042992530687217,0.37939840332841795,0.9623376623376624
team_carry_1.00,post_quali,2026,14,21,0.4457221000244026,0.33037040054508926,0.9662337662337662
team_carry_1.00,post_quali,2026,15,21,0.5388090336579363,0.4463767469819681,0.8818181818181818
team_carry_1.00,pre_weekend,2025,3,20,0.3023505085208723,0.2487362721714535,0.8285714285714285
team_carry_1.00,pre_weekend,2025,4,20,0.3658416530362195,0.31536123892740914,0.7338345864661654
team_carry_1.00,pre_weekend,2025,5,18,0.36964646674223556,0.286196250148509,0.8410732714138286
team_carry_1.00,pre_weekend,2025,6,16,0.5105146082199103,0.4315650307834093,0.5764705882352941
team_carry_1.00,pre_weekend,2025,7,20,0.3381917430658586,0.27486973116147884,0.732330827067669
team_carry_1.00,pre_weekend,2025,8,19,1.0299643366141844,0.876606874195897,0.6912280701754386
team_carry_1.00,pre_weekend,2025,9,19,0.376337844223252,0.29634914369629445,0.6807017543859648
team_carry_1.00,pre_weekend,2025,10,20,0.453811582856164,0.30604478741835445,0.7383458646616541
team_carry_1.00,pre_weekend,2025,11,17,0.38479437847863013,0.2940121971499033,0.6102941176470589
team_carry_1.00,pre_weekend,2025,14,20,0.5258265322184261,0.438403442115831,0.49022556390977434
team_carry_1.00,pre_weekend,2025,15,20,0.4037065657772099,0.31212652009723607,0.8887218045112781
team_carry_1.00,pre_weekend,2025,16,19,0.224019279032698,0.17935193685593775,0.8508771929824561
team_carry_1.00,pre_weekend,2025,17,19,0.5713428926165719,0.46067037821483475,0.6807017543859648
team_carry_1.00,pre_weekend,2025,18,20,0.3910347724274375,0.3377095726795205,0.8526315789473683
team_carry_1.00,pre_weekend,2025,19,19,0.2846758939269494,0.22171555934547407,0.843859649122807
team_carry_1.00,pre_weekend,2025,20,19,0.31503133994188576,0.25312373178833725,0.8280701754385964
team_carry_1.00,pre_weekend,2025,21,18,0.4202291354041181,0.30159288960774827,0.4097007223942208
team_carry_1.00,pre_weekend,2025,22,18,0.35161522369872655,0.3068966981353605,0.8163054695562436
team_carry_1.00,pre_weekend,2025,23,19,0.4440529520600504,0.34247797428791665,0.7578947368421053
team_carry_1.00,pre_weekend,2025,24,20,0.2807619908168314,0.21824102098625367,0.6075187969924812
team_carry_1.00,pre_weekend,2026,3,22,0.5962146861687926,0.4461986765929959,0.8949745906267645
team_carry_1.00,pre_weekend,2026,4,18,0.6282501079144029,0.46616717616122305,0.8390092879256965
team_carry_1.00,pre_weekend,2026,5,20,1.007935008327134,0.7231742085028742,0.8240601503759398
team_carry_1.00,pre_weekend,2026,6,21,0.8246847562677546,0.63857414102805,0.8441558441558441
team_carry_1.00,pre_weekend,2026,7,21,0.6255802574260159,0.5299821382297273,0.9285714285714285
team_carry_1.00,pre_weekend,2026,8,20,0.5211028374235973,0.4267074555206496,0.932330827067669
team_carry_1.00,pre_weekend,2026,9,22,0.46735639012740093,0.3318811747721208,0.9830604178430267
team_carry_1.00,pre_weekend,2026,10,20,0.3916978073586322,0.3114668601886949,0.9669172932330825
team_carry_1.00,pre_weekend,2026,11,22,0.7994616924507433,0.5481604527821758,0.8588368153585546
team_carry_1.00,pre_weekend,2026,13,21,0.44295873175371187,0.3526679049144159,0.9454545454545454
team_carry_1.00,pre_weekend,2026,14,21,0.5230157379614502,0.3899515205884109,0.9519480519480519
team_carry_1.00,pre_weekend,2026,15,21,0.5560456259795851,0.4657262095271423,0.8428571428571429
driver_carry_0.25,post_quali,2025,3,20,0.21924846320731656,0.17235373858735104,0.8796992481203006
driver_carry_0.25,post_quali,2025,4,20,0.2922717176181432,0.23936226495680574,0.863157894736842
driver_carry_0.25,post_quali,2025,5,18,0.2829849693822804,0.2116458182509694,0.933952528379773
driver_carry_0.25,post_quali,2025,6,16,0.4527332885336727,0.3868473412512192,0.6911764705882353
driver_carry_0.25,post_quali,2025,7,20,0.3282133388297021,0.2656091786458719,0.7729323308270677
driver_carry_0.25,post_quali,2025,8,19,0.9008560054756437,0.7456354778716207,0.7491228070175439
driver_carry_0.25,post_quali,2025,9,19,0.2873264116623228,0.2087894172144523,0.8736842105263157
driver_carry_0.25,post_quali,2025,10,20,0.45061119688256734,0.3191225681051167,0.7774436090225564
driver_carry_0.25,post_quali,2025,11,17,0.4158235015720247,0.33657524874585565,0.6495098039215687
driver_carry_0.25,post_quali,2025,14,20,0.4346899811179769,0.3810751723346324,0.6857142857142857
driver_carry_0.25,post_quali,2025,15,20,0.345608487548952,0.26470062785387133,0.8676691729323308
driver_carry_0.25,post_quali,2025,16,19,0.22124427653674839,0.1917145252009397,0.9157894736842105
driver_carry_0.25,post_quali,2025,17,19,0.510653889510839,0.39965003703343455,0.7736842105263159
driver_carry_0.25,post_quali,2025,18,20,0.35300812731184983,0.3111058314214286,0.8887218045112781
driver_carry_0.25,post_quali,2025,19,19,0.22416389667401895,0.17645388252033106,0.8491228070175438
driver_carry_0.25,post_quali,2025,20,19,0.3426721574382169,0.3105503204666106,0.8596491228070176
driver_carry_0.25,post_quali,2025,21,18,0.36639036487341026,0.2706812006644399,0.543859649122807
driver_carry_0.25,post_quali,2025,22,18,0.34308060589979744,0.2977085574226834,0.8142414860681115
driver_carry_0.25,post_quali,2025,23,19,0.37942339883174064,0.30437529250417933,0.8543859649122807
driver_carry_0.25,post_quali,2025,24,20,0.28891246281099175,0.22423338829616085,0.5518796992481202
driver_carry_0.25,post_quali,2026,3,22,0.23240759698960792,0.1796626855745257,0.9593450028232637
driver_carry_0.25,post_quali,2026,4,18,0.4676281565594861,0.3556199623244207,0.9174406604747163
driver_carry_0.25,post_quali,2026,5,20,0.8689010857504922,0.6203617951090905,0.875187969924812
driver_carry_0.25,post_quali,2026,6,21,0.7791254057679209,0.6231831255494332,0.8792207792207792
driver_carry_0.25,post_quali,2026,7,21,0.4101867627778199,0.3269079319983957,0.9480519480519479
driver_carry_0.25,post_quali,2026,8,20,0.42701979637161064,0.3767079375465994,0.9669172932330825
driver_carry_0.25,post_quali,2026,9,22,0.40148434363095864,0.33184517181839696,0.9864483342744214
driver_carry_0.25,post_quali,2026,10,20,0.3661603240058111,0.2845239961879177,0.9759398496240601
driver_carry_0.25,post_quali,2026,11,22,0.7734746277049773,0.49994889434116024,0.8848108413325806
driver_carry_0.25,post_quali,2026,13,21,0.456986227678424,0.3766959176359924,0.9727272727272727
driver_carry_0.25,post_quali,2026,14,21,0.45387061030490905,0.3345557677251446,0.9649350649350649
driver_carry_0.25,post_quali,2026,15,21,0.483306126058128,0.4027858010265045,0.8844155844155844
driver_carry_0.25,pre_weekend,2025,3,20,0.27951103739198097,0.22896864703932343,0.8481203007518796
driver_carry_0.25,pre_weekend,2025,4,20,0.34486035357157896,0.2896575067225728,0.7744360902255639
driver_carry_0.25,pre_weekend,2025,5,18,0.3690776520185898,0.2773015162765312,0.8328173374613003
driver_carry_0.25,pre_weekend,2025,6,16,0.5091987066122268,0.4447224820955592,0.5882352941176471
driver_carry_0.25,pre_weekend,2025,7,20,0.33500706718021084,0.262718807092347,0.8075187969924811
driver_carry_0.25,pre_weekend,2025,8,19,1.0194356289307414,0.8673131377678903,0.6824561403508772
driver_carry_0.25,pre_weekend,2025,9,19,0.3720417145704051,0.29482984557630026,0.6771929824561403
driver_carry_0.25,pre_weekend,2025,10,20,0.4802795544994208,0.31919283151640065,0.7127819548872181
driver_carry_0.25,pre_weekend,2025,11,17,0.38548540797438446,0.2946031945960881,0.6348039215686275
driver_carry_0.25,pre_weekend,2025,14,20,0.5189568734560955,0.43197856212224145,0.4796992481203006
driver_carry_0.25,pre_weekend,2025,15,20,0.39069066271205294,0.3065611219174406,0.8947368421052632
driver_carry_0.25,pre_weekend,2025,16,19,0.21062572017309614,0.1669284903251273,0.8578947368421052
driver_carry_0.25,pre_weekend,2025,17,19,0.5603756782244655,0.45448696395724864,0.6842105263157895
driver_carry_0.25,pre_weekend,2025,18,20,0.3891450173225417,0.34067196059243565,0.8300751879699247
driver_carry_0.25,pre_weekend,2025,19,19,0.27823125104463703,0.21684708262386446,0.8526315789473684
driver_carry_0.25,pre_weekend,2025,20,19,0.3194696773752552,0.25593101352241376,0.8403508771929825
driver_carry_0.25,pre_weekend,2025,21,18,0.414071015219589,0.3007415280322707,0.42414860681114547
driver_carry_0.25,pre_weekend,2025,22,18,0.350676464296184,0.3051205668377903,0.8121775025799793
driver_carry_0.25,pre_weekend,2025,23,19,0.4471755391941718,0.3498696000286549,0.7491228070175439
driver_carry_0.25,pre_weekend,2025,24,20,0.28940883358052477,0.21476578343777913,0.6165413533834586
driver_carry_0.25,pre_weekend,2026,3,22,0.42070365236046,0.3012564224675384,0.935629587803501
driver_carry_0.25,pre_weekend,2026,4,18,0.5816725328960263,0.44658209391153225,0.8596491228070176
driver_carry_0.25,pre_weekend,2026,5,20,0.9327667270674732,0.6894957312075635,0.8736842105263156
driver_carry_0.25,pre_weekend,2026,6,21,0.8038835166910864,0.6319026002736764,0.8506493506493505
driver_carry_0.25,pre_weekend,2026,7,21,0.5932789064584149,0.4922031974975394,0.9493506493506494
driver_carry_0.25,pre_weekend,2026,8,20,0.5023610304222197,0.4051576691165099,0.9293233082706768
driver_carry_0.25,pre_weekend,2026,9,22,0.40797046856972286,0.3098903549516856,0.9853190287972897
driver_carry_0.25,pre_weekend,2026,10,20,0.4496428090125547,0.3414502762630648,0.956390977443609
driver_carry_0.25,pre_weekend,2026,11,22,0.7827816772257188,0.5447998045065318,0.8622247317899493
driver_carry_0.25,pre_weekend,2026,13,21,0.42957059823153476,0.3362043836572145,0.9558441558441559
driver_carry_0.25,pre_weekend,2026,14,21,0.5154210965605497,0.3989674006024384,0.9506493506493506
driver_carry_0.25,pre_weekend,2026,15,21,0.5085305209144199,0.4391204270284123,0.8480519480519481
driver_carry_0.75,post_quali,2025,3,20,0.23508670309934782,0.180638055904281,0.8616541353383457
driver_carry_0.75,post_quali,2025,4,20,0.30728284548380597,0.2548128142983266,0.837593984962406
driver_carry_0.75,post_quali,2025,5,18,0.28191773523350144,0.21260803627386846,0.9236326109391124
driver_carry_0.75,post_quali,2025,6,16,0.4548062550536896,0.3806816536985487,0.7029411764705883
driver_carry_0.75,post_quali,2025,7,20,0.3205737322282462,0.2528351106509382,0.7984962406015037
driver_carry_0.75,post_quali,2025,8,19,0.9026940470697593,0.7605339936986159,0.7526315789473684
driver_carry_0.75,post_quali,2025,9,19,0.30379348395182293,0.22947823970730208,0.8649122807017543
driver_carry_0.75,post_quali,2025,10,20,0.43351617185653224,0.3062033419040532,0.7909774436090224
driver_carry_0.75,post_quali,2025,11,17,0.4099952984013811,0.33474478919502054,0.6200980392156864
driver_carry_0.75,post_quali,2025,14,20,0.42766558014305395,0.374544711143382,0.6827067669172932
driver_carry_0.75,post_quali,2025,15,20,0.3591093689802584,0.2731026394106095,0.8646616541353382
driver_carry_0.75,post_quali,2025,16,19,0.22434514232975858,0.19338604231979759,0.9157894736842105
driver_carry_0.75,post_quali,2025,17,19,0.5235774119426561,0.4134186341145774,0.7614035087719299
driver_carry_0.75,post_quali,2025,18,20,0.35711798162203384,0.3143863439521443,0.8872180451127819
driver_carry_0.75,post_quali,2025,19,19,0.2249880850622407,0.17612810958365557,0.8403508771929825
driver_carry_0.75,post_quali,2025,20,19,0.32023382831785924,0.2900709114630235,0.8666666666666666
driver_carry_0.75,post_quali,2025,21,18,0.36776355569962765,0.2758301776617069,0.543859649122807
driver_carry_0.75,post_quali,2025,22,18,0.3440797972171761,0.30233408438712606,0.8183694530443757
driver_carry_0.75,post_quali,2025,23,19,0.3747403683377468,0.301059072701052,0.8543859649122807
driver_carry_0.75,post_quali,2025,24,20,0.27668576149332413,0.2171193239208033,0.6015037593984961
driver_carry_0.75,post_quali,2026,3,22,0.22509681980787322,0.16634612880037153,0.9649915302089217
driver_carry_0.75,post_quali,2026,4,18,0.44963058148214785,0.3447022572364829,0.9256965944272446
driver_carry_0.75,post_quali,2026,5,20,0.890033776321286,0.6184020799991707,0.8781954887218045
driver_carry_0.75,post_quali,2026,6,21,0.7767186992628641,0.6078438722838173,0.9103896103896105
driver_carry_0.75,post_quali,2026,7,21,0.4080962111961106,0.3235774303288102,0.9532467532467532
driver_carry_0.75,post_quali,2026,8,20,0.4168857389504473,0.3684876360190588,0.956390977443609
driver_carry_0.75,post_quali,2026,9,22,0.409012642708493,0.33963191151202116,0.9864483342744214
driver_carry_0.75,post_quali,2026,10,20,0.3429326340498808,0.26901637493428643,0.9759398496240601
driver_carry_0.75,post_quali,2026,11,22,0.7600106094279848,0.49675405436179465,0.8802936194240545
driver_carry_0.75,post_quali,2026,13,21,0.47691135362963305,0.3865854691049711,0.9623376623376624
driver_carry_0.75,post_quali,2026,14,21,0.4668306960808901,0.33968916220215356,0.9558441558441559
driver_carry_0.75,post_quali,2026,15,21,0.4680651575191176,0.3907118746659063,0.890909090909091
driver_carry_0.75,pre_weekend,2025,3,20,0.2859625940195493,0.2293341153482019,0.837593984962406
driver_carry_0.75,pre_weekend,2025,4,20,0.35597943729944653,0.30112431628660635,0.7729323308270677
driver_carry_0.75,pre_weekend,2025,5,18,0.36371252378828767,0.2725835560494569,0.8204334365325078
driver_carry_0.75,pre_weekend,2025,6,16,0.506132813884299,0.43561544706820293,0.6058823529411764
driver_carry_0.75,pre_weekend,2025,7,20,0.3318299756513079,0.25918227424541096,0.7909774436090224
driver_carry_0.75,pre_weekend,2025,8,19,1.0273177069559893,0.8790281086808849,0.6614035087719298
driver_carry_0.75,pre_weekend,2025,9,19,0.39472721896474955,0.320851721333635,0.6807017543859648
driver_carry_0.75,pre_weekend,2025,10,20,0.472272224554186,0.3201033826942354,0.6992481203007518
driver_carry_0.75,pre_weekend,2025,11,17,0.36734751981482616,0.2782946097798306,0.607843137254902
driver_carry_0.75,pre_weekend,2025,14,20,0.5262994601833894,0.4394661800228473,0.4541353383458646
driver_carry_0.75,pre_weekend,2025,15,20,0.4077955224455047,0.3213225046517393,0.8691729323308269
driver_carry_0.75,pre_weekend,2025,16,19,0.21435947505075786,0.17004111316922965,0.8666666666666666
driver_carry_0.75,pre_weekend,2025,17,19,0.55973688812402,0.448069580227619,0.6964912280701754
driver_carry_0.75,pre_weekend,2025,18,20,0.39413515287898315,0.33893236044643893,0.8165413533834586
driver_carry_0.75,pre_weekend,2025,19,19,0.2723126342060129,0.2115619839227738,0.8491228070175438
driver_carry_0.75,pre_weekend,2025,20,19,0.31216076844945384,0.25346634375143134,0.8368421052631579
driver_carry_0.75,pre_weekend,2025,21,18,0.4044796798870108,0.29380924431857064,0.4220846233230134
driver_carry_0.75,pre_weekend,2025,22,18,0.35004120202021677,0.3082267399545875,0.7894736842105263
driver_carry_0.75,pre_weekend,2025,23,19,0.441974461194425,0.34148347049269245,0.7701754385964912
driver_carry_0.75,pre_weekend,2025,24,20,0.2804736116656152,0.21784950630239894,0.6030075187969924
driver_carry_0.75,pre_weekend,2026,3,22,0.4513214603428968,0.33405700386971504,0.9299830604178432
driver_carry_0.75,pre_weekend,2026,4,18,0.5793719975741043,0.44700679366029966,0.8555211558307534
driver_carry_0.75,pre_weekend,2026,5,20,0.9625188038094402,0.6984406441011647,0.8766917293233082
driver_carry_0.75,pre_weekend,2026,6,21,0.7955081281272205,0.6268993189723888,0.864935064935065
driver_carry_0.75,pre_weekend,2026,7,21,0.6040091274451231,0.5105648085470891,0.9519480519480519
driver_carry_0.75,pre_weekend,2026,8,20,0.49505350392282904,0.3931192106882094,0.9112781954887217
driver_carry_0.75,pre_weekend,2026,9,22,0.40657276352533833,0.31601259298857276,0.9819311123658953
driver_carry_0.75,pre_weekend,2026,10,20,0.44241470097061797,0.3375828029850411,0.9714285714285714
driver_carry_0.75,pre_weekend,2026,11,22,0.7789986197088224,0.5454604325939779,0.8610954263128179
driver_carry_0.75,pre_weekend,2026,13,21,0.44667969633300103,0.3540325389679107,0.9506493506493506
driver_carry_0.75,pre_weekend,2026,14,21,0.5418183963852117,0.40809628660719144,0.9402597402597404
driver_carry_0.75,pre_weekend,2026,15,21,0.4998030150091106,0.4239430211275266,0.835064935064935
driver_carry_1.00,post_quali,2025,3,20,0.23765012448037703,0.18603933476228982,0.8736842105263156
driver_carry_1.00,post_quali,2025,4,20,0.303469539125109,0.25414189268463755,0.8360902255639097
driver_carry_1.00,post_quali,2025,5,18,0.2923934754176364,0.22490021780096084,0.9256965944272446
driver_carry_1.00,post_quali,2025,6,16,0.44285243896403287,0.37446950243971217,0.6941176470588235
driver_carry_1.00,post_quali,2025,7,20,0.32274804839942633,0.2491942323276624,0.7909774436090224
driver_carry_1.00,post_quali,2025,8,19,0.8965944069117524,0.7537875405540901,0.756140350877193
driver_carry_1.00,post_quali,2025,9,19,0.3095000717839734,0.23296475215864268,0.8596491228070176
driver_carry_1.00,post_quali,2025,10,20,0.4413625309003999,0.31081783091516346,0.7593984962406014
driver_carry_1.00,post_quali,2025,11,17,0.400510459137251,0.32729944823758356,0.6200980392156864
driver_carry_1.00,post_quali,2025,14,20,0.4366916142926896,0.381839433710068,0.6676691729323309
driver_carry_1.00,post_quali,2025,15,20,0.35957921214187,0.2711637102355097,0.8721804511278194
driver_carry_1.00,post_quali,2025,16,19,0.2279680499859249,0.19323795060065246,0.9140350877192982
driver_carry_1.00,post_quali,2025,17,19,0.5224867488532492,0.4118600521362489,0.7684210526315789
driver_carry_1.00,post_quali,2025,18,20,0.3538669425272557,0.3100626503434508,0.8902255639097743
driver_carry_1.00,post_quali,2025,19,19,0.22281484735307253,0.17448053930303986,0.8421052631578947
driver_carry_1.00,post_quali,2025,20,19,0.32146804052088246,0.29032706676432624,0.8666666666666666
driver_carry_1.00,post_quali,2025,21,18,0.36458015824943485,0.2738580236371307,0.541795665634675
driver_carry_1.00,post_quali,2025,22,18,0.3488764640860253,0.30418652352979614,0.8183694530443757
driver_carry_1.00,post_quali,2025,23,19,0.36817504964831294,0.2954806597710365,0.8456140350877193
driver_carry_1.00,post_quali,2025,24,20,0.27081027766983545,0.20956995484372487,0.6210526315789473
driver_carry_1.00,post_quali,2026,3,22,0.2264039453514079,0.16970166794365754,0.961603613777527
driver_carry_1.00,post_quali,2026,4,18,0.4417014027911931,0.3388502757437508,0.9133126934984519
driver_carry_1.00,post_quali,2026,5,20,0.8831915757544981,0.618639892637218,0.8781954887218045
driver_carry_1.00,post_quali,2026,6,21,0.7845016364835293,0.6102754185817869,0.916883116883117
driver_carry_1.00,post_quali,2026,7,21,0.42438311721151795,0.3463543645052668,0.9506493506493506
driver_carry_1.00,post_quali,2026,8,20,0.4199378251757264,0.36194553317537825,0.9548872180451128
driver_carry_1.00,post_quali,2026,9,22,0.39627424758767366,0.3329838835975843,0.9864483342744214
driver_carry_1.00,post_quali,2026,10,20,0.34174664186760395,0.2665429072519469,0.9759398496240601
driver_carry_1.00,post_quali,2026,11,22,0.753587672574709,0.4898401401285822,0.8814229249011858
driver_carry_1.00,post_quali,2026,13,21,0.46466624801517376,0.37251181224423036,0.9636363636363635
driver_carry_1.00,post_quali,2026,14,21,0.45172340539103656,0.3381043575308694,0.9519480519480519
driver_carry_1.00,post_quali,2026,15,21,0.4623399134269688,0.39015227624430954,0.8792207792207792
driver_carry_1.00,pre_weekend,2025,3,20,0.2997196020290715,0.24828165194789148,0.8300751879699247
driver_carry_1.00,pre_weekend,2025,4,20,0.3477918654195145,0.2918934754452508,0.77593984962406
driver_carry_1.00,pre_weekend,2025,5,18,0.3683189826715652,0.2793565016909332,0.8224974200206397
driver_carry_1.00,pre_weekend,2025,6,16,0.4965150321712205,0.4295847391543002,0.6176470588235293
driver_carry_1.00,pre_weekend,2025,7,20,0.325658685081772,0.25569653606001336,0.7744360902255639
driver_carry_1.00,pre_weekend,2025,8,19,1.0241132118475438,0.88236098896669,0.6649122807017543
driver_carry_1.00,pre_weekend,2025,9,19,0.4021202471551899,0.32024053595505114,0.6789473684210526
driver_carry_1.00,pre_weekend,2025,10,20,0.4734001162656687,0.32207714990124325,0.7263157894736841
driver_carry_1.00,pre_weekend,2025,11,17,0.36663070827461014,0.2751630371394212,0.573529411764706
driver_carry_1.00,pre_weekend,2025,14,20,0.5244676625763759,0.43708689755795077,0.46917293233082696
driver_carry_1.00,pre_weekend,2025,15,20,0.40783864613643783,0.3189820228251865,0.8736842105263156
driver_carry_1.00,pre_weekend,2025,16,19,0.2189616417656267,0.1745966645508746,0.8543859649122807
driver_carry_1.00,pre_weekend,2025,17,19,0.5749109505589394,0.45757812782992413,0.7070175438596492
driver_carry_1.00,pre_weekend,2025,18,20,0.39230481163214165,0.33847952029902595,0.8165413533834586
driver_carry_1.00,pre_weekend,2025,19,19,0.26877569204414764,0.2137460188487902,0.843859649122807
driver_carry_1.00,pre_weekend,2025,20,19,0.3144175632046887,0.25827375700140914,0.8350877192982457
driver_carry_1.00,pre_weekend,2025,21,18,0.39988331119277615,0.2899779160410423,0.4262125902992776
driver_carry_1.00,pre_weekend,2025,22,18,0.3546401953035095,0.31007927465103313,0.7770897832817338
driver_carry_1.00,pre_weekend,2025,23,19,0.4444567984855874,0.3424021121770617,0.7701754385964912
driver_carry_1.00,pre_weekend,2025,24,20,0.2757889085701672,0.21458942754537746,0.6015037593984961
driver_carry_1.00,pre_weekend,2026,3,22,0.4510559357997159,0.33310809080962217,0.9299830604178432
driver_carry_1.00,pre_weekend,2026,4,18,0.5796431139227927,0.45002359395733404,0.8534571723426212
driver_carry_1.00,pre_weekend,2026,5,20,0.9480567964673949,0.6825587714369499,0.8781954887218045
driver_carry_1.00,pre_weekend,2026,6,21,0.7851572513877313,0.6175743327277813,0.864935064935065
driver_carry_1.00,pre_weekend,2026,7,21,0.6057455541727936,0.5041065081508487,0.9506493506493506
driver_carry_1.00,pre_weekend,2026,8,20,0.5066641924783692,0.40401250158003715,0.9157894736842105
driver_carry_1.00,pre_weekend,2026,9,22,0.4042848440891893,0.309154099029791,0.9774138904573689
driver_carry_1.00,pre_weekend,2026,10,20,0.46035153156357056,0.34879078435841276,0.9729323308270676
driver_carry_1.00,pre_weekend,2026,11,22,0.7766531895806195,0.5432968720305282,0.8622247317899493
driver_carry_1.00,pre_weekend,2026,13,21,0.44199235722286795,0.348774130282093,0.9480519480519479
driver_carry_1.00,pre_weekend,2026,14,21,0.5399509611735296,0.39776758657835337,0.9350649350649349
driver_carry_1.00,pre_weekend,2026,15,21,0.4903060095152653,0.43340627746996807,0.8363636363636363
hl_team_2,post_quali,2025,3,20,0.22701384086851706,0.1812104541581472,0.8796992481203006
hl_team_2,post_quali,2025,4,20,0.30620866316032486,0.25494681594792196,0.8406015037593983
hl_team_2,post_quali,2025,5,18,0.29318244432731494,0.21992219483251438,0.933952528379773
hl_team_2,post_quali,2025,6,16,0.4572781909175188,0.38539566628387856,0.6882352941176471
hl_team_2,post_quali,2025,7,20,0.32302044777837347,0.25793706833668506,0.7909774436090224
hl_team_2,post_quali,2025,8,19,0.9031041559578593,0.7412665678841431,0.7701754385964912
hl_team_2,post_quali,2025,9,19,0.30575563333846867,0.2347521866694036,0.8736842105263157
hl_team_2,post_quali,2025,10,20,0.43607761002162615,0.31299316992986864,0.7774436090225564
hl_team_2,post_quali,2025,11,17,0.42494830356657565,0.3457787539328324,0.6666666666666667
hl_team_2,post_quali,2025,14,20,0.41208347036659004,0.35925117722272226,0.7203007518796991
hl_team_2,post_quali,2025,15,20,0.3642855172320122,0.27140727642529755,0.8812030075187969
hl_team_2,post_quali,2025,16,19,0.22915996199636193,0.19504877465469042,0.9298245614035087
hl_team_2,post_quali,2025,17,19,0.5267974045971878,0.4141891819689886,0.7614035087719299
hl_team_2,post_quali,2025,18,20,0.36487370445848827,0.3197793491210871,0.8887218045112781
hl_team_2,post_quali,2025,19,19,0.2139030767527372,0.1737520236566449,0.882456140350877
hl_team_2,post_quali,2025,20,19,0.3379574441043667,0.3041707743927735,0.8701754385964912
hl_team_2,post_quali,2025,21,18,0.3748856762845735,0.269844826375073,0.543859649122807
hl_team_2,post_quali,2025,22,18,0.33044496466073153,0.2884010275339826,0.8183694530443757
hl_team_2,post_quali,2025,23,19,0.38329997480137407,0.3089320373574345,0.8350877192982457
hl_team_2,post_quali,2025,24,20,0.289381173342124,0.22969647806741228,0.5789473684210527
hl_team_2,post_quali,2026,3,22,0.2452625448596082,0.1772390864890587,0.9570863918690007
hl_team_2,post_quali,2026,4,18,0.4871111725852181,0.3525440967965577,0.9236326109391124
hl_team_2,post_quali,2026,5,20,0.8656259550736073,0.5924295869647437,0.8992481203007519
hl_team_2,post_quali,2026,6,21,0.7785788858154029,0.6019468157687726,0.9090909090909091
hl_team_2,post_quali,2026,7,21,0.3982646639455077,0.305745764433229,0.9532467532467532
hl_team_2,post_quali,2026,8,20,0.4288129363335232,0.3790070571916238,0.9669172932330825
hl_team_2,post_quali,2026,9,22,0.4097666811684762,0.3430123566034011,0.9864483342744214
hl_team_2,post_quali,2026,10,20,0.35100519621556936,0.2678483556106401,0.9759398496240601
hl_team_2,post_quali,2026,11,22,0.7660694765044804,0.4884031901966242,0.8848108413325806
hl_team_2,post_quali,2026,13,21,0.468182087113872,0.3796342204533245,0.9649350649350649
hl_team_2,post_quali,2026,14,21,0.4367937216958563,0.3256000271539116,0.961038961038961
hl_team_2,post_quali,2026,15,21,0.5117662963319248,0.4202914046147685,0.8935064935064935
hl_team_2,pre_weekend,2025,3,20,0.2847361524739913,0.2335669444333292,0.8240601503759398
hl_team_2,pre_weekend,2025,4,20,0.36449262621650536,0.30826474008050675,0.7624060150375939
hl_team_2,pre_weekend,2025,5,18,0.3778692552502082,0.28319023353477096,0.8183694530443757
hl_team_2,pre_weekend,2025,6,16,0.5047998200182621,0.4279414429725529,0.5852941176470587
hl_team_2,pre_weekend,2025,7,20,0.32729208608410343,0.26422507937391293,0.7609022556390977
hl_team_2,pre_weekend,2025,8,19,1.0185505233894236,0.8641492483191417,0.7017543859649124
hl_team_2,pre_weekend,2025,9,19,0.3811177288227136,0.29855960534027465,0.6824561403508772
hl_team_2,pre_weekend,2025,10,20,0.4765808699725692,0.3201765498159271,0.6917293233082705
hl_team_2,pre_weekend,2025,11,17,0.3902392874319497,0.2987458412504261,0.6666666666666667
hl_team_2,pre_weekend,2025,14,20,0.5241380458904787,0.43816214268102865,0.5308270676691729
hl_team_2,pre_weekend,2025,15,20,0.40891425484467736,0.3211745406153321,0.8706766917293233
hl_team_2,pre_weekend,2025,16,19,0.22585838641731562,0.17423052939910166,0.856140350877193
hl_team_2,pre_weekend,2025,17,19,0.5596122001707419,0.4494098541505379,0.6824561403508772
hl_team_2,pre_weekend,2025,18,20,0.39315609267685736,0.34324844186122283,0.8436090225563909
hl_team_2,pre_weekend,2025,19,19,0.24810303043827306,0.18329279442422033,0.8614035087719297
hl_team_2,pre_weekend,2025,20,19,0.31397105421531685,0.2466932634524782,0.8421052631578947
hl_team_2,pre_weekend,2025,21,18,0.4126143057669037,0.29813362251782477,0.4282765737874097
hl_team_2,pre_weekend,2025,22,18,0.3393457848541832,0.29612520920660906,0.7997936016511867
hl_team_2,pre_weekend,2025,23,19,0.4485791705387715,0.3492736521393283,0.8
hl_team_2,pre_weekend,2025,24,20,0.2872312098635029,0.22173229558456858,0.5969924812030075
hl_team_2,pre_weekend,2026,3,22,0.4753178027051357,0.3490135933086476,0.9277244494635801
hl_team_2,pre_weekend,2026,4,18,0.5877343358901798,0.44070587963279007,0.8452012383900928
hl_team_2,pre_weekend,2026,5,20,0.9499174017182276,0.6926920219858456,0.875187969924812
hl_team_2,pre_weekend,2026,6,21,0.7841782687319415,0.6148199693255341,0.864935064935065
hl_team_2,pre_weekend,2026,7,21,0.5895502648968564,0.49434383098553814,0.9545454545454546
hl_team_2,pre_weekend,2026,8,20,0.47798749801333845,0.3973253607890773,0.9293233082706768
hl_team_2,pre_weekend,2026,9,22,0.45811554761366363,0.3448844039548338,0.9819311123658953
hl_team_2,pre_weekend,2026,10,20,0.4506246140343511,0.3309091198947708,0.9714285714285714
hl_team_2,pre_weekend,2026,11,22,0.7813372019142922,0.5421794774142887,0.8554488989271599
hl_team_2,pre_weekend,2026,13,21,0.4370282989837955,0.3409788522673501,0.9480519480519479
hl_team_2,pre_weekend,2026,14,21,0.5234392778835528,0.3949787797482269,0.9428571428571428
hl_team_2,pre_weekend,2026,15,21,0.5507060033747925,0.4488792154008367,0.851948051948052
hl_team_5,post_quali,2025,3,20,0.23237587035982096,0.18314530545120578,0.8676691729323308
hl_team_5,post_quali,2025,4,20,0.30594591162379137,0.25391893333040816,0.8345864661654135
hl_team_5,post_quali,2025,5,18,0.2866818578385206,0.2118352369214108,0.9236326109391124
hl_team_5,post_quali,2025,6,16,0.45459780633643193,0.38521942800196185,0.6970588235294117
hl_team_5,post_quali,2025,7,20,0.33377104955770837,0.2690804508135948,0.7428571428571428
hl_team_5,post_quali,2025,8,19,0.9065691024565871,0.7529650997148832,0.7508771929824561
hl_team_5,post_quali,2025,9,19,0.31469795649207516,0.23015839632809845,0.843859649122807
hl_team_5,post_quali,2025,10,20,0.4217705158755727,0.3008747345103261,0.7894736842105263
hl_team_5,post_quali,2025,11,17,0.4313955666509924,0.35302393606526783,0.6372549019607844
hl_team_5,post_quali,2025,14,20,0.42420064366555105,0.37154312481130686,0.6706766917293233
hl_team_5,post_quali,2025,15,20,0.3640314686401858,0.2772503809288288,0.882706766917293
hl_team_5,post_quali,2025,16,19,0.22307677629220207,0.19297640101051816,0.9157894736842105
hl_team_5,post_quali,2025,17,19,0.5220448817546725,0.40857212880281363,0.763157894736842
hl_team_5,post_quali,2025,18,20,0.3518780833731139,0.30963119881891876,0.8887218045112781
hl_team_5,post_quali,2025,19,19,0.2255696219926649,0.17744277980968115,0.8456140350877193
hl_team_5,post_quali,2025,20,19,0.33039048223645906,0.2976286720396806,0.8736842105263157
hl_team_5,post_quali,2025,21,18,0.38474259035683206,0.2686504410397996,0.5128998968008256
hl_team_5,post_quali,2025,22,18,0.34588299613206047,0.30149022270385895,0.8204334365325078
hl_team_5,post_quali,2025,23,19,0.3780435636024164,0.30265393675439384,0.856140350877193
hl_team_5,post_quali,2025,24,20,0.2826072422973889,0.2200620835040584,0.5969924812030075
hl_team_5,post_quali,2026,3,22,0.24453955041802788,0.18160943407961813,0.961603613777527
hl_team_5,post_quali,2026,4,18,0.45767275426904336,0.34150317961026705,0.9318885448916409
hl_team_5,post_quali,2026,5,20,0.923894638827457,0.6646340529047758,0.8766917293233082
hl_team_5,post_quali,2026,6,21,0.7718904562492706,0.5978737324565968,0.8935064935064935
hl_team_5,post_quali,2026,7,21,0.41743361325792194,0.31975803920370305,0.9519480519480519
hl_team_5,post_quali,2026,8,20,0.4300154093498366,0.36619905846934125,0.9488721804511278
hl_team_5,post_quali,2026,9,22,0.4489853316138454,0.36506156529529304,0.9864483342744214
hl_team_5,post_quali,2026,10,20,0.3698493021825252,0.28109612920466615,0.9774436090225563
hl_team_5,post_quali,2026,11,22,0.7668919053819556,0.5011455936011263,0.8802936194240545
hl_team_5,post_quali,2026,13,21,0.46227630100732353,0.37523558533160617,0.9649350649350649
hl_team_5,post_quali,2026,14,21,0.4503600079062909,0.3375568270102195,0.9662337662337662
hl_team_5,post_quali,2026,15,21,0.4753364221226063,0.4019900526260232,0.8987012987012987
hl_team_5,pre_weekend,2025,3,20,0.3017359674073253,0.248127220528468,0.8225563909774435
hl_team_5,pre_weekend,2025,4,20,0.3554508202372811,0.3036244504640481,0.724812030075188
hl_team_5,pre_weekend,2025,5,18,0.3698825977166291,0.2803577283819634,0.8224974200206397
hl_team_5,pre_weekend,2025,6,16,0.4990574455325591,0.42689088701119726,0.6176470588235293
hl_team_5,pre_weekend,2025,7,20,0.337019227860605,0.2678846363605215,0.7473684210526315
hl_team_5,pre_weekend,2025,8,19,1.0213264401075908,0.8725194436103707,0.6859649122807018
hl_team_5,pre_weekend,2025,9,19,0.3999852186857766,0.32200500295942397,0.6614035087719298
hl_team_5,pre_weekend,2025,10,20,0.4548736971571905,0.30606161713199875,0.7097744360902255
hl_team_5,pre_weekend,2025,11,17,0.3788791851699569,0.2884424865463446,0.6102941176470589
hl_team_5,pre_weekend,2025,14,20,0.5306076322734334,0.44152921799014927,0.5082706766917292
hl_team_5,pre_weekend,2025,15,20,0.4076036891881838,0.318808070853755,0.8992481203007519
hl_team_5,pre_weekend,2025,16,19,0.21466268285663462,0.16944166846335537,0.83859649122807
hl_team_5,pre_weekend,2025,17,19,0.5614067950417683,0.45065294759660873,0.7210526315789473
hl_team_5,pre_weekend,2025,18,20,0.3828980513466646,0.32928793399731954,0.8390977443609022
hl_team_5,pre_weekend,2025,19,19,0.2638782965147629,0.20209992702721322,0.83859649122807
hl_team_5,pre_weekend,2025,20,19,0.30900106253405457,0.24887084162550066,0.8280701754385964
hl_team_5,pre_weekend,2025,21,18,0.4220342067550372,0.2934208242367651,0.4055727554179567
hl_team_5,pre_weekend,2025,22,18,0.35421303122081116,0.3105391802216754,0.8101135190918473
hl_team_5,pre_weekend,2025,23,19,0.4370273809624158,0.3308310948567283,0.7982456140350876
hl_team_5,pre_weekend,2025,24,20,0.28719600069309587,0.22293279125696305,0.6195488721804511
hl_team_5,pre_weekend,2026,3,22,0.5015215683868506,0.3872909571468633,0.9288537549407117
hl_team_5,pre_weekend,2026,4,18,0.579914202023933,0.434414829246517,0.8493292053663571
hl_team_5,pre_weekend,2026,5,20,0.9670033867115477,0.7068768274099596,0.8285714285714285
hl_team_5,pre_weekend,2026,6,21,0.8202690209863871,0.631383462709743,0.8558441558441559
hl_team_5,pre_weekend,2026,7,21,0.6233219659914955,0.5264258779536399,0.9428571428571428
hl_team_5,pre_weekend,2026,8,20,0.5534855359470472,0.4568536347103896,0.9112781954887217
hl_team_5,pre_weekend,2026,9,22,0.49355822374680586,0.3450196484458426,0.9819311123658953
hl_team_5,pre_weekend,2026,10,20,0.44434016875501137,0.3486489379790091,0.9684210526315788
hl_team_5,pre_weekend,2026,11,22,0.7811747619158047,0.5520653428044656,0.8622247317899493
hl_team_5,pre_weekend,2026,13,21,0.4380930186891242,0.34723276733091774,0.9571428571428571
hl_team_5,pre_weekend,2026,14,21,0.5224000503169659,0.38882670140658265,0.9428571428571428
hl_team_5,pre_weekend,2026,15,21,0.4906513270183752,0.4192934154638818,0.8480519480519481
hl_pace_3,post_quali,2025,3,20,0.22015164192394293,0.17498333882094907,0.8812030075187969
hl_pace_3,post_quali,2025,4,20,0.2912318561670474,0.23925992225288478,0.8481203007518796
hl_pace_3,post_quali,2025,5,18,0.29968773522470693,0.22860842423945163,0.9236326109391124
hl_pace_3,post_quali,2025,6,16,0.45184182537438894,0.38567325294583354,0.6941176470588235
hl_pace_3,post_quali,2025,7,20,0.32484564427999046,0.26176188802617767,0.7729323308270677
hl_pace_3,post_quali,2025,8,19,0.9022649164192804,0.7595436228875265,0.7614035087719299
hl_pace_3,post_quali,2025,9,19,0.3015757578935739,0.22824126009377385,0.8771929824561402
hl_pace_3,post_quali,2025,10,20,0.45251849349931095,0.32318481599613536,0.7533834586466165
hl_pace_3,post_quali,2025,11,17,0.4056786311480867,0.3291727909960166,0.6642156862745099
hl_pace_3,post_quali,2025,14,20,0.4372989664140443,0.37856795195574167,0.6872180451127818
hl_pace_3,post_quali,2025,15,20,0.34347194710599704,0.25626413736610437,0.8616541353383457
hl_pace_3,post_quali,2025,16,19,0.22693385389068585,0.19333470928597798,0.9368421052631579
hl_pace_3,post_quali,2025,17,19,0.5025320090962103,0.39366240224076515,0.7701754385964912
hl_pace_3,post_quali,2025,18,20,0.36052183653543135,0.31477142074539693,0.8932330827067668
hl_pace_3,post_quali,2025,19,19,0.23469572230328023,0.19073919942039907,0.8421052631578947
hl_pace_3,post_quali,2025,20,19,0.3427092065163517,0.30605789421107915,0.8666666666666666
hl_pace_3,post_quali,2025,21,18,0.37086834599396046,0.27416354615212735,0.5190918472652218
hl_pace_3,post_quali,2025,22,18,0.32681474069230354,0.28539419065195687,0.8039215686274509
hl_pace_3,post_quali,2025,23,19,0.370924888491973,0.2964992235132464,0.8649122807017543
hl_pace_3,post_quali,2025,24,20,0.2950005099152746,0.23067628133369272,0.5428571428571428
hl_pace_3,post_quali,2026,3,22,0.23106980533639487,0.17967405930091987,0.9638622247317901
hl_pace_3,post_quali,2026,4,18,0.4736296295945508,0.3561355998409461,0.933952528379773
hl_pace_3,post_quali,2026,5,20,0.8750435117394573,0.6166668962639633,0.8902255639097743
hl_pace_3,post_quali,2026,6,21,0.7800202681750421,0.6069439874606877,0.8896103896103895
hl_pace_3,post_quali,2026,7,21,0.40882372488624574,0.3363856645568612,0.9493506493506494
hl_pace_3,post_quali,2026,8,20,0.44851948671158626,0.39626870770423545,0.9473684210526315
hl_pace_3,post_quali,2026,9,22,0.4059196343669829,0.33409653388771576,0.9864483342744214
hl_pace_3,post_quali,2026,10,20,0.36234229023615605,0.27888809188361496,0.9774436090225563
hl_pace_3,post_quali,2026,11,22,0.7787507546292465,0.49998057137429036,0.8802936194240545
hl_pace_3,post_quali,2026,13,21,0.466968599975063,0.3734994370195911,0.9688311688311689
hl_pace_3,post_quali,2026,14,21,0.4503838720790745,0.33703264249529896,0.9662337662337662
hl_pace_3,post_quali,2026,15,21,0.48382489316607397,0.4101462388792231,0.8870129870129868
hl_pace_3,pre_weekend,2025,3,20,0.28586549594362054,0.23782489995683492,0.8526315789473683
hl_pace_3,pre_weekend,2025,4,20,0.34428338853496787,0.2908830136887478,0.7864661654135338
hl_pace_3,pre_weekend,2025,5,18,0.3824027225391648,0.28919303795814755,0.7977296181630547
hl_pace_3,pre_weekend,2025,6,16,0.49903014351007785,0.4353564379734131,0.611764705882353
hl_pace_3,pre_weekend,2025,7,20,0.3294421816032555,0.2654714672002053,0.7804511278195487
hl_pace_3,pre_weekend,2025,8,19,1.0348170570740107,0.8841696494268674,0.6719298245614035
hl_pace_3,pre_weekend,2025,9,19,0.3766484001272816,0.2950820981195765,0.6807017543859648
hl_pace_3,pre_weekend,2025,10,20,0.4861165865240417,0.32386594545529773,0.7263157894736841
hl_pace_3,pre_weekend,2025,11,17,0.3904917449862203,0.3004862424571961,0.6470588235294119
hl_pace_3,pre_weekend,2025,14,20,0.5231186540300771,0.4304584363506965,0.4676691729323308
hl_pace_3,pre_weekend,2025,15,20,0.3963070781597302,0.3079762144792708,0.8601503759398496
hl_pace_3,pre_weekend,2025,16,19,0.22156336386906708,0.17294910404407396,0.8614035087719297
hl_pace_3,pre_weekend,2025,17,19,0.5657225454967068,0.4545978172041983,0.6649122807017543
hl_pace_3,pre_weekend,2025,18,20,0.39731442545365897,0.3433609585990102,0.837593984962406
hl_pace_3,pre_weekend,2025,19,19,0.2695158810762696,0.20384223840516363,0.8228070175438595
hl_pace_3,pre_weekend,2025,20,19,0.32675101737034085,0.2676492401429186,0.8245614035087718
hl_pace_3,pre_weekend,2025,21,18,0.4047005244919382,0.29640290745756553,0.41589267285861714
hl_pace_3,pre_weekend,2025,22,18,0.3346082882624787,0.2925581005271546,0.7997936016511867
hl_pace_3,pre_weekend,2025,23,19,0.4434922940748898,0.34075431501655934,0.7403508771929824
hl_pace_3,pre_weekend,2025,24,20,0.2952031100535553,0.22509416985055397,0.5804511278195488
hl_pace_3,pre_weekend,2026,3,22,0.4493499381677388,0.32228147354972897,0.935629587803501
hl_pace_3,pre_weekend,2026,4,18,0.5921202319542307,0.4510565951476516,0.8431372549019607
hl_pace_3,pre_weekend,2026,5,20,0.9505130498284604,0.7011548045510192,0.8736842105263156
hl_pace_3,pre_weekend,2026,6,21,0.7845411793050838,0.6169005095600346,0.8558441558441559
hl_pace_3,pre_weekend,2026,7,21,0.5905862419797527,0.48863440050235357,0.9584415584415583
hl_pace_3,pre_weekend,2026,8,20,0.4997274748116296,0.40894914450724135,0.9172932330827066
hl_pace_3,pre_weekend,2026,9,22,0.41675094696052806,0.3150749296012424,0.9830604178430267
hl_pace_3,pre_weekend,2026,10,20,0.46349144046558033,0.35207798414012764,0.9729323308270676
hl_pace_3,pre_weekend,2026,11,22,0.7937074508189267,0.5438250486820574,0.8554488989271599
hl_pace_3,pre_weekend,2026,13,21,0.4419448887725689,0.34630470721572804,0.9545454545454546
hl_pace_3,pre_weekend,2026,14,21,0.5272232545900091,0.3999007669760501,0.9402597402597404
hl_pace_3,pre_weekend,2026,15,21,0.5120261993331331,0.4364217974241575,0.8441558441558441
hl_pace_8,post_quali,2025,3,20,0.2313034554898338,0.18754410238888952,0.8781954887218045
hl_pace_8,post_quali,2025,4,20,0.3047488420666216,0.2519557883510358,0.8390977443609022
hl_pace_8,post_quali,2025,5,18,0.28485630317219346,0.21506331916054822,0.9236326109391124
hl_pace_8,post_quali,2025,6,16,0.4518726260042576,0.3822235872886347,0.7029411764705883
hl_pace_8,post_quali,2025,7,20,0.32847781819538335,0.26313381507290345,0.7834586466165413
hl_pace_8,post_quali,2025,8,19,0.8949066164254582,0.7576523011926843,0.7736842105263159
hl_pace_8,post_quali,2025,9,19,0.2980988901687644,0.2260741373423386,0.856140350877193
hl_pace_8,post_quali,2025,10,20,0.43716229100739457,0.31032432890341677,0.7593984962406014
hl_pace_8,post_quali,2025,11,17,0.4115190634676863,0.3371627612954441,0.607843137254902
hl_pace_8,post_quali,2025,14,20,0.42377612277643584,0.3701221303953376,0.6676691729323309
hl_pace_8,post_quali,2025,15,20,0.3614153058296173,0.26738287975072683,0.8601503759398496
hl_pace_8,post_quali,2025,16,19,0.22990105682998463,0.20052423418301976,0.9175438596491228
hl_pace_8,post_quali,2025,17,19,0.5193274424165257,0.40581536265352364,0.7684210526315789
hl_pace_8,post_quali,2025,18,20,0.3529659945106039,0.31156264624383645,0.8887218045112781
hl_pace_8,post_quali,2025,19,19,0.2286512949587565,0.18088114687562187,0.863157894736842
hl_pace_8,post_quali,2025,20,19,0.3451638085820849,0.3106693378824231,0.8596491228070176
hl_pace_8,post_quali,2025,21,18,0.3741598467931664,0.2757657811032525,0.5087719298245614
hl_pace_8,post_quali,2025,22,18,0.34620655896281705,0.30066010766753826,0.8183694530443757
hl_pace_8,post_quali,2025,23,19,0.3783024976824797,0.305828098934129,0.8543859649122807
hl_pace_8,post_quali,2025,24,20,0.28615349721819267,0.22356278642574723,0.5969924812030075
hl_pace_8,post_quali,2026,3,22,0.23855087217191648,0.17140529831983853,0.9548277809147376
hl_pace_8,post_quali,2026,4,18,0.45198920582689844,0.3442623940456094,0.9236326109391124
hl_pace_8,post_quali,2026,5,20,0.8792602418033726,0.6073997561153567,0.8766917293233082
hl_pace_8,post_quali,2026,6,21,0.7786501639845346,0.6079500387223905,0.8896103896103895
hl_pace_8,post_quali,2026,7,21,0.39472335347669585,0.3075087910952724,0.9519480519480519
hl_pace_8,post_quali,2026,8,20,0.4216064121474566,0.36964140997474454,0.956390977443609
hl_pace_8,post_quali,2026,9,22,0.4057518317863615,0.3392525010178021,0.9875776397515529
hl_pace_8,post_quali,2026,10,20,0.3651039845899321,0.28616066342561963,0.9759398496240601
hl_pace_8,post_quali,2026,11,22,0.7542525250431512,0.5018107938456249,0.8802936194240545
hl_pace_8,post_quali,2026,13,21,0.466631603196978,0.38349885615112905,0.9688311688311689
hl_pace_8,post_quali,2026,14,21,0.43938694997569355,0.3265672867238572,0.9662337662337662
hl_pace_8,post_quali,2026,15,21,0.47834531095066735,0.39893809972915345,0.8818181818181818
hl_pace_8,pre_weekend,2025,3,20,0.29380850536978564,0.2448911140649892,0.849624060150376
hl_pace_8,pre_weekend,2025,4,20,0.35626984146414276,0.30334414008033134,0.7654135338345864
hl_pace_8,pre_weekend,2025,5,18,0.37214677758146236,0.2776860290241127,0.8286893704850361
hl_pace_8,pre_weekend,2025,6,16,0.5011342518038249,0.4302610165111105,0.6176470588235293
hl_pace_8,pre_weekend,2025,7,20,0.3329049163821769,0.26763003374007455,0.7563909774436091
hl_pace_8,pre_weekend,2025,8,19,1.0235552258088303,0.8780097945278763,0.6719298245614035
hl_pace_8,pre_weekend,2025,9,19,0.3887018747980777,0.31100642443378973,0.687719298245614
hl_pace_8,pre_weekend,2025,10,20,0.4726281751136139,0.3182774961902223,0.6812030075187969
hl_pace_8,pre_weekend,2025,11,17,0.3744072623261152,0.2850639861067172,0.6029411764705883
hl_pace_8,pre_weekend,2025,14,20,0.5201457028008999,0.43570752619447983,0.48872180451127817
hl_pace_8,pre_weekend,2025,15,20,0.40197382701545453,0.3125856530418777,0.8721804511278194
hl_pace_8,pre_weekend,2025,16,19,0.2205652643417124,0.17731869681006943,0.8578947368421052
hl_pace_8,pre_weekend,2025,17,19,0.5635225524670279,0.44919351349793746,0.6929824561403508
hl_pace_8,pre_weekend,2025,18,20,0.3955038875729174,0.3423999243676834,0.8225563909774435
hl_pace_8,pre_weekend,2025,19,19,0.27365727954774255,0.21434656763467644,0.8578947368421052
hl_pace_8,pre_weekend,2025,20,19,0.3150930918174736,0.25214254203874625,0.8245614035087718
hl_pace_8,pre_weekend,2025,21,18,0.4169051171257705,0.29934132281449277,0.40350877192982454
hl_pace_8,pre_weekend,2025,22,18,0.35197581049866844,0.30757943214784156,0.8163054695562436
hl_pace_8,pre_weekend,2025,23,19,0.4492652343581109,0.3482991019141892,0.7964912280701755
hl_pace_8,pre_weekend,2025,24,20,0.2882123264072935,0.22277699007163387,0.613533834586466
hl_pace_8,pre_weekend,2026,3,22,0.4665469501208441,0.3440223662644746,0.9311123658949747
hl_pace_8,pre_weekend,2026,4,18,0.5856722014613266,0.45052405576423155,0.8493292053663571
hl_pace_8,pre_weekend,2026,5,20,0.954107334903325,0.6959086499802758,0.8571428571428572
hl_pace_8,pre_weekend,2026,6,21,0.7929300403704374,0.6265634162879269,0.8558441558441559
hl_pace_8,pre_weekend,2026,7,21,0.5874754490970855,0.4930110645748688,0.9545454545454546
hl_pace_8,pre_weekend,2026,8,20,0.4995463481706245,0.39956231026299954,0.9097744360902256
hl_pace_8,pre_weekend,2026,9,22,0.43567569581110377,0.32912194313391824,0.979672501411632
hl_pace_8,pre_weekend,2026,10,20,0.4548823999274234,0.35196880177147605,0.9639097744360902
hl_pace_8,pre_weekend,2026,11,22,0.7738364618028551,0.5498197231874618,0.8588368153585546
hl_pace_8,pre_weekend,2026,13,21,0.452628999852124,0.35264988702502476,0.9584415584415583
hl_pace_8,pre_weekend,2026,14,21,0.5201994574326791,0.3794215342735428,0.9467532467532468
hl_pace_8,pre_weekend,2026,15,21,0.4941620908079123,0.4253176764010293,0.8363636363636363
