step,rps,ll,pass_thr,lap1_thr_mult,pace_sd_mult,start_sd,lap_sd_mult,opp_window,extra_stop_p,grid_blend
start,0.10799667158522971,2.53669817593736,1.4,1.5,0.544,0.162,0.6,0.8,0.21,0.12
r0_pass_thr,0.1073123302285493,2.5175107453320327,2.2399999999999998,1.5,0.544,0.162,0.6,0.8,0.21,0.12
r0_lap1_thr_mult,0.1073123302285493,2.5175107453320327,2.2399999999999998,1.5,0.544,0.162,0.6,0.8,0.21,0.12
r0_pace_sd_mult,0.1073123302285493,2.5175107453320327,2.2399999999999998,1.5,0.544,0.162,0.6,0.8,0.21,0.12
r0_start_sd,0.1073123302285493,2.5175107453320327,2.2399999999999998,1.5,0.544,0.162,0.6,0.8,0.21,0.12
r0_lap_sd_mult,0.1073123302285493,2.5175107453320327,2.2399999999999998,1.5,0.544,0.162,0.6,0.8,0.21,0.12
r0_opp_window,0.1073123302285493,2.5175107453320327,2.2399999999999998,1.5,0.544,0.162,0.6,0.8,0.21,0.12
r0_extra_stop_p,0.1073123302285493,2.5175107453320327,2.2399999999999998,1.5,0.544,0.162,0.6,0.8,0.21,0.12
r0_grid_blend,0.10725209984551393,2.515555129927315,2.2399999999999998,1.5,0.544,0.162,0.6,0.8,0.21,0.192
r1_pass_thr,0.10725209984551393,2.515555129927315,2.2399999999999998,1.5,0.544,0.162,0.6,0.8,0.21,0.192
r1_lap1_thr_mult,0.10725209984551393,2.515555129927315,2.2399999999999998,1.5,0.544,0.162,0.6,0.8,0.21,0.192
r1_pace_sd_mult,0.10722685301277364,2.516491698405392,2.2399999999999998,1.5,0.46240000000000003,0.162,0.6,0.8,0.21,0.192
r1_start_sd,0.10722685301277364,2.516491698405392,2.2399999999999998,1.5,0.46240000000000003,0.162,0.6,0.8,0.21,0.192
r1_lap_sd_mult,0.10722685301277364,2.516491698405392,2.2399999999999998,1.5,0.46240000000000003,0.162,0.6,0.8,0.21,0.192
r1_opp_window,0.10722685301277364,2.516491698405392,2.2399999999999998,1.5,0.46240000000000003,0.162,0.6,0.8,0.21,0.192
r1_extra_stop_p,0.10722685301277364,2.516491698405392,2.2399999999999998,1.5,0.46240000000000003,0.162,0.6,0.8,0.21,0.192
r1_grid_blend,0.10722685301277364,2.516491698405392,2.2399999999999998,1.5,0.46240000000000003,0.162,0.6,0.8,0.21,0.192
